OFF
4052 8100 0
0.3739406 -0.5762748 0.2630161
0.3689487 -0.6262146 0.3065455
0.3294191 -0.626012 0.3174359
0.291319 -0.6231961 0.3262463
0.2326006 -0.6253293 0.3543736
0.2264568 -0.5758481 0.3091054
0.2122491 -0.6228228 0.3479417
0.1817007 -0.6263533 0.3637599
0.1422565 -0.6264173 0.3742556
0.103239 -0.6256815 0.3840366
0.124817 -0.5773626 0.3277609
0.01604149 -0.6271746 0.3667358
0.02449992 -0.5826213 0.3116014
-0.02120544 -0.628956 0.3416166
-0.0516259 -0.630972 0.2993564
-0.06420153 -0.6269506 0.2744398
-0.02313604 -0.5899277 0.2511019
-0.002581974 -0.5857679 0.289682
0.06007223 -0.6255853 0.3747356
0.1474298 -0.5754854 0.3307582
0.1642719 -0.577544 0.3169346
0.1869379 -0.5756668 0.3199424
0.2544453 -0.577416 0.2970952
0.3059745 -0.5753575 0.2866741
0.345504 -0.5755707 0.2757731
0.4031557 -0.5958263 0.2672186
0.2513414 -0.6238787 0.337798
0.0586216 -0.5794959 0.3159852
-0.210992 -0.6142684 0.00433553
-0.2533374 -0.639473 0.03750791
-0.2277595 -0.6252868 0.01083134
-0.2668625 -0.6454461 0.0970902
-0.2567507 -0.6407316 0.1328971
-0.2479082 -0.6385663 0.1705814
-0.1602308 -0.6364223 0.1871036
-0.1267065 -0.6344705 0.1924048
-0.0775025 -0.6224281 0.1349024
-0.0862489 -0.6110258 0.04606234
-0.07355594 -0.6144604 0.07097895
-0.1109948 -0.6098312 0.0207084
-0.1501511 -0.6152603 -0.001616301
-0.1950672 -0.6181189 -0.008197445
0.4079342 -0.6129884 -0.04608436
0.3914334 -0.6098204 -0.03249542
0.3598077 -0.6346731 0.003396889
0.3736952 -0.6225454 -0.02452765
0.3622929 -0.636817 0.02524161
0.3870175 -0.6313772 0.0834906
0.3938013 -0.6256493 0.09905282
0.419422 -0.6250628 0.1230948
0.4489997 -0.6305878 0.1341344
0.5095953 -0.6119644 0.1102631
0.4939158 -0.6277508 0.1407157
0.545221 -0.6128391 0.02113505
0.5075048 -0.6095005 -0.02918885
0.4447758 -0.6186949 -0.05330548
0.3652475 -0.6380863 0.04637166
0.5447196 -0.60709 0.05473408
0.4708018 -0.6107484 -0.05531076
-0.1391968 -0.6346198 -0.1562786
-0.09867524 -0.5864399 -0.1723314
-0.08511827 -0.5880184 -0.1485135
-0.05654308 -0.5886264 -0.1031814
-0.03181845 -0.5897998 -0.07776345
0.01093228 -0.5913037 -0.009712069
0.02384926 -0.594717 0.07313356
-0.01052843 -0.6315799 0.08004536
-0.02331738 -0.6347265 0.02244701
-0.06843609 -0.6375743 -0.04196715
-0.09412072 -0.6381397 -0.06599846
-0.1328503 -0.6361877 -0.1144344
-0.6253375 0.1808448 0.0905837
-0.03006921 -0.452097 -0.2369376
-0.05397253 0.130169 -0.313746
0.1307795 0.3706847 -0.02542362
-0.4288951 0.8210614 -0.432068
-0.4102503 0.8158452 -0.4556512
-0.5246257 0.6642337 0.1066686
-0.6802053 0.2543148 0.01557786
-0.6326652 0.07997306 0.1334518
-0.07430255 -0.06720136 -0.3514303
-0.4465799 0.6623245 -0.03679396
-0.5731683 -0.1987283 -0.01407461
-0.6358652 -0.06431076 -0.003952234
-0.3395109 -0.5336947 0.3656905
0.9466814 -0.2590465 0.04588101
-0.6071406 -0.1522762 0.03904386
0.007753747 0.3012359 0.1647042
0.01131632 0.2960416 0.1817704
-0.5753336 -0.1835608 0.0391932
-0.1478685 0.8024164 -0.06932636
-0.01715223 0.2834126 0.2037645
-0.4645207 0.5719163 -0.3382359
-0.6005702 0.1645573 -0.03717795
-0.4362655 0.6626338 -0.06423851
-0.6015622 -0.137674 0.1240334
-0.2748302 0.6289707 0.1800958
-0.2862646 0.6385171 0.1912421
-0.3117465 0.6403732 0.2288625
-0.6056153 0.5306696 -0.01767984
-0.6044848 -0.1525429 0.01772182
0.1404752 0.9949763 -0.3436545
-0.2659557 -0.3995759 0.02956147
-0.3207168 -0.4975784 0.232809
-0.3816538 0.828613 -0.5837863
-0.4850962 0.8751823 -0.5446941
-0.6602805 0.211084 0.02659623
-0.4534384 0.8124107 -0.3797281
0.1940737 0.3904495 0.04397172
-0.4886054 0.7819797 -0.3315268
-0.4057491 0.6232213 -0.5732372
-0.6502327 -0.02039737 0.05968328
-0.6637791 0.4877907 0.09965013
-0.6442595 0.6181976 0.05663269
0.9320046 -0.2586626 0.1146363
0.01008966 0.1013698 -0.3434839
0.02069203 0.1166227 -0.3408172
-0.6180523 0.1515443 0.05873397
-0.647193 0.5315762 0.04620099
0.2250595 0.3895001 0.1324065
-0.6011569 0.1368141 0.1442782
-0.4763817 0.9239382 -0.6328623
-0.6618805 0.4436959 0.08915443
-0.0008326909 0.9310207 -0.1991787
-0.1594628 0.8022884 -0.07345425
-0.2083148 -0.6357396 -0.2476359
0.1132547 0.9865392 -0.2799977
-0.3951254 0.6493435 -0.1268713
0.112988 0.316521 0.2176521
-0.6571658 0.604662 0.0564087
-0.1212666 0.8521643 -0.1361405
-0.3496334 0.6590818 0.183797
-0.5001783 0.8248264 -0.4433743
0.0777144 0.361021 0.03261205
-0.3661236 0.6335466 -0.1937281
0.2144572 0.3759751 0.1752213
-0.5653285 -0.2136291 -0.003354917
-0.4658327 0.7955152 -0.3381293
-0.4942585 0.9100613 -0.6089695
-0.1673026 0.7649348 -0.04284178
-0.3019867 0.6652578 0.03046811
0.2189584 0.3904175 -0.02375967
-0.08735816 0.299508 0.209695
0.2615598 0.4010731 0.05326213
-0.2154079 0.5628285 0.008271416
-0.4305804 0.6259416 -0.5926286
-0.678104 0.2264969 0.1009514
-0.4570223 0.5541034 -0.3065889
-0.4515824 0.9310847 -0.6550056
0.2655063 0.3875375 -0.08322463
-0.4465799 -0.6097138 -0.1067546
0.03371565 0.3328086 0.1112551
-0.6750001 0.2554988 0.2396248
0.3302405 0.4070892 0.01740182
0.163504 0.3220142 0.2462806
0.1975083 0.3499493 0.2159668
-0.4289378 0.662399 -0.01491725
-0.4584409 0.6708789 0.114135
0.1828314 0.7532551 -0.2821096
0.1922604 0.7630149 -0.2996664
0.4727218 0.2780261 0.277629
-0.1951632 0.4324216 0.01656983
-0.1112295 -0.4835841 -0.2329803
-0.4880081 0.6659189 0.1505074
0.4506744 0.3804018 0.1376224
0.5018729 0.3571278 -0.0713103
-0.6473848 0.008359138 0.05956595
-0.6976022 0.3415228 0.08969842
-0.4167141 0.2455897 -0.1883203
-0.6441742 0.4724844 0.03591862
-0.6840771 0.3702902 0.03630261
0.7534711 0.09950325 -0.06046261
-0.6130712 0.615563 0.1968527
-0.1720384 0.5667964 -0.1012828
0.3194674 0.3942468 -0.07827544
0.2133051 0.812112 -0.3370308
0.3082038 0.4016918 -0.03660197
-0.2342553 -0.3430547 0.255155
-0.07964645 0.8524629 -0.1059973
0.461298 0.3818417 0.1110844
-0.4127783 0.5854413 0.3309502
-0.3878296 0.8110775 -0.5239693
0.3091744 0.4027478 0.1012287
0.2562373 0.3979267 0.0972502
0.06779467 0.9570574 -0.2171728
0.06667471 0.9730781 -0.2255779
0.002409883 0.3394857 -0.04146583
0.2104466 0.8123575 -0.3583848
0.3745592 0.3414268 0.2482325
0.4168514 0.3755272 0.1864743
-0.4582275 -0.6297559 -0.08964577
0.6300611 0.2171318 0.2346863
-0.4899387 0.6568525 -0.0678544
-0.3769392 0.8003257 -0.5356276
0.2781354 0.3941721 0.1361505
0.7600415 0.06978673 -0.08162467
0.7501644 0.1147028 0.003343557
0.1047856 0.3667596 0.07351755
-0.3994454 0.7196348 -0.7073561
0.174149 0.3487014 0.2075511
-0.05251123 -0.6179589 0.2503659
-0.06062831 -0.6261826 0.2368835
-0.6096899 -0.1380686 -0.01431993
0.2430217 0.3615224 0.2162761
-0.3102958 0.6311252 0.2449366
-0.39856 0.6495141 -0.08139002
-0.3682995 0.7090324 -0.2927333
0.03683024 0.348552 0.01786047
-0.1922406 0.4198247 0.1218255
-0.611919 -0.1095895 -0.02529562
-0.2846326 -0.4129835 -0.001914959
-0.3873709 0.6818332 -0.2017172
0.2169211 0.3223981 0.2661628
-0.01096574 0.04003827 -0.345809
-0.4456306 0.6787292 -0.1144131
-0.0181122 -0.626012 0.1310838
-0.6342545 0.09391394 0.00591415
-0.2719183 0.642037 0.08806647
0.7922219 -0.1230931 -0.07076631
-0.06935335 0.6417382 -0.1778566
-0.6514381 0.4580424 0.04668098
-0.6432462 0.4280164 -0.04925227
0.4457892 0.04336617 -0.3429078
0.4354428 0.03452371 -0.3548649
-0.5863413 -0.1125441 0.2074444
-0.3278953 0.6415676 0.2385368
0.1856366 0.3766792 0.1493021
0.7943658 -0.219197 0.1263373
-0.652782 0.4281443 -0.02795154
-0.5515902 0.3310592 0.4602478
-0.56215 0.3464934 0.4624557
-0.5693818 0.3740873 0.4613784
-0.3611744 0.6419517 -0.4420943
-0.5614353 0.4215419 0.4507974
0.2983694 0.386279 0.174336
-0.6104259 0.5158646 -0.01757318
-0.667107 0.2117666 0.0585633
-0.675992 0.2258781 0.04780096
-0.617391 0.1659545 0.04798228
0.6840118 -0.1005765 -0.2840936
-0.01395231 0.3450642 0.046329
-0.4272845 0.7000728 -0.1701021
-0.3081518 0.6603405 0.07476551
-0.07286265 -0.3815497 -0.2118503
0.2133691 -0.08533418 -0.4990634
-0.6400892 0.07977045 0.01663384
-0.5408492 0.3158489 0.4523653
-0.550961 0.3919748 0.4675756
-0.4468359 -0.5750268 -0.08752318
0.5119099 0.02661994 -0.3401453
-0.3574412 -0.6177669 -0.1869443
-0.4526384 0.8751823 -0.5632749
-0.2507348 0.4456479 0.2215666
-0.4676033 0.9325994 -0.6775756
-0.6485583 0.03714766 0.03809455
-0.5512489 0.6000648 0.2920927
-0.6500089 0.2244702 -0.02699157
0.1458618 0.3506425 0.1819517
-0.2205384 0.7175869 -0.01460792
-0.2938376 0.6709855 0.01773247
-0.2503295 0.6448421 0.03407334
-0.3648223 0.8093069 -0.602143
-0.6432356 -0.04921785 0.05981128
-0.6121858 0.1510537 0.01610052
0.1107161 -0.5871226 -0.1097625
-0.2907444 0.6274028 0.2208947
-0.2605052 -0.5190924 0.12622
-0.2699662 -0.473163 0.2998791
-0.5299802 0.3620556 0.4739434
-0.5297136 0.4366775 0.4545093
-0.5295641 0.4811136 0.4272247
-0.5297136 0.5261471 0.3919725
0.01566815 -0.2130851 0.3641119
-0.5396119 0.5753722 0.3350888
-0.6726534 0.51707 0.09944747
-0.618191 -0.1226238 0.06017393
-0.04060757 -0.4568649 -0.2172795
-0.3877442 0.7934141 -0.4474062
-0.5445185 -0.2438576 0.02881483
-0.5437079 0.6299948 0.2428354
-0.4260899 0.7985126 -0.3699471
-0.005931212 -0.5461316 0.4556932
0.4040623 0.3163075 0.2722746
-0.2657957 -0.209576 -0.2787497
-0.255236 -0.1934804 -0.2893627
-0.3095278 -0.03958617 -0.3223431
-0.04162085 0.3407335 0.1149777
-0.5195059 0.3314005 0.4641517
-0.5192499 0.3771805 0.4744554
-0.5192391 0.4072064 0.4680555
-0.5179272 0.6768201 -0.2320097
-0.5100127 0.6570446 -0.01261332
-0.6980927 0.3564878 0.1323425
-0.6954795 0.2695464 0.0901464
-0.6493796 0.4885055 0.2595815
-0.6602805 0.4583195 0.08913311
-0.5679098 -0.1986537 0.04992355
-0.1002218 0.603414 -0.1223381
-0.3888109 0.7504179 -0.7254782
-0.6356626 -0.007117769 -0.01499191
-0.4946213 0.914424 -0.6597947
-0.2400365 0.5265949 -0.08614721
-0.6159084 -0.1372047 0.04964623
-0.4175248 0.4170727 -0.1852057
-0.4705793 -0.03576764 0.3449765
0.1738716 -0.3687395 0.4757887
-0.5086902 0.3467601 0.4695168
-0.5086049 0.4370295 0.4551066
-0.5085943 0.4814869 0.42891
-0.5083489 0.5703164 0.3550775
-0.5649765 0.2109133 -0.1097519
-0.04012756 -0.6335744 0.152598
-0.3409829 0.8295944 -0.7441444
-0.2342766 -0.4767256 0.1151483
-0.09258473 0.2904417 0.2193801
-0.6652618 0.2253023 0.005199505
0.265197 0.4008279 0.008666071
-0.639801 -0.0357783 -0.01472525
-0.07468657 -0.0518631 -0.3522729
-0.4813416 0.4321871 -0.1748167
-0.4980238 0.2565334 0.464813
-0.4022825 0.6622392 -0.6525843
-0.4981411 0.2866978 0.4715436
0.07907969 0.7204988 -0.2437
-0.3109571 -0.5619498 0.3986389
-0.4979705 0.4071318 0.4655383
-0.4871441 0.5850573 0.3414566
0.2123878 0.2233396 -0.2781631
0.00238855 -0.4694619 -0.3451478
-0.001003353 -0.4549876 -0.3334894
0.1705011 -0.0702306 -0.5051539
-0.4008319 0.4995556 -0.1787099
-0.07865446 0.6135044 -0.1008241
-0.05526311 0.6300374 -0.1004935
-0.6623818 0.3990358 -0.01713586
0.407113 0.3982466 -0.03046881
0.6757346 -0.5989195 0.1128657
-0.2598225 0.7094698 -0.01613322
-0.3851417 0.2167905 -0.221738
-0.1464819 -0.6280707 0.3327635
-0.08324099 -0.4577822 -0.2091091
-0.394656 -0.07274793 -0.2935546
-0.4872187 0.3619809 0.4687063
-0.4764884 0.362013 0.4665622
-0.4872934 0.5258056 0.3979669
-0.4765738 0.570807 0.358096
-0.618191 0.107567 -0.02623426
0.7875287 -0.1980456 -0.08156067
0.005801786 -0.5952929 0.1469021
0.002345885 -0.5948663 0.1265613
0.7085764 0.07837307 -0.1876483
0.5223843 -0.6240494 -0.1325778
0.2464776 0.3837723 0.1710294
-0.6765254 0.3713568 0.2177161
0.3050572 0.3495868 0.2389635
-0.5933277 0.5746682 -0.03941788
0.2718636 0.376242 0.1956794
-0.08334766 -0.4276283 -0.2064105
-0.4767124 0.2868471 0.4769194
-0.4765098 0.3168623 0.4767167
0.3874122 -0.3989145 0.4691328
0.3554132 -0.2625771 0.5000014
-0.4241272 0.5790415 -0.4266175
0.6740386 0.1973777 0.1902928
-0.5281777 0.8777103 -0.5868902
-0.3496867 0.6925741 -0.3886238
-0.6272255 0.5310322 0.01356193
0.3983238 -0.3075998 0.4941242
-0.03505037 0.2803833 0.2132149
-0.4430067 0.8441859 -0.4983701
0.9378284 -0.2449137 0.06718173
-0.6410384 -0.06382015 0.03854254
-0.3659849 0.7501407 -0.7293074
0.4144195 0.3927855 -0.05800935
-0.3620916 0.5924384 -0.2818857
-0.01370697 0.7174056 -0.2448733
-0.5014905 -0.2771047 -0.03521533
-0.466014 0.09797788 0.3115374
0.0180681 0.7813824 -0.2797417
-0.4609475 0.5104354 -0.1777926
-0.08843549 0.74885 -0.2418014
-0.2546707 -0.291035 -0.2142823
-0.1293198 0.7982991 -0.210005
0.323382 -0.4277031 0.476354
-0.2174665 0.5293468 -0.03679396
-0.2212531 0.513902 -0.02610626
-0.44162 0.570487 -0.3787362
-0.4656194 0.4476639 0.4362805
0.744202 0.1140095 -0.07106498
-0.6403449 0.09452197 0.06967767
-0.3526733 0.7586203 -0.6980976
0.2051987 0.910008 -0.4009008
0.2001855 0.9035976 -0.4099993
0.9125811 -0.3510759 -0.08211532
-0.6335505 0.5166432 0.02508161
0.3815457 0.05033129 -0.3503103
0.7584628 -0.2831738 0.2004258
0.3654928 0.04455008 0.4466162
-0.3159277 -0.4830508 -0.02249037
-0.212336 0.4324536 0.1613337
-0.04066088 0.9030109 -0.1682889
0.3708687 0.4033132 -0.02846354
-0.3995093 0.571511 -0.3702991
-0.6818159 0.311817 0.004506181
-0.466206 0.1427552 0.3045402
0.0648401 0.678324 -0.1638837
0.0175028 0.8445165 -0.2926053
-0.455241 0.2718821 0.4750741
0.3873588 -0.3684407 0.4765781
0.3554985 -0.3211674 0.5079691
0.3445868 0.2497603 0.3270356
0.312865 -0.1866219 0.525206
-0.4555824 0.496313 0.4093266
0.8240397 -0.4778989 -0.1227755
-0.455625 0.5404186 0.3815514
-0.2190238 0.5139659 0.005839486
0.7938858 -0.03295166 -0.03910856
0.8714516 -0.428663 -0.1127704
0.05108049 0.6909423 -0.2092691
-0.03411173 -0.3916401 -0.2265379
0.7183467 -0.4053356 0.2402008
-0.1045523 0.8668732 -0.1606944
0.1698611 0.3850736 0.06594443
0.3200114 0.3841031 0.1822184
-0.4320737 0.5197579 -0.2042452
-0.363489 0.5693243 -0.2393801
-0.4461959 -0.06492945 0.3518669
0.1772422 0.8291675 -0.3691258
-0.2628091 -0.3302979 0.2307397
-0.254948 -0.3451881 0.2156788
-0.4446599 0.1578055 0.3032283
0.4085743 0.04447541 0.4288034
0.2487921 -0.4758723 0.4417203
-0.452521 0.2278514 0.4538586
0.418014 -0.5056314 0.399983
0.1875779 0.8533376 -0.3915891
0.3874122 0.130617 0.3543949
0.3979398 0.1599601 0.3392805
0.8650304 -0.4000879 -0.12909
0.85686 -0.2881123 0.1979406
-0.2082721 0.4651247 0.01650584
0.8807313 -0.2648064 0.1742613
0.7068271 0.1725784 -0.07116098
0.7994004 -0.1372794 -0.0390019
-0.3264446 -0.5725202 0.114935
-0.3748273 0.6911556 -0.6020364
0.04741126 0.3119771 0.1786452
0.3327152 0.406769 0.07927738
-0.02173875 0.05498182 -0.3394413
0.3711033 0.4028544 0.1085352
-0.4338976 -0.03514896 0.3560054
-0.4445319 0.01006576 0.3544589
-0.1620227 -0.3256367 0.3337234
-0.4383241 0.5989235 -0.5313504
-0.3583478 0.7972006 -0.7471309
-0.3450575 0.7984805 -0.7416912
-0.4338016 0.2867939 0.4726315
0.741066 -0.3165382 0.2229213
0.2487388 -0.02467456 0.5105398
0.03463296 -0.6169349 0.4724182
0.4299923 -0.01248289 0.4680875
0.3663568 -0.3530492 0.4966308
0.3447254 -0.475115 0.4536666
0.3447254 -0.5262176 0.394895
-0.4661526 0.5448985 -0.2640088
0.8039442 -0.1816941 0.03556663
-0.05562577 -0.6353983 0.1318092
0.7562336 -0.5603925 -0.07008366
-0.373526 0.6746333 -0.5488219
0.7971071 -0.07767577 -0.0178185
0.4087449 0.1450912 0.3460964
0.7178987 -0.4805015 0.2468992
-0.6533048 0.4152275 0.2599868
-0.6560887 0.4439838 0.1425929
0.3579624 0.4073344 0.01240997
-0.6479076 0.4884201 0.2382701
-0.4232419 0.0252653 0.3558881
-0.4234553 0.1581681 0.3060016
0.4514423 0.2338673 0.302215
0.2155665 0.8441859 -0.3804854
-0.2668303 0.4768471 -0.1105945
0.2594265 -0.510058 0.4075454
0.30206 -0.05456175 0.5091531
0.3553598 0.2933429 0.2880287
-0.2048696 0.545101 -0.0362393
-0.7026368 0.3271661 0.1217935
-0.3631903 0.725032 -0.6552829
-0.7010366 0.2983989 0.1219535
-0.604634 -0.1088216 0.1346784
0.7393274 -0.4646193 0.2519977
-0.6445796 -0.04950586 0.01726316
0.06405079 0.3249153 0.153206
0.08545819 0.3463868 0.1291959
-0.06575885 0.8906485 -0.1924055
0.3416535 0.3968493 0.1437236
0.4057584 0.4025239 0.01463923
-0.3520547 0.8212212 -0.7528055
-0.4125756 -0.004600439 0.3600267
-0.3987946 0.650602 -0.6335769
0.9018294 -0.4409721 -0.06027062
0.3126943 -0.291579 0.5072864
0.312801 -0.2620757 0.5068172
0.9525267 -0.3326018 -0.007397468
0.280706 -0.127829 0.5188916
0.291543 -0.3508413 0.5014201
0.2595118 0.2644798 0.3214891
-0.1921659 0.5481091 -0.05034024
0.4404347 0.04441144 0.4235982
0.3879668 0.0875888 0.4019988
-0.1715265 0.5613033 -0.06631844
0.3660901 -0.4433826 0.4716822
0.3553385 -0.4429987 0.4738261
0.3553811 -0.556382 0.3948311
0.7711772 -0.2143651 -0.1241621
0.7930006 -0.2743847 0.1767892
-0.3686195 0.7178535 -0.7024283
0.3128116 -0.4599048 0.4649409
0.291383 0.1911806 0.3579894
0.9343619 -0.4228605 0.03549196
-0.2566546 -0.4737497 0.2753358
-0.2847926 -0.4822508 0.3186945
-0.4618968 0.6003742 -0.5241506
-0.4020371 -0.03362365 0.3752262
-0.4021012 0.05524846 0.3512163
-0.4019198 0.1584988 0.3113987
-0.3950507 0.5411866 -0.2531184
0.3343364 -0.1879659 0.5073292
0.312705 -0.3821257 0.4878843
0.3338777 0.1910953 0.3564961
0.2806526 -0.09813388 0.5193608
0.2698582 -0.5249588 0.4060841
0.4243711 -0.442412 0.4476082
0.4195606 -0.4283004 0.4592771
0.3770872 0.07331725 0.4063506
0.312929 -0.1427619 0.5175369
-0.396032 0.5683535 0.3308541
0.788446 -0.1680519 -0.09215237
-0.2371352 0.4948411 -0.07602483
0.7816835 -0.1537482 -0.1134211
0.9283887 -0.3643022 -0.06022795
0.7331302 0.06858138 0.1952741
0.03827018 0.3483707 0.04966756
0.002111225 0.3271767 0.115223
-0.3530253 -0.5085754 0.3076442
-0.3912855 -0.1088109 0.3735623
0.0355076 0.02643856 0.3731569
-0.3911895 0.09988717 0.3436645
0.3447575 -0.2476976 0.501676
0.2375285 -0.5386438 0.4226596
0.55449 -0.02070668 0.4146278
0.3342938 -0.1580788 0.5110731
0.4723911 0.08822878 0.4048468
0.2807486 -0.3678329 0.4829885
0.2700396 -0.3830644 0.4793192
0.3767458 0.05867234 0.418713
0.3767565 -0.1878486 0.5081185
0.3767671 -0.2175545 0.5080544
0.3766925 -0.02616792 0.4873191
-0.2224797 0.5138273 0.03776389
0.7790062 -0.0791264 -0.1242154
0.7341116 0.1444085 -0.01746652
0.7833369 0.0263213 -0.02855952
-0.02838391 0.3074438 0.1674135
-0.02434135 0.6469434 -0.1662196
-0.3805338 -0.06305217 0.3842073
-0.3804911 0.04048622 0.3583734
-0.3804591 0.08535961 0.3528909
0.09650851 -0.5955596 -0.283475
0.5366026 -0.03047713 0.420121
0.3642129 -0.5817893 -0.1829231
0.5650604 -0.5512303 -0.1667103
0.7737905 0.05566447 -0.02852753
-0.07305464 0.6679455 -0.2055999
0.3978545 -0.4445026 0.4569305
0.4241685 -0.3969306 0.4664556
0.3764472 -0.5070608 0.4218809
0.3766391 -0.5416304 0.3902552
0.2700716 -0.3366123 0.4995747
0.2594052 -0.3213488 0.5046307
0.4086062 0.002012705 0.4627863
-0.2991175 -0.3973039 -0.03423403
-0.3111491 -0.382051 -0.02369567
-0.5928265 -0.1244371 0.1457288
0.173637 0.3726259 -0.07318758
0.3842016 -0.05836962 -0.4455396
-0.5021623 0.3069852 -0.1733767
0.37217 -0.6257135 0.1527366
-0.3699101 -0.1704731 0.3503097
-0.5574568 0.2567573 0.4247822
-0.3698674 -0.1235944 0.3730397
-0.3697928 -0.03282373 0.3866712
0.2913616 0.03279579 0.47821
0.7999764 -0.1671132 -0.02836753
0.5364426 0.02856119 0.4065427
0.6647695 -0.5131618 0.2264198
0.3234033 -0.09827252 0.5193927
-0.3943254 0.5571434 -0.3065889
0.2592132 -0.1712838 0.5295472
0.3980252 -0.476555 0.439587
-0.07401461 -0.1618547 -0.3027383
-0.02478934 0.7809343 -0.2681367
-0.01470961 0.3458321 0.01462856
-0.3590838 0.01164437 0.3785861
0.6755958 -0.4659099 0.2415447
0.3447787 -0.3061919 0.5092918
0.3126623 0.1016364 0.3754715
-0.1779476 0.2894604 0.1990179
0.2919909 -0.5933517 0.1073086
0.2171451 0.07178135 0.4133692
-0.6592137 0.4879188 0.1315638
-0.6610378 0.3861296 0.324081
-0.6597471 0.4875347 0.07818941
0.02474524 0.2756582 0.2301637
0.5789053 -0.5878371 -0.126786
-0.5132447 0.3539598 -0.175286
-0.5134473 0.3695861 -0.174294
0.5019796 -0.6231002 -0.1980693
-0.3703581 -0.3415722 -0.1148504
-0.3485241 -0.04744726 0.3904578
-0.348588 0.05585643 0.3614453
-0.3485668 0.07081071 0.3599627
-0.3485774 0.1150227 0.3437818
0.4315709 -0.03696221 0.4799273
0.3656955 0.03129179 0.4610371
0.8677399 -0.302736 0.2036151
0.3556798 0.1010924 0.3752049
0.2487388 -0.3516732 0.4986574
0.3874975 -0.05505235 0.4993613
0.2592452 -0.4277031 0.4796073
0.8570414 -0.3316311 0.2198387
0.4513997 0.2636051 0.2913033
0.291447 -0.1714118 0.5297605
0.06501076 0.7379275 -0.2582489
0.1429605 -0.6308227 -0.301533
-0.4632514 0.8614014 -0.5210468
-0.5123808 0.1362062 -0.1824964
-0.1287118 0.1598641 -0.3025997
-0.3378897 -0.1393166 0.3651785
-0.3379216 -0.01760282 0.3884739
-0.34846 0.2030203 0.2956232
0.2913616 -0.4423267 0.4833618
0.3765538 0.2493868 0.3189398
0.3553065 0.1307449 0.3555788
0.361525 0.08609557 -0.3246577
0.280674 -0.3061706 0.5104865
0.5259575 -0.07444385 0.4334006
-0.4161275 0.4878548 -0.1783686
0.2689835 0.08114639 0.3755142
0.3234673 -0.4911893 0.4378804
-0.4036691 -0.2802406 -0.1634997
-0.3273193 -0.06261487 0.3858179
-0.327266 -0.032653 0.3875778
-0.3272446 0.1589361 0.3181931
-0.05961502 0.6242881 -0.1208982
0.3020493 -0.4265724 0.4894417
0.1869699 0.9486842 -0.3983516
0.1780422 0.956396 -0.3960689
0.3875508 -0.5270388 0.3903618
-0.3937494 0.6056114 -0.465379
0.3444694 0.01773482 0.479106
0.3020493 -0.475659 0.4485681
0.2701356 0.3081479 0.289042
0.7450979 0.06874139 -0.1241088
-0.489256 0.6021235 -0.4080046
-0.4872934 0.6163737 -0.4130712
0.750271 -0.3321325 0.2153055
0.7398713 -0.3610916 0.2271558
0.7606708 -0.4341349 0.2535017
0.2150972 0.8281863 -0.3586194
0.2057533 0.8140001 -0.3674405
0.006527098 0.3382483 0.08529323
-0.4017598 -0.5732668 -0.1571639
-0.5122315 0.09074611 -0.2025919
-0.3165889 -0.184574 0.361136
-0.316557 -0.0936753 0.3746076
-0.3164503 -0.04832193 0.3821487
-0.3165783 0.01194303 0.3837593
-0.3165889 0.08596751 0.3602933
0.2487281 -0.276966 0.5050253
0.3554985 -0.1586975 0.5021986
0.3660368 0.1455925 0.3492002
0.3126197 0.2789541 0.3119321
0.3020066 -0.3209968 0.5107424
0.2488562 -0.443244 0.4698368
0.3343151 -0.232818 0.504908
0.766804 -0.5688616 -0.01554657
0.3018466 -0.5853199 0.4051453
0.01452687 -0.4796589 0.4171877
-0.314509 -0.5200844 0.3705117
-0.4243939 0.6809905 -0.1381031
-0.5670991 0.4149927 -0.1306579
-0.3058906 -0.2157091 0.3446244
-0.3058479 -0.09348328 0.3771675
0.02429725 0.6605218 -0.1483748
0.7306343 0.09834056 -0.1237888
-0.4395828 0.6416849 -0.6168093
-0.1368502 -0.3964292 -0.2165435
0.1156013 0.7036673 -0.2052479
-0.5565075 0.4463518 -0.1291859
-0.2952562 -0.1843928 0.3623519
-0.2952669 -0.1381753 0.3802714
-0.2953095 0.0119644 0.3827247
-0.2952669 0.0411262 0.3659251
-0.295235 0.2027535 0.2885621
-0.2846006 0.2181132 0.2832609
0.2913509 -0.01039236 0.5013561
0.7129922 0.1272037 -0.1135491
0.9555985 -0.302736 0.07801877
0.291383 -0.4116929 0.490711
0.4086595 0.2935776 0.2881994
-0.05151924 -0.3968879 -0.2091731
-0.4908879 0.04647003 -0.2364469
0.7610121 -0.3320258 0.2123296
-0.2844193 -0.5277748 0.3859459
-0.2211357 0.5765988 -0.1231275
-0.2843766 -0.1225491 0.3860099
-0.2846539 -0.01762412 0.3882819
-0.2845579 0.07130132 0.3650185
-0.2845792 0.08597817 0.3602933
-0.2924936 0.2341873 0.2906527
0.4301737 0.1026177 0.4008681
0.4620233 0.1598748 0.3407633
0.3340591 -0.382819 0.4818259
0.5045715 0.01409761 0.4124305
-0.3886829 -0.5071248 -0.03378604
0.7124162 -0.5982688 0.02189236
-0.3747953 0.5432987 -0.2261752
-0.5134581 0.4161341 -0.1645023
-0.398656 0.6302934 -0.5472966
-0.2739235 -0.137706 0.3838233
-0.2739235 -0.04803392 0.384346
-0.2739342 0.04117952 0.3670344
-0.2739235 0.1594375 0.3226304
0.4616713 0.02948918 0.4240035
0.3981212 -0.383971 0.4705729
0.2381365 0.2054736 0.3483044
0.4726898 0.218881 0.3085721
0.5043368 -0.02276527 0.4167291
0.2487708 0.1909886 0.3566561
0.7716784 -0.3032907 0.1969167
0.7827608 -0.2744595 0.1769919
0.9109066 -0.4549449 -0.01765851
-0.2632784 -0.5414279 0.3947457
-0.116008 -0.5057915 -0.3216924
-0.1018858 -0.509834 -0.33942
-0.2736569 -0.4866453 0.3345981
0.7825688 -0.2597399 0.1685548
-0.09453668 -0.3181595 -0.2411081
-0.4047037 0.9254529 -0.6844447
0.1382139 0.1460938 -0.3239751
-0.4787498 0.6695243 0.06042993
-0.5028237 0.4630448 -0.1600864
-0.5547581 0.242923 -0.1316819
-0.2632145 -0.199923 0.3540749
-0.2631719 -0.07749438 0.3904791
-0.2632571 -0.03307972 0.383002
-0.2632571 0.01137773 0.3733703
-0.2632891 0.05588837 0.36168
-0.2632784 0.1738903 0.3092228
0.2487708 -0.05420977 0.5140169
0.2700183 -0.1859499 0.5328004
0.2380405 0.2648637 0.3158039
0.2807379 -0.2618411 0.510753
0.4075182 -0.2088613 0.5006627
0.6165256 -0.288091 -0.3069089
0.6305519 -0.2566466 -0.3057036
-0.1492871 0.5789775 -0.05730538
0.3132916 -0.5407985 0.3985429
-0.2638224 -0.4781976 -0.1621344
-0.2525908 -0.1537376 0.371909
-0.2526121 0.07069328 0.3574668
-0.2526335 0.1146921 0.339526
-0.2525375 0.1447072 0.3295315
-0.06206825 -0.4124821 -0.2050985
0.440584 0.08842081 0.4112359
0.5261922 0.1888339 0.3077828
0.01156162 -0.5857892 0.254547
0.3020387 -0.510058 0.4073533
-0.2050509 0.4566664 0.06128323
0.4300563 0.1598748 0.3357181
0.3447575 -0.0690254 0.5133023
0.5475677 0.1334542 0.3295849
-0.2318767 -0.4737177 0.3035803
-0.4042664 0.8362607 -0.5453873
-0.6702003 0.5612286 0.1418569
0.1329981 0.7092458 -0.2036479
-0.1200292 0.6849265 -0.2090557
-0.2419031 -0.1080856 0.3832153
-0.1106642 0.6099951 -0.06453717
-0.1694038 0.5758203 -0.1220608
0.5260322 0.1594588 0.3276649
0.3340378 -0.04016212 0.5014946
0.3340805 0.0728906 0.3990549
0.3341337 0.08658619 0.3796207
0.3980893 -0.173449 0.5027426
0.3233073 0.2059961 0.3527736
0.430035 0.1893993 0.3245184
-0.2419138 0.6864304 0.007407441
-0.1746091 0.5628285 -0.04495373
-0.2312581 -0.5007997 0.347515
-0.2308421 -0.4611634 0.2928179
-0.5830027 0.2209183 -0.1027227
-0.06263359 -0.302192 -0.2525104
-0.2133173 0.1755544 -0.2916987
-0.1206905 0.7165842 -0.2195301
-0.2312474 -0.2151866 0.3514723
-0.2312474 -0.1995389 0.3611147
-0.2312367 0.04168078 0.3750022
-0.2313008 0.1737517 0.3103214
-0.3767579 0.5616232 -0.2756138
-0.3712007 0.5349681 -0.1961495
0.786366 -0.003384576 0.0672884
0.2488241 0.3226221 0.2715706
0.3555091 -0.08375555 0.514945
0.7930859 -0.4206207 0.2509632
0.7926912 -0.3745312 0.2462806
0.7926806 -0.3599931 0.2408301
-0.2312794 0.6710496 0.01432991
0.5319413 -0.6152496 -0.1123545
0.5468742 -0.6043913 -0.1178476
-0.2040056 0.2650025 0.231753
0.6424448 -0.5875492 -0.1065093
-0.4279884 -0.1531189 0.3366567
-0.2142666 -0.4298576 0.2831329
-0.4141329 0.6080219 -0.5273185
-0.5159113 0.6269547 0.2682959
-0.2203251 -0.3114077 0.2860128
-0.3082372 -0.2251382 -0.2729686
-0.2375192 0.5541995 -0.104056
-0.4697899 -0.6186309 -0.02555161
-0.2205918 -0.1686279 0.3735196
-0.2206771 -0.09239534 0.3890285
-0.2205384 -0.01838144 0.3771462
-0.2205918 0.01210298 0.3828634
-0.2205811 0.07113065 0.3642292
-0.2206024 0.1146387 0.3347048
0.0994631 0.2918497 0.2518165
0.323222 0.161336 0.3607093
0.718048 -0.5120206 0.2339076
-0.5547902 -0.2283274 0.07141627
0.5375305 0.2039483 0.2977778
0.02907578 -0.4396708 0.3274942
-0.2099361 -0.1235197 0.3761542
-0.2100001 -0.06268948 0.3895938
-0.2096801 -0.01849879 0.3752476
-0.2098294 0.02700394 0.3797168
-0.2100107 0.1594054 0.3226944
-0.2097014 0.246731 0.2472939
-0.3489507 0.8094561 -0.6873246
-0.1993017 -0.5434757 0.3745009
-0.1994297 -0.4732697 0.3168279
-0.1996537 -0.429527 0.2996764
0.2044521 0.7798889 -0.3051809
-0.1992804 -0.2310154 0.3435791
-0.1992697 -0.2002002 0.3563681
-0.1992591 0.08509292 0.351323
-0.199291 0.1740184 0.3143747
-0.04041554 -0.5610752 -0.4151618
-0.1984057 0.6869743 -0.001808295
-0.1971791 0.7565724 -0.04135916
-0.2192584 0.5303815 -0.004858874
-0.1887632 -0.5296841 0.3655625
-0.1888486 -0.4585928 0.312796
-0.4451293 0.7902887 -0.3309723
-0.1885606 -0.2152825 0.3515469
-0.188614 -0.1239251 0.3706823
-0.1886353 -0.09321664 0.3816794
-0.1887099 -0.04848188 0.3787461
-0.1881126 0.01128175 0.371045
-0.1885606 0.05588837 0.3616586
-0.1886247 0.1152148 0.3453605
-0.188614 0.2319261 0.2603495
-0.2770062 0.5785934 0.1977381
0.1864046 0.9373032 -0.4065754
0.5044115 0.1163027 0.3742343
-0.02975987 -0.5759867 -0.4177644
-0.654254 0.5898359 0.03540664
-0.1886566 0.7333837 -0.02558361
-0.619631 -0.09376057 0.0493689
-0.5769336 -0.1834328 0.09254634
-0.1779476 -0.5436997 0.371877
0.6513193 -0.1437859 -0.301373
-0.2394605 -0.6124444 0.3994282
-0.1778196 -0.1550603 0.3577548
0.3340484 -0.3357164 0.509985
0.3340698 -0.3512146 0.5038307
0.1376593 0.7551857 -0.282707
0.5391945 0.06397352 0.3925911
-0.6488674 0.5606741 0.02453762
-0.1673453 -0.5295988 0.3634079
-0.1673132 -0.4871253 0.3315155
-0.1672279 -0.4429773 0.3189078
-0.1672706 -0.155103 0.3554615
-0.1672386 -0.1249491 0.3586294
-0.1668759 -0.03445566 0.362672
-0.1670893 0.04090216 0.3622773
-0.1672386 0.1155028 0.3484324
-0.4039358 0.5141901 -0.1896962
-0.6702536 0.5756389 0.0991808
-0.1565616 -0.2449883 0.3541602
-0.1565296 0.115364 0.3469177
-0.421386 0.5493143 -0.3067809
-0.03895427 0.8769635 -0.1255061
-0.1560069 0.7182055 -0.03326339
0.0007992452 -0.6068766 0.4742421
-0.1622681 -0.594013 0.3804207
-0.1458632 -0.5446917 0.36152
-0.1459805 -0.4574515 0.3260649
-0.1460019 -0.3817844 0.3327955
-0.1568816 -0.3670435 0.3304276
-0.1458952 -0.275654 0.3460964
-0.1457992 -0.1842327 0.3641972
-0.1459379 -0.1252583 0.3545335
-0.1458312 -0.09492325 0.3603253
-0.1457886 0.1300196 0.3376274
-0.1458312 0.174061 0.3119427
-0.1536283 0.303604 0.1858556
0.1388219 -0.5831652 -0.2067305
0.6197041 -0.3479399 -0.3055223
0.8034962 -0.2113358 -0.02965817
-0.1459699 0.7494898 -0.04200982
-0.1352822 0.7968486 -0.06277722
-0.3669981 0.5085368 -0.1689075
-0.1607321 -0.6160816 0.3749382
-0.1472712 -0.6104071 0.372677
-0.1352289 -0.5597099 0.3626933
-0.1352929 -0.486848 0.3335208
-0.1353569 -0.4273937 0.3266516
-0.1352929 -0.2603798 0.3505443
-0.1352822 -0.06502543 0.3589067
-0.1353036 -0.04986861 0.3599307
-0.1352929 0.01017238 0.3551842
-0.1350689 0.1889407 0.2965512
-0.1352716 0.2321607 0.2657788
-0.1353462 0.2758608 0.2251506
0.6046539 -0.4396174 -0.3050849
-0.3365138 -0.4950292 0.2969458
-0.3541559 0.8583295 -0.7539893
-0.3454735 0.8600468 -0.7420645
0.9276421 -0.2657984 -0.03722061
-0.608122 0.620811 0.0008796278
0.2381365 0.1469898 0.3750769
-0.1353889 0.7653403 -0.0494656
-0.1381301 0.7345464 -0.04715099
-0.1330529 0.5936224 -0.1331432
-0.6160578 -0.07911574 0.1557765
-0.6187883 -0.09378193 0.09201301
-0.3514253 -0.5843386 0.1585924
-0.1245731 -0.5158072 0.3478884
-0.1245411 -0.3355243 0.3457551
-0.1246051 -0.1691612 0.3661598
-0.1244025 -0.1092908 0.3660105
-0.1246264 -0.004696488 0.3588534
-0.1246051 0.05510975 0.3506296
-0.1244025 0.09974853 0.336518
0.6382744 -0.6097031 -0.06256389
0.3661861 0.1859861 0.3483044
0.7746009 0.05601644 0.01402059
0.2032787 0.7842516 -0.3330522
-0.1139281 -0.531188 0.3462777
-0.1139281 -0.3662435 0.3377873
-0.1139281 -0.2901605 0.3512483
-0.1138321 -0.1394339 0.3632799
-0.1144187 0.08539157 0.3421712
-0.1139388 0.2617067 0.2405421
-0.1067603 0.3059291 0.2023672
0.4197846 0.130585 0.3711943
0.0948979 -0.5963808 0.4751701
0.2914363 -0.2009362 0.5309871
-0.1136934 0.7971686 -0.06478249
-0.1031764 -0.5317001 0.3428965
-0.1032511 -0.5168205 0.3391847
-0.1032831 -0.2150584 0.3540322
-0.1032724 -0.1545375 0.3625226
-0.1031338 -0.1237224 0.371109
-0.1033684 -0.04911122 0.3701384
-0.1032191 0.129113 0.3178839
0.7742596 0.04085949 0.07793343
0.8244344 -0.5371932 -0.006448162
0.01212692 0.6584525 -0.1306259
0.323382 0.003996614 0.4924709
-0.4030291 0.6319892 -0.5937487
0.4405734 0.2189663 0.3135639
-0.09269139 0.828869 -0.08565656
-0.09252073 -0.4277243 0.3220544
-0.09255274 -0.3357803 0.3450938
-0.09268074 -0.3052319 0.3496483
-0.09261671 -0.09374991 0.3742449
-0.09243539 -0.03391166 0.3700637
-0.09222206 0.01116434 0.371237
-0.0925634 0.1734104 0.2987911
-0.09299005 0.7971259 -0.07568351
0.5248056 -0.6259161 -0.1103492
-0.08200369 -0.48736 0.3278889
-0.08196103 -0.2300555 0.3540642
-0.08209971 -0.09382468 0.3726556
-0.08175839 -0.003373859 0.3770715
-0.0819077 0.05582441 0.3614026
-0.08189707 0.2317234 0.255187
-0.07091067 0.8449752 -0.09804021
-0.2379779 0.2494082 0.2572882
-0.07120933 -0.4583049 0.3166999
-0.07126265 -0.3209541 0.3420539
-0.07140134 -0.1702278 0.3525389
-0.07157199 -0.1241597 0.3657972
0.9212209 -0.4390308 -0.007066812
-0.06057496 0.2614079 0.2389955
0.7806063 -0.1091735 -0.09213103
0.2913936 0.220865 0.3488057
-0.07129467 0.8291036 -0.09252571
-0.07053737 -0.4930772 0.3378194
-0.06039365 -0.3677368 0.323569
-0.06067097 -0.2605719 0.3473231
-0.06066033 -0.2003389 0.3514509
-0.06061766 -0.07972371 0.3608053
-0.06066033 -0.0643748 0.3627893
-0.06080966 0.1293797 0.3242623
-0.3440975 0.7918354 -0.7322726
0.9006456 -0.4707525 -0.006938823
0.08165028 0.955596 -0.2340577
0.2380405 0.01885477 0.4900603
-0.06056431 0.8292744 -0.1026907
-0.06010568 0.8454766 -0.1030534
0.09849247 -0.6326466 -0.3086368
-0.1814462 0.3391763 0.1697815
0.4708979 -0.6280386 -0.2400841
-0.04989796 -0.1407032 0.3491683
-0.04986598 -0.0330477 0.3792794
-0.04986598 0.02685465 0.3788314
0.8142266 -0.3748939 0.242622
0.8141307 -0.3600571 0.2397848
-0.4089809 0.630752 -0.6031351
-0.06002031 0.8608467 -0.1109145
-0.6273001 0.4719619 -0.0282502
0.1326568 0.9963309 -0.3167113
-0.4341322 0.5091342 -0.1845977
-0.03925292 -0.4443319 0.3042309
-0.03901826 -0.4294736 0.302439
-0.03930627 -0.3381056 0.3176172
-0.03916759 -0.2616492 0.3354514
-0.03926357 -0.08013964 0.3573068
-0.03931692 0.05666707 0.3736689
-0.03937024 0.1590321 0.3158892
-0.0394556 0.2031376 0.2826102
-0.0393276 0.2468804 0.2486698
0.8871418 -0.4716058 -0.04922028
0.3661968 -0.1440631 0.5009614
-0.03926357 0.8611133 -0.1198742
-0.02764792 0.8932831 -0.1389777
-0.4592835 0.6120965 -0.5513713
0.3337497 0.324062 0.2654587
0.2744235 -0.5921464 0.06399249
-0.02858656 -0.3996186 0.3015004
-0.02866122 -0.231634 0.3351101
-0.02877855 -0.1561909 0.3443152
-0.02883187 -0.1107094 0.351099
-0.02856522 0.01202836 0.381402
0.01408953 0.6854811 -0.2137596
0.1089348 0.7140563 -0.2311351
-0.3560225 0.6757641 -0.282035
-0.3270953 -0.5421104 0.1583791
-0.01831488 0.9083014 -0.1546893
0.5407411 -0.5981515 -0.1332285
0.1295315 0.3681461 0.113591
-0.01901882 -0.1407566 0.3533495
-0.01769619 -0.07919035 0.3676745
-0.01764288 -0.06379885 0.372997
-0.01777088 -0.03349566 0.3753542
-0.01797355 0.07153601 0.3685811
0.2923003 0.08019703 0.3796314
-0.18919 0.5783268 -0.009744069
-0.2002617 0.4319843 -0.01526925
0.3869108 0.01815082 -0.4015515
0.2487175 -0.1134081 0.5138143
0.3972252 0.005532502 -0.4094979
0.3972679 0.4050306 0.04193446
-0.02192011 -0.4396067 0.3013937
-0.007349821 -0.4153728 0.2927646
-0.007221858 -0.2319647 0.3311636
-0.008629818 -0.1868993 0.3444324
-0.4097916 0.6888516 -0.6813514
-0.3909762 0.6840945 -0.6760609
0.464434 0.3798898 -0.0398232
-0.006688506 -0.1076589 0.3827353
0.4377148 0.3927428 0.08719184
-0.007189842 0.01243365 0.3861806
-0.007296505 0.07133333 0.3670238
-0.007424503 0.1595334 0.3203158
-0.2271089 0.5466158 0.02702287
0.9242607 -0.290747 -0.06083593
0.3764472 0.2200543 0.3349394
0.7137922 -0.5783866 -0.07999272
-0.01197902 0.8767715 -0.1450042
0.7222293 0.1585522 0.08869578
0.003316541 -0.3700407 0.2977884
0.003380539 -0.32409 0.3068869
0.450845 0.3782046 -0.07504354
0.7533218 -0.4824641 0.2474752
0.4635273 0.384871 0.00544483
0.003519185 0.1006231 0.3570828
0.2016788 0.7960166 -0.2944826
0.9409537 -0.348484 -0.03941788
0.8494469 -0.5205857 0.01460723
0.006281788 0.9333674 -0.1794992
0.5034409 -0.5203831 -0.3369774
-0.352044 0.7572017 -0.720177
0.7992831 -0.1579828 0.1091005
0.02467057 -0.4655366 0.3975297
-0.2869579 -0.3893042 0.02355631
-0.4325643 0.5574101 -0.3448918
0.01390822 -0.3997358 0.3003697
0.01422821 -0.3389269 0.3079642
-0.5245404 0.8320156 -0.4991594
0.01247893 -0.2319327 0.3424806
0.4229099 0.3984601 0.06656308
0.01370558 -0.01773081 0.3848899
0.01405755 -0.002925837 0.3830873
0.2715542 0.2499202 -0.2642114
-0.3859416 0.4325923 -0.1805125
0.7903659 -0.451649 0.2458753
0.1804635 0.2485656 -0.2622808
0.1909911 0.8455086 -0.3207005
0.7097282 -0.3981145 0.2415127
0.0247879 -0.5204897 0.4512561
0.02494791 -0.4920639 0.4380085
-0.1750463 0.6039261 -0.1468068
0.02358261 -0.292571 0.3296702
-0.3573238 0.6418236 -0.4208363
-0.6871916 0.2849058 0.3246463
0.379967 0.3800711 0.1884902
0.02463857 0.01245502 0.3819994
0.0247239 0.02643856 0.3724637
0.02489459 0.08627696 0.3689544
0.2292621 0.07173862 -0.3521556
0.02668652 0.9510095 -0.2069971
0.03614758 0.9422417 -0.1895576
0.03569959 -0.4539636 0.3686237
0.03216902 -0.5462703 0.4787433
-0.09474998 -0.2714408 -0.2592196
-0.6391398 0.02199072 -0.01508791
-0.3249407 0.6497487 0.2081271
0.02815848 -0.003747198 0.3905324
0.03552893 0.07184532 0.3771355
0.03519828 0.1601201 0.3336168
0.03508095 0.2182624 0.2824183
0.03515561 0.23247 0.2673679
0.7128216 -0.2644224 -0.2306764
0.05932559 0.939831 -0.210325
0.03610491 0.9249303 -0.187243
0.04549132 0.9562147 -0.2055678
0.05745897 -0.4395747 0.3575415
-0.6768134 0.3260673 -0.006149504
-0.5653071 0.1645039 0.2081164
0.04607797 0.1307556 0.3533602
-0.6873518 0.2991774 0.313916
0.7682759 -0.08141967 0.19777
0.2805566 0.1320782 0.3763995
0.1657759 0.7348769 -0.2524251
-0.1277091 -0.1003312 -0.3210205
0.05679765 -0.490688 0.4497628
0.05682965 -0.4778243 0.431566
0.1658399 0.08114639 0.3718237
-0.3663689 0.5925664 -0.3241884
0.4834521 -0.6196336 -0.2718486
-0.4130876 0.6230082 -0.5814503
0.4066756 0.3930735 0.1367264
-0.3685661 0.6753266 -0.2394868
-0.06173765 0.3191662 0.1709867
0.5686762 -0.5806481 0.2609788
0.1697758 0.7694892 -0.3068982
0.0587176 0.7060138 -0.1182743
0.3981105 -0.278054 0.4923642
0.09597521 0.6956033 -0.1978987
0.06835998 -0.4531743 0.3759942
0.06824267 -0.4227006 0.3751302
-0.5275484 0.8627347 -0.5572271
-0.005803215 0.6895877 -0.222314
-0.6461902 0.4442719 0.2171508
0.9479188 -0.2737981 0.01377526
-0.2464043 -0.4157034 0.1575045
-0.4709846 0.8255197 -0.4168684
0.067368 0.1164201 0.3643786
0.06730402 0.1898047 0.3253396
0.0671547 0.2190731 0.3038149
0.06700537 0.2628479 0.2660348
0.7833261 -0.0338903 -0.1029894
-0.6707442 0.5318108 0.1207162
0.07043993 0.6898328 -0.1390417
0.4938198 -0.07386783 0.4422643
0.7198826 0.08240505 -0.1669876
0.0808823 -0.4070423 0.3953643
-0.6399717 0.5439599 0.2404568
0.006761759 0.3437309 0.02255367
0.07806639 0.08708753 0.3767622
-0.05363118 -0.6374996 0.03804123
0.08846609 -0.518847 0.4694635
0.08859409 -0.5046715 0.4620824
0.08861542 -0.491264 0.4480561
0.08861542 -0.4653553 0.4003882
0.08858342 -0.4511157 0.3921964
-0.3799045 0.6253015 0.2837302
-0.5418838 0.1199933 0.2461633
-0.5393665 -0.2444016 -0.003194922
0.9553319 -0.3618916 0.03536398
0.2044521 0.8324742 -0.3831734
0.8247118 -0.3167303 0.219092
-0.09332073 -0.5630911 -0.3987463
0.9300526 -0.3346924 -0.06043062
-0.1204026 -0.6133404 0.362
0.09929244 -0.4503798 0.4002602
-0.39504 -0.6111858 0.3200171
-0.3938561 -0.6198468 0.3099161
0.09944177 -0.128117 0.5153928
0.09937777 -0.113248 0.5166941
0.8246584 -0.288123 0.2002552
0.4841134 0.005564517 0.4249635
0.2323233 0.0809117 0.3803887
0.1051696 0.9981548 -0.302909
0.1140013 1 -0.2954639
-0.01069909 0.6457916 -0.143127
0.7088003 0.1715651 0.12702
0.1100121 -0.1889152 0.4950201
0.1101615 -0.08386219 0.5150515
0.1100655 0.1310969 0.360976
0.1099801 0.2049508 0.3266303
0.1100228 0.2776954 0.2732986
0.301772 -0.5553581 0.4046867
0.3556265 -0.1137174 0.5126303
-0.095006 -0.2242209 -0.280947
0.1207318 -0.4789762 0.4163451
0.1210305 -0.432215 0.4300833
-0.4374496 0.9375165 -0.6802529
-0.4431134 0.9366419 -0.6972336
0.1208278 -0.1425592 0.5172061
0.1206891 -0.09821914 0.5197235
0.1206572 -0.06922801 0.510721
0.1318568 -0.01082966 0.4950735
0.1205611 0.1756931 0.3439845
0.1206998 0.2341767 0.3100654
0.1313342 -0.4644273 0.4110973
0.1310568 -0.4011865 0.4478961
0.1206572 -0.6156016 -0.3828854
-0.3816751 0.6094832 0.2991644
-0.2766755 -0.613607 0.4024467
-0.1084669 0.6378559 -0.1794459
0.7693533 -0.1244477 0.1984313
0.1314408 -0.2033681 0.4986041
0.1314088 -0.127829 0.5190942
-0.2300634 0.5128781 -0.06547581
0.1176172 0.06741876 0.3738823
0.1314515 0.1015404 0.3702877
0.1312062 0.1164521 0.361616
0.6483647 -0.490496 0.2456193
0.1420005 -0.4930452 0.4285474
0.1422778 -0.4156927 0.4466588
0.1313662 -0.3704994 0.4549999
0.1317608 -0.3395349 0.4660076
0.1418832 -0.324186 0.4745088
0.1316222 -0.3094132 0.4712982
0.1421498 -0.2633344 0.4892497
0.1420965 -0.1730757 0.5075852
0.1420112 -0.08392628 0.5123317
0.1420858 -0.0251546 0.503916
-0.5099276 0.7877821 -0.3770509
0.1422992 0.1902313 0.3431525
0.1416805 0.2490776 0.3028976
0.1420112 0.278602 0.2872288
0.8322102 -0.5218549 -0.04898562
0.5079207 -0.6244013 -0.1551693
0.1527309 -0.4789229 0.4163237
0.1528803 -0.431287 0.4404297
0.1527309 -0.1282983 0.5129184
0.1420218 0.01804419 0.4748181
0.1535736 0.06710938 0.3840046
0.1528483 0.1463711 0.3636746
0.1527523 0.2345286 0.3181612
-0.4433159 0.592801 -0.5066258
0.5580633 0.1590108 0.3195798
0.1340647 0.9715744 -0.3085515
0.1634079 -0.4937492 0.4186064
0.1635893 -0.4003438 0.451832
-0.2272795 0.5403758 -0.08368327
0.1526989 0.7326477 -0.2042985
0.160976 0.732253 -0.2205861
0.1498084 0.7519218 -0.2114343
0.005311133 -0.5879225 -0.1106905
0.163248 -0.2792059 0.4800659
0.162352 -0.2332553 0.4901776
0.1634079 -0.1875926 0.5114676
0.1633973 -0.03950084 0.5117236
0.1629173 0.003985965 0.4895589
0.4742898 0.3808711 0.03979052
0.1736796 -0.4614408 0.4410803
0.1742556 -0.4454732 0.4480455
0.01355625 0.9088775 -0.1662836
0.1632373 -0.3382443 0.4835005
0.1739996 -0.2789392 0.4821672
0.174469 -0.2327647 0.4966201
0.174053 -0.09835779 0.51807
0.174085 -0.01021098 0.5039586
0.7753798 -0.255772 -0.09192838
0.7721797 -0.04979386 -0.1348284
0.184218 -0.5226124 0.4343819
0.1847087 -0.4939412 0.4161211
0.174309 -0.3226394 0.490295
0.1847193 -0.05464707 0.5078518
0.1847833 -0.02499459 0.5073184
0.1847726 0.004113892 0.4973134
-0.3556599 0.8261492 -0.6554536
0.184698 0.08695947 0.3752049
0.1646132 0.1109376 0.3705437
0.1848153 0.1465632 0.3662558
0.7345808 0.1442912 0.01403125
0.1950443 -0.3993198 0.4682902
-0.2478976 0.6120431 0.06982699
0.1953323 -0.2780647 0.4923749
0.1954177 -0.2174051 0.5088866
0.1953323 -0.1721478 0.5207368
0.1953963 -0.1274983 0.5243847
0.1840687 0.07461858 0.384346
0.1954497 0.2790501 0.3017883
-0.2158132 0.6047475 -0.1375165
0.5680577 -0.5646484 0.3032923
0.1867779 -0.5483395 0.4399497
0.206084 -0.4606835 0.4471068
-0.2846219 -0.4759256 0.2919966
0.2061054 -0.3365164 0.5009294
0.206052 -0.1570442 0.5243633
0.20602 -0.06886531 0.5160649
0.206148 0.03247577 0.4755434
0.2060627 0.1017004 0.3709811
0.2061161 0.1764503 0.3625333
0.206276 0.2495362 0.3242517
-0.649774 -0.02022671 0.09161836
-0.6640457 0.5168886 0.06761906
0.2166118 -0.5091513 0.4143932
0.2164944 -0.4946665 0.4140091
0.2167718 -0.3668195 0.4931856
0.2166011 -0.2626944 0.5003321
0.2165265 -0.1872619 0.5174301
0.2167611 -0.09818719 0.5193394
0.2239182 0.05353113 0.4529626
-0.3729073 -0.1180586 -0.2984292
0.7240532 0.1043137 0.1909862
-0.1390474 0.05364855 -0.3246897
0.8537135 -0.362393 0.2257372
0.2275341 -0.4757443 0.4415283
0.2272995 -0.3214234 0.5055373
-0.2216584 0.2646185 0.243678
-0.2686971 0.54124 -0.1049413
0.2275235 0.1320782 0.3749382
0.2274381 0.2352219 0.3353554
0.2297741 -0.5465156 0.4270541
0.2380191 -0.3979546 0.4794047
0.2381258 -0.23093 0.5240328
0.2381471 -0.2158585 0.5278193
0.2380511 -0.1425166 0.5202355
-0.5821068 -0.183742 -0.04624435
0.2534747 0.09511929 0.3728903
0.4219499 -0.5514968 0.3865219
-0.1905445 0.3990999 0.1543046
0.556218 -0.5318921 0.337478
0.6024033 -0.3513319 0.3686558
-0.02709327 0.7204775 -0.1111918
0.3957853 -0.09442192 0.5029134
0.520251 -0.395576 0.4183717
0.4704179 -0.1497483 0.4795966
0.5003796 -0.3524306 0.4271608
0.727061 0.03412907 0.2329583
0.06898931 0.735773 -0.1600331
0.6200989 0.06417619 0.3407739
0.5143739 -0.2943842 0.4292727
-0.03657565 0.6889476 -0.06888904
-0.07081466 0.7501619 -0.1186796
-0.03359975 0.7504392 -0.1395111
0.9463935 -0.2591213 0.06771506
0.002815205 0.7047979 -0.08696852
0.1633013 -0.6155697 0.4439603
0.1486671 -0.6088711 0.4528773
0.5933156 -0.4575049 0.3164972
0.5071207 -0.4106475 0.4177211
0.7485753 0.004700559 0.2077431
0.592025 0.11994 0.3188225
-0.0644042 0.7658842 -0.1281406
0.1151426 0.7982565 -0.2432947
0.4618207 -0.2944162 0.4657836
0.8812433 -0.3621157 0.2095244
0.8804221 -0.3335937 0.2084897
0.429939 -0.522335 0.3800368
0.4501197 -0.1646173 0.4871697
0.1192385 0.9400125 -0.29284
0.0975005 0.9242157 -0.26803
0.7307836 -0.3394496 0.2352836
0.7282984 -0.3239087 0.2507711
0.3384109 -0.5861305 0.3967936
0.869457 -0.4365882 0.1917434
0.7875394 -0.06351084 -0.09240836
0.9487401 -0.3772938 0.01403125
0.7447352 -0.5749521 -0.04836696
0.1021297 0.9714568 -0.2607768
0.6125364 -0.1633374 0.3848579
0.4383548 -0.4744324 0.4111186
0.4348349 -0.06506809 0.4847271
0.4222912 -0.3538598 0.464205
0.8974349 -0.3335298 0.195658
0.869137 -0.4060823 0.2103777
-0.06416955 0.009233746 -0.346929
0.8704703 -0.4586142 -0.09162973
-0.2319941 -0.5066875 -0.1892269
-0.001430008 -0.003597835 -0.3631633
-0.002219318 -0.01751749 -0.3781282
0.09664718 0.6917422 -0.1749127
0.6129843 -0.3806644 0.3461071
-0.1745024 0.5780175 -0.02613826
0.4673779 -0.3822217 0.4353632
0.4593354 -0.09392064 0.463597
-0.2656464 -0.2409671 -0.2591449
0.6779531 -0.1062296 0.3298408
-0.4599555 0.7411063 -0.2284578
0.684161 0.1710424 -0.1360232
0.4687645 -0.3534759 0.4378591
0.4493304 -0.1934484 0.4863911
0.567023 -0.4263484 0.3542135
0.4336829 -0.3968559 0.4616344
-0.3888109 0.9188611 -0.7372112
-0.3895042 0.8994695 -0.741819
-0.559334 0.1480565 0.2173961
0.4262378 -0.1942377 0.4903163
0.5998861 -0.265457 0.3655838
0.02375327 0.7200187 -0.1129731
0.6699961 -0.4432973 0.258803
0.2139131 0.8609535 -0.3898078
0.7928193 -0.01799746 0.01399925
-0.2040162 -0.6169349 -0.2359563
-0.4551663 0.3874416 0.4511174
0.4221632 -0.2808379 0.4833618
0.04843523 0.8608255 -0.2269432
0.5867345 -0.4563316 -0.3153993
-0.4226979 0.2528108 0.4597144
-0.3439054 0.4789909 -0.1642036
-0.05176455 -0.3494866 -0.2308151
-0.2250076 0.5789347 0.03235606
-0.1779796 0.304052 0.1841277
-0.1716437 0.7030698 -0.02068775
-0.3004721 -0.4557129 -0.02285302
-0.4287138 0.3130118 0.4704129
-0.4367988 0.3875695 0.4401523
-0.3866669 0.6172591 -0.4743388
-0.3813444 0.5755323 -0.3403267
-0.09585931 -0.05247113 -0.3450518
-0.4258658 0.2216543 0.4361311
-0.4383668 0.4478131 0.4193424
0.5103847 0.2323207 0.2947059
-0.08785956 0.7817983 -0.08697919
-0.4064317 0.18477 0.312796
0.518971 -0.2505242 0.4363978
-0.4349109 0.2132813 0.4314273
-0.4023359 0.2681597 0.4521841
-0.4008853 0.2832526 0.4543813
-0.4048958 0.3280299 0.4487494
-0.4242552 0.4026305 0.4206009
-0.1042324 -0.6328918 0.195722
0.6871368 -0.3812298 0.2844449
-0.04925797 0.7816597 -0.1436176
0.395956 -0.0187014 -0.4271615
0.5648044 -0.3230234 0.3893698
0.6267227 -0.2365939 0.3483683
0.4831855 -0.2508014 0.4596398
0.4744711 -0.2220342 0.465933
-0.4375029 0.1979537 0.4025107
-0.3937708 0.2980788 0.4461149
-0.6493047 0.2421658 0.3791514
0.6861663 -0.03456229 0.3233237
0.6752759 -0.006189778 0.3267263
0.8978297 -0.4374202 0.1577072
-0.3888322 0.2679358 0.4345846
-0.4234126 0.5081209 0.3849433
-0.06056431 -0.5503448 -0.4082393
-0.05909239 -0.5356359 -0.4009008
0.7220906 -0.00775775 0.2635174
0.3049506 0.04530735 0.4657943
0.7083417 0.09083144 0.2247346
-0.399648 0.2213024 0.3998123
-0.4164368 0.2051429 0.3937004
0.8449351 -0.499445 0.1541979
-0.4133756 0.493028 0.3804421
-0.421834 0.5382426 0.3685598
0.728277 -0.1216851 0.2714746
0.6908701 -0.3075785 0.3095001
0.5966861 -0.09142467 0.3999721
-0.3777605 0.3273153 0.4132945
-0.3830617 0.3573091 0.4054013
0.1196438 0.7056938 -0.1800112
0.9104478 -0.3055412 0.1771945
-0.2523881 -0.5252681 0.3818927
-0.2314287 0.530083 0.05913929
0.6107657 0.2192331 0.2525204
0.6969072 -0.2363379 0.2995591
0.692758 -0.206952 0.3128493
-0.3767366 0.2518722 0.3966764
-0.3703368 0.2822499 0.4061373
-0.4023572 0.5231497 0.3590027
-0.255428 0.2341446 0.2694372
0.1632053 0.9397883 -0.3415106
-0.09648861 0.08446364 -0.324295
-0.3888002 0.4166248 0.3587041
0.5347146 -0.5771495 0.3442298
0.0344303 0.8133494 -0.2100477
0.1215958 0.7361143 -0.1773553
0.1573921 0.8454019 -0.2945466
0.4923052 -0.163444 0.4736768
0.4522103 -0.05066854 0.4724502
0.9578279 -0.3173276 0.0245803
-0.3566305 0.8760035 -0.6984176
-0.3596598 0.3114972 0.383066
-0.3866776 0.4617861 0.3439524
0.5017236 -0.3235994 0.4295821
0.6069685 -0.006211077 0.3778608
0.6046966 0.007868451 0.3746609
0.5837692 0.09172741 0.3445178
-0.1462259 0.594049 -0.04119917
-0.3874456 0.2016869 0.3218518
-0.3688968 0.2349553 0.3506616
-0.3587852 0.3565731 0.3649119
-0.3794565 0.4311204 0.3351101
0.4691698 -0.4275644 0.4187877
0.6861556 -0.1636467 0.322449
-0.07512388 0.06969068 -0.3324762
0.4586208 -0.03669564 0.4630317
0.161296 0.7673776 -0.2324044
0.5173925 -0.2066534 0.4534213
-0.3715207 0.2172812 0.3263316
-0.3475534 0.3262274 0.362384
-0.3758619 0.5225631 0.3218624
-0.3775472 0.5531222 0.3199958
-0.0150296 0.7355063 -0.1314792
0.9188317 -0.2504815 -0.03174877
-0.3299965 0.6143044 0.2765625
0.5944249 -0.3367617 0.3759515
0.7260051 -0.2800059 0.266472
0.5430771 -0.4888533 0.3374566
-0.3592438 0.1733891 0.3084441
0.5273228 0.2758074 0.2632401
-0.3731527 0.1857514 0.3048069
-0.3717661 0.2011216 0.3068975
-0.3434896 0.280618 0.3494135
-0.3687368 0.4459678 0.312988
-0.3688435 0.5531222 0.3138627
0.05218979 0.7822784 -0.2031465
0.004276479 0.9093467 -0.1578359
0.02412659 0.9264982 -0.1766193
-0.09655261 0.1144148 -0.3109408
0.5816893 -0.2513881 0.3768048
0.4118808 -0.324154 0.4870631
0.0009165923 0.8448259 -0.1833924
0.6881182 0.035217 0.2897674
0.62492 -0.4107542 0.3254783
0.569679 -0.3808457 0.3772741
0.1847087 0.753458 -0.2544731
-0.3391057 0.2646292 0.3362834
-0.3306579 0.3110065 0.3491577
-0.3347217 0.3564558 0.3435259
-0.3508173 0.4159954 0.3203371
-0.3642783 0.4914706 0.300935
-0.3412496 0.5839481 0.2977245
0.4422586 -0.1226131 0.4763007
0.7056004 0.1332516 0.2017592
-0.2720143 -0.5841999 0.4089426
0.6742519 0.03566495 0.3069188
-0.3925228 0.5884385 -0.4142765
0.5626819 0.1058603 0.3515896
0.5720255 -0.2801339 0.3814127
0.1886659 0.7832168 -0.2675606
0.5852198 -0.5482862 0.2823969
-0.3444602 0.2326407 0.3093934
-0.3573131 0.4609009 0.2919966
-0.3595531 0.4759297 0.2886794
0.822109 -0.5065488 -0.09029642
0.511686 -0.3807924 0.4248568
0.1248064 0.7222586 -0.1727687
0.477383 -0.03631158 0.4526213
-0.3408549 0.2169184 0.2956872
-0.3410895 0.5381573 0.2977778
-0.3846723 0.1406647 -0.2508038
-0.3762672 0.6954114 -0.6770315
0.6722573 -0.1488523 0.3401445
0.5778174 -0.1922751 0.4093052
0.06689871 0.9084293 -0.2372256
0.4668232 -0.490624 0.3771888
0.05880294 -0.5387185 0.4793939
-0.3020081 0.3265901 0.3344701
-0.3093892 0.3716235 0.3239423
-0.3349777 0.5227019 0.2877194
-0.3313619 0.568791 0.2931699
-0.2377966 -0.5969141 0.4024042
0.08443421 0.9821767 -0.2434547
-0.07712919 0.3439548 -0.1335058
0.4989503 -0.4747097 0.3675251
0.544805 -0.1776302 0.4369418
-0.3172076 -0.352228 0.1562352
-0.3081199 -0.3666275 0.1368118
0.5736789 -0.3517053 0.3833433
-0.2932723 0.3114437 0.3282942
-0.3344018 0.4759618 0.2691173
-0.3261353 0.5991689 0.2821516
-0.06476685 -0.6379904 0.03622795
-0.2325807 -0.5530115 0.3918977
-0.4094397 0.7343438 -0.7023322
0.4750044 -0.5052047 0.370245
0.002708541 -0.5893837 0.4790313
0.08770878 0.7516127 -0.1891309
-0.4734058 0.5575808 -0.2528304
-0.3078853 0.431227 0.2887434
-0.32573 0.5066275 0.2629734
-0.2164852 -0.6115911 0.3961963
0.5582765 0.233174 0.2703973
-0.6617418 0.5462319 0.06739505
0.04398734 0.6727454 -0.1379218
0.5169018 -0.441356 0.3944257
0.5460317 -0.1200746 0.4391391
0.4636446 -0.008525729 0.4516294
-0.3525346 0.7692546 -0.7351846
-0.283502 0.2654078 0.3044549
-0.2877685 0.3865668 0.299015
-0.3175809 0.5219444 0.255923
-0.3154796 0.5681511 0.2595495
-0.3125998 0.5989769 0.2644027
-0.3070745 0.6140379 0.2537364
-0.2128693 -0.6240174 0.3799407
0.9193543 -0.3340737 0.1709227
0.6757666 -0.2212237 0.3257556
0.5818173 0.0358677 0.3792048
0.5268322 -0.4103062 0.408868
0.5287734 -0.3090078 0.4124625
0.5022356 -0.5471343 0.371685
-0.607002 -0.1519989 0.08164531
0.55305 -0.4738884 0.3332328
0.5742121 0.1906152 0.2932553
-0.6755868 0.4140862 0.05739
0.5879717 -0.1201279 0.40602
-0.2321541 -0.5216417 -0.1948801
0.532528 -0.35146 0.417753
0.431155 0.3022707 0.2738745
-0.2619238 0.3104519 0.2991004
-0.2989042 0.5528343 0.2461526
0.8147065 -0.4065943 0.2438593
0.60011 -0.0490792 0.3864259
0.5867665 -0.5181858 0.3064602
0.6382103 0.2050789 0.2358702
0.6422209 0.1624773 0.2607441
0.5002409 -0.05076452 0.429486
0.4694685 -0.5486702 0.3806874
-0.2649531 0.2492588 0.2746638
-0.2571347 0.3412776 0.2869728
-0.2756301 0.4312376 0.2604028
-0.2892084 0.4762604 0.2403608
-0.2953842 0.5832227 0.232361
0.05984822 0.9078001 -0.31301
0.5939662 -0.5183992 0.2981724
0.9081439 -0.2646357 0.1553925
0.6249947 -0.5209057 0.2490325
0.6040993 0.162872 0.2990685
-0.4700672 0.5818254 -0.3605074
0.7009712 -0.1754756 -0.2309858
0.696694 -0.1907712 -0.2307617
-0.2834273 0.5374214 0.2309424
0.08144762 0.8135094 -0.2358603
0.6752759 -0.3074079 0.3243477
0.6473941 -0.2647531 0.3406246
-0.5873546 0.6034781 -0.04954027
-0.2532841 -0.5668671 -0.2107943
-0.2412205 0.3259712 0.2726159
-0.2786274 0.5065636 0.2181534
-0.2777954 0.5525463 0.2204254
-0.4218659 0.5726417 -0.3937545
0.9553959 -0.287995 0.04591301
0.6959899 -0.6015754 0.06095258
-0.2659236 -0.1779289 -0.2994531
0.1775515 0.7677826 -0.2463026
0.07512246 0.8450925 -0.244788
0.5781801 -0.09141403 0.4112466
0.5488263 -0.2356339 0.4233955
0.5689536 -0.06295618 0.4166544
-0.2388525 0.2645545 0.2562431
-0.2405271 0.3862151 0.254931
-0.2700304 0.5285043 0.1981433
-0.4202767 0.6642018 -0.105176
0.1650079 0.7982991 -0.26483
-0.06699611 0.7172136 -0.2378229
0.5791507 0.007953851 0.3940097
0.5296694 0.119428 0.3599947
0.002751207 -0.4760963 -0.3488064
0.02328395 -0.4580382 -0.3688271
-0.2284102 0.3561037 0.253683
-0.2615398 0.4759725 0.2051085
-0.004213911 0.6735774 -0.09727222
0.08353823 0.7055125 -0.1386578
0.6526739 0.120068 0.2757091
0.8589399 -0.4837548 0.1570458
0.4943211 -0.6251587 -0.2385268
0.8870245 -0.3915654 0.1987087
0.7685639 -0.1965097 0.1968741
0.6475221 -0.2217142 0.3411365
0.09214597 0.7208401 -0.1449936
0.1374886 0.9082695 -0.304029
0.5956836 -0.163348 0.3979136
0.5872037 -0.2071867 0.385434
-0.2707344 0.6116591 0.1871036
-0.2191198 0.2951989 0.2475286
-0.2215304 0.3253846 0.2440833
0.7034245 0.187106 -0.04320443
0.4920279 -0.2223116 0.4541359
0.7680305 -0.1822807 0.1958607
0.4246485 -0.2518042 0.4872977
0.661239 -0.3656355 0.3222677
0.648226 -0.04832193 0.3623413
0.6461141 -0.1059203 0.3588214
0.6558844 -0.03417831 0.3547255
0.6252401 -0.07782506 0.3663731
0.6166429 -0.106507 0.3725383
0.5798972 -0.5030395 0.3155586
0.5730816 -0.4583688 0.3247743
-0.2174878 0.3708661 0.2317317
-0.222981 0.4006573 0.2243826
-0.07347064 -0.2707902 -0.2660247
0.6324185 0.07786116 0.3214144
0.6216135 0.1060843 0.3055215
0.6259333 -0.2070053 0.3663838
-0.2078348 0.3403711 0.2263239
-0.3737606 0.04968066 -0.2791551
0.6553405 -0.1776089 0.3528162
0.6995313 -0.3518226 0.2840609
0.4317629 -0.3394282 0.4592986
0.6008888 -0.2366366 0.3672585
-0.2044962 0.2938762 0.2123403
-0.2027576 0.385159 0.1967994
0.7479885 0.02368668 -0.1454522
-0.3463161 -0.5250229 0.2009379
0.6195441 -0.2794299 0.3564215
0.719584 -0.07873175 0.277533
0.7068697 -0.1642546 0.2962099
-0.4805096 0.09245273 -0.2260899
0.5750442 -0.6260442 -0.06024929
-0.4395934 0.5300188 -0.2297911
0.6045686 -0.60565 -0.09327234
0.6279707 -0.3224154 0.3495522
0.8153359 -0.4989437 0.1874769
0.7188693 -0.2081147 0.2751438
0.5504261 -0.625084 -0.08598722
0.7187947 -0.2511107 0.2751225
0.5797374 0.2617386 0.2311024
-0.4168954 0.1098709 -0.2511878
0.7033711 -0.006925808 0.2925513
0.4791323 -0.5777147 0.3751195
-0.06763609 -0.6114525 0.4089958
0.683585 -0.2931469 0.3177132
0.6202589 0.162872 0.2851062
0.5738388 -0.148479 0.4228729
0.7398394 -0.0794357 0.2505151
0.9248048 -0.3488466 0.1599471
0.1158893 0.8768568 -0.2794111
-0.3668382 0.5375067 -0.1836697
-0.3647049 0.524515 -0.1696542
0.7719557 -0.2549613 0.1827731
-0.4676459 0.5379332 -0.233279
-0.4661952 0.5343601 -0.2054932
0.5633324 -0.1775449 0.4264568
0.4130648 -0.1231037 0.4901776
0.8112187 -0.4364175 0.2387928
-0.4920933 -0.2919417 0.006362145
0.5288908 -0.5175884 0.3541602
0.800787 -0.1072856 0.003492886
0.8082854 -0.2127971 -0.006597491
-0.1412874 0.6530446 -0.1848537
0.06111754 -0.5532141 0.4823485
0.546501 -0.5382277 -0.2301644
-0.01384565 0.7819477 -0.1673929
-0.01642692 0.7975205 -0.1711048
-0.01718421 0.8132534 -0.1722141
0.510534 -0.1489163 0.462637
0.7352848 -0.03694092 0.2448726
0.788094 -0.1379833 0.1527046
0.917989 -0.4544756 0.05694202
-0.5208818 0.7512925 -0.3496704
-0.363201 0.08108242 -0.2886908
0.1756422 0.9643638 -0.3763149
-0.4524357 0.6133339 -0.5605122
-0.08025438 -0.6296598 0.2546003
0.9241541 -0.4082262 0.1395637
0.4417573 -0.5072741 0.3786288
0.9286767 -0.2921977 0.1472968
-0.2496895 0.6256428 0.05329413
-0.3597984 0.8994269 -0.7379685
0.6997978 0.03472632 0.2689786
0.7686065 0.02529732 -0.09237637
0.205348 0.8441966 -0.3374147
-0.2256369 0.6100486 0.03152408
0.07637044 0.03957953 0.3852953
0.8121467 -0.4668059 0.2210653
0.7456419 -0.2823099 0.2197107
0.7496846 -0.2385138 0.2257905
0.6264133 -0.4729497 0.2892981
-0.09877121 0.717107 -0.2304844
0.9378604 -0.3782112 -0.02851686
0.02880913 0.6895342 -0.105528
0.2786367 -0.5850746 0.1743679
0.76546 -0.09515788 -0.1561506
0.2091773 0.8752783 -0.4015515
0.08126629 -0.6098951 0.476258
0.1036123 -0.5365852 0.4691435
-0.2426284 -0.5060261 0.1048446
0.756543 -0.4988371 0.2341423
0.6105418 -0.1205225 0.3822233
0.5014676 -0.1777262 0.4681195
0.6658896 -0.06256155 0.3503097
0.1150146 -0.5658003 0.4668289
0.4629407 -0.6325293 -0.07673948
-0.4492997 0.1720664 0.3277822
-0.6513208 0.2126733 0.2687226
-0.4684459 -0.1211092 -0.2609048
0.4534476 -0.2800273 0.4725568
-0.2430337 0.595713 0.06993365
0.6563539 -0.322138 0.3344595
0.6464234 -0.395416 0.3192918
0.3555624 0.03370235 -0.3969223
0.4065157 0.3230594 -0.1944107
0.7365542 0.1138069 -0.09249368
-0.03300244 0.3036679 -0.1686195
0.4536823 -0.2512708 0.4729941
0.6637563 -0.09157404 0.3469284
0.4751964 -0.3971013 0.4279501
-0.0432421 0.08525291 -0.3328282
-0.1737877 0.6411198 -0.005370851
-0.1780649 0.6566713 -0.01121603
0.01285224 -0.4891412 -0.3682085
-0.05646843 0.8280476 -0.2536837
0.6956059 -0.5721468 -0.1055067
0.7910273 -0.2399218 0.140769
0.9359404 -0.3191941 0.141953
-0.5791201 -0.1682972 0.1350838
-0.1732651 0.6718495 -0.02319435
-0.1569135 0.6254936 -0.01859715
-0.1645933 0.6874224 -0.02934883
0.4965611 -0.1209812 0.4613144
-0.1459272 0.6569592 -0.02099708
-0.1537776 0.6726815 -0.0318661
0.1889219 -0.6068552 0.4412617
0.1979349 -0.5924131 0.4365365
-0.6516941 0.5021477 0.05711268
0.1937324 0.7645295 -0.2719019
-0.1886033 -0.5586326 -0.2249913
-0.2010723 -0.5644564 -0.2192954
0.7645106 -0.1402019 -0.1455589
-0.1395807 0.6879769 -0.04914561
0.1364967 0.1175293 -0.3370308
0.7464952 -0.1370553 0.2410647
-0.665475 0.5900704 0.06717105
-0.3924907 -0.3288366 -0.1246527
-0.116008 0.6729162 -0.03372204
-0.4634221 -0.6050527 -0.006000175
0.5153552 -0.474923 0.3537762
0.5138086 -0.4895999 0.3513336
0.5384265 -0.4257298 0.3879085
0.5964941 -0.5642004 0.2401901
0.7448527 -0.2090106 0.2384301
-0.1246797 0.7033473 -0.06532648
-0.1257252 0.7187281 -0.06695843
-0.6032369 0.3678155 -0.1227861
-0.1045204 -0.4722138 -0.2185275
-0.09729926 0.6876997 -0.04497506
-0.2612625 -0.4192979 0.02882549
-0.08710221 0.6729589 -0.0482283
0.2515761 -0.5899598 0.4204623
-0.3636916 0.1871913 -0.2500038
-0.2321647 0.4475679 -0.08968844
-0.07683052 0.6415037 -0.07151295
-0.06606814 0.6889903 -0.05516144
-0.08972614 0.7194321 -0.08958177
-0.5950876 -0.1534708 -0.04597769
0.1513123 0.9846938 -0.3554302
0.1436538 0.9884911 -0.3567208
0.171173 0.747602 -0.2296418
0.452413 0.07767978 -0.3362201
-0.08538494 0.7343223 -0.1023174
-0.07383326 0.6255149 -0.0862432
-0.04895931 0.7037419 -0.06860105
-0.07911314 0.765916 -0.1117571
-0.1049683 -0.3813044 -0.2137489
-0.3531533 0.7259919 -0.4100206
-0.1565296 0.8303303 -0.1480975
-0.6330813 -0.01303761 0.1604804
-0.6857625 0.40006 0.1107431
-0.6487609 0.05180322 0.08055735
-0.3484493 0.6925208 -0.4313106
-0.3859736 -0.5322441 0.02084706
-0.6720668 0.3712713 0.2495338
-0.5252656 0.2583573 0.4510534
-0.6230122 0.6290985 0.1370358
-0.3335592 -0.6055539 0.3920791
-0.3213462 -0.616071 0.3948843
-0.3202369 -0.6015541 0.4001215
-0.6416783 0.00788975 0.02753487
0.3651728 -0.5862799 -0.1586145
0.1671518 -0.627516 0.3992468
-0.6947115 0.3123398 0.05795532
-0.1926991 0.1443339 -0.3002531
-0.0110084 0.1304143 -0.3288602
-0.1258958 -0.4576009 -0.2130876
-0.6663924 0.2268808 0.2823969
-0.7003754 0.3129372 0.1539739
-0.5956956 -0.1673372 0.07112829
-0.6956928 0.3565731 0.1537393
-0.3736646 0.7598363 -0.3966236
0.5606658 -0.3519506 -0.362566
-0.04668736 -0.6251587 0.4070654
-0.3517133 0.7259599 -0.4526967
0.6026913 -0.3494546 -0.3273989
-0.6845785 0.240459 0.06898434
-0.6541685 0.502745 0.152758
-0.6645258 0.5319707 0.1527046
0.1979136 -0.581736 -0.2360949
-0.3626996 0.7592602 -0.463395
-0.3683849 -0.5223244 0.24355
-0.6732189 0.3992813 0.0148739
0.5438024 -0.5229642 -0.2731712
-0.07463326 -0.09840045 -0.3349295
-0.1050323 -0.350244 -0.222186
-0.6524835 0.502873 0.2062285
-0.6808026 0.3997825 0.0787334
0.5974222 -0.4856534 -0.2725419
0.64733 -0.591933 0.1589125
-0.6372625 -0.06358552 0.102498
-0.6283773 0.486884 0.003802202
0.2062227 0.8606014 -0.3989489
0.2849405 -0.6224495 0.4008468
-0.3514893 0.7091819 -0.4740188
0.373162 -0.04223143 -0.4474062
0.2095506 0.7959633 -0.31541
-0.2609212 -0.4887359 0.1685655
-0.6388624 0.08018639 0.1122258
-0.6594271 0.5760868 0.04596633
-0.6371025 -0.03483966 0.1447049
-0.2246449 -0.4328336 0.08309595
-0.2287302 -0.4180287 0.08310661
0.02326261 0.303348 -0.1686835
0.4830895 -0.6217989 -0.06261722
0.3452268 -0.6324865 -0.280243
0.6486314 -0.405773 -0.2415668
0.4966677 -0.6040606 -0.2723819
0.349216 0.05316851 -0.3534569
0.3016866 0.1895059 -0.3068236
0.3882761 -0.633265 -0.2710273
-0.6943809 0.2836579 0.05813665
-0.3557345 0.6261762 -0.2605422
0.04774192 0.9648544 -0.2421641
0.7365755 -0.1272637 -0.2091944
0.7366288 -0.09747247 -0.2198607
0.7140161 -0.114304 -0.2520304
0.6818357 -0.2070267 -0.2521264
0.6244079 -0.4228498 -0.2734592
-0.6494327 0.6186883 0.08824779
-0.583152 0.5302321 -0.06066527
0.4662579 -0.6066632 -0.3138313
-0.420714 0.6487887 -0.6346008
-0.631076 -0.07909437 -0.03585532
-0.4057918 0.09482063 -0.2626755
-0.5109407 0.6987927 -0.2227193
-0.4777257 0.5874892 -0.3915038
0.3651728 -0.6122204 -0.3459477
0.6949446 -0.5362652 0.2157215
-0.2514068 -0.3294019 0.2406061
-0.6362278 -0.0504232 -0.03597265
0.5779027 -0.4132501 -0.325383
0.5889744 -0.3658701 -0.337788
-0.05238323 0.1919166 -0.2868028
-0.06939606 -0.6345131 0.1665069
0.06712268 -0.03377302 -0.4785307
-0.349836 0.6592846 -0.3566142
0.7533324 -0.06629474 -0.1881389
-0.3570785 0.5930357 -0.2178448
0.6230428 -0.3781471 -0.2845309
0.3872842 -0.6004021 -0.22129
0.3837643 -0.5931596 -0.2085864
-0.615759 0.1802154 -0.005274863
0.51095 -0.5405211 -0.325639
0.5216163 -0.5393584 -0.314866
0.6181469 -0.4686939 -0.2515078
0.04793391 0.06976543 -0.350417
0.6082378 -0.243367 -0.3370734
0.3011533 -0.6266627 -0.3470677
-0.2656357 -0.4729817 0.253971
-0.6837999 0.2844579 0.2607122
0.6779851 -0.2825445 -0.2629954
-0.5318362 0.8013818 -0.4606858
0.005353798 -0.623772 0.4535493
0.6044193 -0.5107726 -0.1711794
-0.6346492 0.4872254 0.3269396
-0.6754481 0.3415975 0.3414352
-0.6333693 0.5606527 0.003972873
0.7511243 -0.1712411 -0.1669556
0.7579616 -0.1856406 -0.1562999
0.747754 -0.02168799 -0.1880003
-0.522631 -0.254492 -0.01525857
-0.5147806 -0.2474309 -0.05691072
0.1839407 0.07138665 -0.351953
0.1891458 0.09226076 -0.352177
-0.3749872 -0.5074128 -0.01206933
-0.3604918 -0.6354945 -0.1914135
0.5047422 -0.6030473 -0.2509958
-0.6540406 0.4152914 0.291986
0.5934649 -0.5011942 -0.2405748
0.5512689 -0.5232202 -0.2519878
0.7133122 -0.06963329 -0.2514865
0.02611054 0.1477151 -0.3257883
-0.6751815 0.3568718 0.3135639
-0.211312 0.4273018 -0.06247855
-0.2479189 -0.4448653 0.2218653
0.893243 -0.2260235 -0.01026672
-0.2632038 -0.4733764 0.2113056
-0.2379886 -0.4771736 0.06752305
-0.593413 0.6176856 -0.0281222
0.7097496 -0.3545105 -0.19824
0.6811745 -0.3275033 -0.2418761
-0.2475243 -0.3988292 0.1047273
0.6482047 -0.555774 0.2043511
-0.5777335 0.6366718 -0.005061536
-0.6728242 0.2540695 -0.005701508
-0.6243989 0.006460492 -0.03700729
-0.6245055 -0.007928412 -0.04706567
-0.349996 0.5603219 -0.143479
-0.6439289 0.4884627 0.3019696
0.719264 -0.2787686 -0.2197648
-0.6277481 0.05003263 -0.04709766
0.8953762 -0.3178076 -0.09118173
-0.3555319 0.7090217 -0.5060818
0.3087904 0.2453656 -0.2810217
-0.6845357 0.2984202 0.1967461
-0.6061914 0.1032683 0.1751786
-0.5043169 -0.08877943 -0.2388149
-0.2694862 -0.5333214 0.1049833
-0.502813 0.2038629 -0.1549666
-0.5122848 0.212492 -0.1433616
0.4762844 0.1232571 -0.2997944
-0.6504886 0.2386139 -0.03802059
-0.1057043 0.3633143 -0.09721889
-0.6435769 0.4577969 0.01444724
-0.1033257 -0.6281666 0.3420646
0.1256597 -0.6363584 -0.3198685
0.3139103 0.3510907 -0.1595531
0.4093742 0.3072091 -0.2202127
0.8727849 -0.5034662 0.04645699
0.6681935 -0.1781743 -0.2734486
0.3376644 0.06330159 -0.3429719
0.5969421 -0.2742567 -0.3364547
-0.01126439 0.1161108 -0.3352174
-0.6885569 0.269749 0.1647256
-0.3659316 -0.5222282 0.3079108
0.64861 -0.05710031 -0.3007224
-0.6253269 0.2091641 -0.03759394
0.7178134 -0.2190904 -0.2196047
-0.1001792 -0.5373959 -0.3752376
-0.3556919 0.7427275 -0.5166948
0.2265955 -0.62726 -0.3552809
-0.6706483 0.3713033 0.2708879
0.2162385 -0.6372756 -0.3413506
0.2384778 0.3056626 -0.2168315
0.6922674 -0.1610014 -0.2518704
0.1059269 -0.6400275 -0.3604327
0.08851941 -0.5880931 -0.1133891
0.4644979 -0.626812 -0.2827283
-0.04245283 -0.06610277 -0.3653286
0.5445809 -0.5530542 -0.1980906
0.6948912 -0.3558865 -0.2196047
-0.686157 0.2704423 0.3140973
0.1801115 0.0432381 -0.4077486
-0.3658889 -0.6163483 0.1077885
-0.5159007 0.1465311 0.2757091
0.06586407 0.02818792 -0.3711097
-0.3557879 0.7093738 -0.3353028
0.4228459 -0.6104179 -0.3350575
-0.5468971 -0.2088079 0.1291106
-0.1081576 -0.6229187 0.3558242
0.534608 -0.5978208 0.313628
0.3350618 -0.005251207 -0.441593
-0.07536922 0.1603761 -0.3068662
-0.3912109 -0.6024394 -0.1726514
0.728853 -0.3078559 -0.1878723
-0.6088047 0.165208 -0.005413516
0.6587003 -0.4194259 -0.2089811
-0.6382439 0.05078989 -0.01530125
0.6405143 -0.4515317 -0.209301
0.4376614 -0.6280919 -0.3049676
0.6503807 -0.5657471 0.1943567
-0.362977 0.6918914 -0.5274466
-0.3581558 0.7593029 -0.5273719
-0.6098073 0.5011558 -0.04980692
0.7544736 -0.2159012 -0.1665609
-0.3109252 -0.3575076 -0.1026054
-0.02776527 -0.4372815 -0.2371829
0.6099551 -0.4996904 -0.1872323
-0.6144045 -0.1082242 0.102658
0.7292903 -0.2480069 -0.2095037
0.7503672 -0.126229 -0.1772913
-0.2321434 -0.4331429 0.06038726
-0.3501347 0.6925314 -0.3460225
-0.6185217 -0.09410189 0.006756793
-0.06191896 -0.625852 0.3861912
-0.3524067 0.6426023 -0.3458945
-0.5740002 0.1787648 0.2085431
-0.6789999 0.3422695 0.2923913
-0.2672463 -0.5182925 0.08383193
0.1268543 -0.5861199 -0.2661527
0.3591463 -0.6347051 -0.3160819
0.2825086 -0.6354625 -0.3300976
0.5018942 -0.04423677 -0.3785548
-0.6431502 0.5752442 0.01440457
-0.2773155 -0.03888216 -0.3317189
0.6956486 -0.4129409 -0.1663796
-0.05125257 -0.4429133 -0.2037759
-0.6798319 0.4003372 0.1641283
-0.3769285 -0.5793893 0.1867622
-0.667907 0.2826979 -0.01642121
0.2687595 0.1698052 -0.3277829
0.0514218 0.2283955 -0.2612782
0.4725405 -0.591357 -0.3158046
-0.04101286 -0.3648355 -0.2281272
-0.4700033 0.6156483 -0.5091964
0.6491646 -0.3452201 -0.2839016
-0.6292948 0.1227132 0.03760391
0.2600558 0.1962791 -0.313682
-0.09723525 -0.6139377 -0.4115779
0.5626497 -0.3983599 -0.3584808
-0.6244735 0.1811329 0.02674556
0.6165043 -0.4987837 -0.176118
0.3832096 0.1930792 -0.3053836
0.01822808 0.2514136 -0.2426334
-0.2289221 -0.4773549 0.09402896
-0.3510947 0.6593485 -0.2925733
0.5323467 -0.5388465 -0.2941733
-0.4243192 -0.3190448 -0.09265369
-0.3596811 0.7255439 -0.5701119
0.6372504 -0.4668059 -0.1876056
0.5454556 -0.5679337 -0.1765873
0.7504417 -0.2610305 -0.1665929
0.2556719 0.05841635 -0.3805281
-0.6670323 0.5609512 0.08853579
-0.2429057 -0.5058554 0.09423162
-0.3592011 0.7761663 -0.5699946
0.6859636 0.1217106 -0.1913495
0.5078567 -0.572403 -0.2941519
0.8742249 -0.348324 -0.1251007
-0.105843 -0.1932244 -0.2869841
-0.2947869 -0.3543292 -0.1315752
0.1673012 -0.6220654 0.4324406
0.6572924 -0.1640307 -0.2947919
-0.3576971 0.560002 -0.164673
-0.6653363 0.5758734 0.162987
-0.4103036 0.9190211 -0.729382
-0.6571872 0.5905611 0.1629337
0.6586684 -0.2390471 -0.2840402
0.2880977 -0.5872398 0.1203322
-0.3627743 0.60479 -0.1452389
0.5182244 -0.6013407 -0.1763206
0.1059589 -0.5837093 -0.2128103
0.2274381 0.2736955 -0.2467613
-0.3322579 -0.351012 -0.1053893
0.6300186 -0.1726597 -0.3202098
0.7185067 0.02129742 -0.1893229
-0.3577398 0.7760597 -0.5913167
0.533168 -0.5077327 -0.3048396
0.6117577 -0.4390628 -0.2945893
0.6459328 -0.2852646 -0.2939813
-0.1483912 -0.48704 -0.2146662
-0.6804292 0.2549867 0.1648963
-0.4301217 0.1718638 0.312508
-0.1380021 -0.6349611 -0.3929971
-0.1196026 -0.634769 -0.40953
-0.06694279 -0.6293293 0.1048553
0.6559803 -0.3145223 -0.2839976
-0.4861735 0.6015049 -0.4260628
-0.6495928 0.51771 0.2273691
-0.6803973 0.3130012 0.2285425
-0.6378278 0.0371263 0.1444702
0.05126182 0.1742637 -0.3110688
-0.4152421 0.5928864 -0.4730695
0.5674816 -0.4764056 -0.3131594
-0.1031551 -0.6376811 -0.4101593
-0.1061523 -0.1309862 -0.3122314
0.0005219198 -0.16354 -0.4694962
-0.5124127 0.2600213 -0.1646837
0.3900149 -0.6226308 -0.2403188
0.5609645 -0.6310359 0.001220952
0.7643828 0.01035376 0.1740267
0.7139841 0.1435553 0.1743573
0.9267781 -0.4384974 0.06755506
-0.2581266 0.5131981 0.1766399
0.2943482 0.003537944 -0.4510434
0.7434447 -0.3420841 -0.1335698
-0.1063017 -0.09949917 -0.3285402
-0.267481 0.5623378 0.1658882
0.1898178 -0.5882105 0.04322508
-0.6271614 0.2429017 0.4017854
0.1882499 -0.07160655 -0.5028926
-0.5469504 0.4849427 -0.1348284
0.7455245 -0.3064799 -0.1454096
0.7776197 -0.03394362 0.1526833
0.7720519 0.0107697 0.1525873
0.7431887 0.08451696 0.152822
0.7198079 0.1433952 0.152694
0.8403166 -0.5157965 0.1284173
-0.3591691 0.7422581 -0.6339715
-0.2520895 0.4968997 0.1553179
-0.2623186 0.6120219 0.1553072
0.719008 -0.5317746 0.2167028
-0.07288398 -0.6215641 -0.4258815
-0.6618058 0.4437919 0.1105085
-0.5855626 -0.1387726 0.1775892
-0.2352793 0.4645061 0.1553285
0.7893207 -0.07814509 0.1313612
0.7669212 0.04059285 0.1313505
0.851335 -0.5210657 0.04657432
-0.5104821 0.6461434 -0.09324034
0.907696 -0.4552543 0.1209401
0.9360364 -0.39308 0.1208228
0.9425322 -0.3629262 0.1208015
-0.3550838 0.79271 -0.6446805
0.7910699 -0.09294999 0.1207908
0.1913538 0.9069895 -0.4120579
0.9216049 -0.4388174 0.1101671
0.9480575 -0.3181595 0.1101565
0.07321319 -0.589693 -0.01783984
-0.2195998 0.4644207 0.1123431
-0.2546175 0.5459545 0.1123644
-0.5381827 0.1521629 0.2469525
0.9013495 -0.4709445 0.09968213
0.9491881 -0.2884537 0.0993728
0.8439218 -0.2599959 0.1762986
-0.2478122 0.5791376 0.1018367
0.8678891 -0.5040849 0.08911178
0.767764 0.0555151 0.08863178
0.7370662 0.129177 0.0886851
-0.2491029 0.5458903 0.09085038
0.9515135 -0.3621902 0.07808276
-0.3270846 -0.5721362 0.126508
-0.515762 0.6498235 -0.04577503
-0.4258445 0.6703776 0.09462629
-0.3425083 0.6650443 0.1396917
-0.4069757 0.6667188 0.03950253
-0.6422969 0.3398483 -0.05917198
-0.4281058 0.6187524 0.2987378
-0.3969707 0.6581432 -0.1432976
-0.4174927 0.88283 -0.6119242
-0.3709341 0.9047921 -0.7031962
-0.4747284 0.8454232 -0.4797146
-0.09358737 0.8609321 -0.1261994
-0.02947186 0.3444348 0.08779981
-0.339191 -0.5071995 0.3344595
-0.3257087 -0.4944532 0.3207211
-0.6112046 0.6258346 0.172512
-0.235674 -0.4454412 0.2595069
-0.2881631 0.6518714 0.1123431
-0.3759366 0.6297067 -0.1135704
-0.3703687 0.6211203 -0.1329725
-0.2846966 -0.427639 -0.001712298
-0.6680669 0.2551254 0.2181854
-0.4525317 0.6632843 -0.05450011
0.9186503 -0.2403165 0.1098365
0.8980962 -0.2507694 0.1493767
-0.3724914 0.641589 0.2538857
-0.2977095 0.6536421 0.1403637
0.9301699 -0.2437083 0.003802202
0.4651913 0.09156747 -0.3299482
0.9263408 -0.2331913 0.06554978
0.5132539 0.2936523 0.2524031
-0.4259192 0.9135919 -0.6459712
-0.4965518 0.6574178 0.19457
0.9030027 -0.2263115 0.1041727
0.01883608 -0.6401557 -0.3773389
0.02056403 -0.6300439 -0.4042074
0.8812754 -0.2280502 0.1280013
0.8639638 -0.2406684 0.152182
-0.4922853 0.1298383 0.2947485
0.9131145 -0.2321993 -0.002565607
0.9075466 -0.2226422 0.02682022
0.8905658 -0.2154745 0.08393858
-0.4228792 0.7239333 -0.2149969
-0.4858322 0.6419623 0.2461633
-0.4787711 0.5426798 -0.1996159
0.8676437 -0.2178957 0.1068179
0.8434843 -0.2362525 0.1445982
-0.4524784 0.7056299 -0.1637237
0.8838139 -0.2139278 0.03393468
0.8697343 -0.2114959 0.07605614
0.8495856 -0.2214371 0.1156496
-0.4683605 0.6819185 -0.1226795
-0.4957625 0.6704948 -0.1320659
-0.4779924 0.6746333 -0.1100505
0.03488897 -0.5874852 -0.1839471
-0.382571 -0.5357212 0.2650321
-0.0738119 -0.20788 -0.2945466
0.8093947 -0.2487002 0.1477021
-0.2848032 0.6523408 0.06799237
-0.3754139 -0.5362866 0.2328303
0.8648278 -0.2162105 0.01090601
0.8067707 -0.2412765 0.1309665
-0.5309722 0.631424 -0.08175266
-0.6871916 0.3419922 0.1965434
0.8654571 -0.2246688 -0.01652788
0.8267702 -0.2176185 0.07575748
0.8123493 -0.2281995 0.1015381
-0.4353589 0.6694388 0.1532913
-0.5666832 0.6527461 0.0611339
-0.6607605 0.5175499 0.195434
0.8281676 -0.2144291 0.04434505
0.3033186 0.08186099 0.3869059
0.8211279 -0.2168611 0.02550825
0.8103867 -0.2081999 0.06932567
-0.2640891 0.6626231 0.02862283
0.1902125 0.9393938 -0.3862772
0.2557679 -0.02653054 -0.4746055
0.5722923 -0.1059203 -0.3570942
-0.2635878 0.4030999 -0.1452496
0.8065362 -0.2024402 0.05234482
0.8023656 -0.1902805 0.08235995
-0.3524386 0.6360531 0.2611281
-0.4783764 -0.1854701 -0.2090984
-0.383243 0.661407 0.001551608
-0.383403 0.6481488 -0.06823839
-0.406293 -0.5192418 -0.01948245
-0.5866612 0.150787 0.1760106
-0.5629606 -0.1989523 0.09267434
-0.1725184 0.7832384 -0.1781552
-0.3783045 0.7454261 -0.3369133
-0.619247 0.1371448 0.09066904
-0.6157483 0.1518537 0.09083971
-0.5873013 0.1651866 0.1762026
-0.408181 0.8536575 -0.5777705
-0.3939522 -0.1804141 -0.2765311
0.1302249 -0.6206148 -0.2934906
-0.4175461 0.7371596 -0.243892
-0.3924694 0.6694388 -0.1726727
-0.1439646 0.3800818 -0.001349641
-0.08518227 0.3659274 -0.04254312
-0.4911333 0.7435808 -0.2589529
-0.1630787 0.3792391 -0.05583341
-0.3688114 0.9036403 -0.7419577
-0.3692914 0.9120668 -0.73303
-0.4697578 0.7323172 -0.2163302
-0.5248176 0.5964596 0.3144173
-0.175729 0.3871963 -0.04437775
-0.5393134 0.6551566 0.1646829
-0.3837977 0.8616893 -0.6306542
-0.07822781 0.3607009 0.06998698
-0.09041943 0.3569144 0.09706887
-0.605178 0.6405331 0.1107325
-0.1198692 0.3683808 0.05489408
-0.06735876 0.3640717 0.01097
-0.143218 0.3791752 0.03045744
-0.4719232 0.8943071 -0.5858129
-0.3892375 0.6555405 0.2164042
0.06350681 -0.2553453 0.4231502
-0.1430473 0.3652662 0.07800809
-0.1568816 0.3844016 0.04121981
-0.4481799 0.5384239 -0.2538651
-0.1706625 0.3846363 0.1144657
-0.1562522 0.3590264 0.104802
-0.155015 0.3251075 0.1531846
-0.4008639 0.7531058 -0.2992184
-0.4325217 0.7398262 -0.234015
-0.3690995 0.6055367 -0.3904372
-0.1650413 0.3524453 0.1172389
-0.1578202 0.3438801 0.1204708
-0.3296872 -0.4965864 0.2541097
-0.08432896 0.3440082 0.1308918
-0.06086297 0.3585997 -0.04903895
-0.5030156 0.6696736 -0.1545399
-0.506237 0.9135706 -0.6371287
-0.1504924 0.3794205 -0.01978111
-0.02425602 0.3343337 -0.08279798
-0.2444204 -0.475595 0.1364491
-0.04722071 0.3566691 0.04978489
-0.6678215 0.5902838 0.1203535
-0.1651586 0.3928922 0.006554132
-0.09771523 0.3694261 0.03137476
-0.006624509 -0.5079888 0.4335606
-0.09689394 0.3151024 0.1898982
-0.5292761 0.8166347 -0.4789893
-0.6672457 0.5026277 0.1207482
-0.02906656 0.3442963 -0.05304949
-0.4881681 0.8528576 -0.5005034
-0.3892695 0.927138 -0.7270462
-0.3241407 0.6652897 0.02240434
-0.3345405 0.6651724 0.04977423
0.04478734 0.3455656 -0.0414445
-0.02903455 0.9072134 -0.2226447
-0.1569029 0.3699487 0.08861046
0.1083482 0.0534245 0.3818927
-0.2866699 0.7034326 -0.0252103
-0.1681345 0.3944173 0.05252615
-0.5643472 0.6367038 0.2039032
-0.3750513 0.666207 0.1591791
0.2622851 0.08117834 -0.3411693
-0.3453028 0.6609913 -0.03146078
-0.6098073 0.6348372 0.04642499
-0.6436622 0.4733485 0.1743467
-0.3524493 0.6541433 -0.05329482
-0.3988906 -0.594621 0.3060122
0.09561256 -0.616231 0.4666476
0.1549495 0.9720114 -0.3805601
-0.1130108 0.3424403 0.1362998
-0.4711339 0.6247362 0.2838902
-0.4284151 0.6561165 0.2182601
-0.3997225 0.7706413 -0.3447745
0.7128002 0.1778582 0.0214977
-0.4082663 0.6661644 0.1785172
-0.410485 -0.5326174 -5.68015E-06
0.6971101 0.1961298 0.09222634
-0.3904535 0.6701108 0.1380811
-0.4975118 0.6992192 -0.1911255
-0.5306628 0.8469803 -0.5391582
0.07275455 0.9824752 -0.2474333
0.5622979 0.3042119 -0.1100825
0.6655802 0.2283848 0.1567578
-0.2386392 -0.4019758 0.07025364
-0.3868802 -0.5524461 0.2933406
-0.3298685 0.6702176 -0.0259996
-0.2795234 0.5098381 -0.1160877
0.6633829 0.2396804 0.1104125
0.6364078 0.2446083 0.1913914
-0.2979122 0.7037739 -0.04314044
-0.1778516 -0.6218094 -0.3335108
0.6493887 0.2564054 0.105058
-0.3701341 -0.5521048 0.1901755
-0.3781978 -0.5662804 0.1901755
-0.3918402 0.7794197 -0.3877919
0.6736974 0.2284595 -0.03847925
0.6623591 0.246123 0.01869245
0.6211123 0.2715942 0.1703788
0.6188189 0.2797753 0.1543153
0.6653883 0.2269769 -0.08766183
0.5011583 0.1598001 -0.2747925
0.5872251 0.279018 0.2033805
0.6543805 0.2480109 -0.06060127
0.649442 0.2577813 -0.03197277
0.6373464 0.2731621 0.02437762
-0.1277624 -0.06955862 -0.3232924
-0.6161857 0.0785651 -0.04767364
0.6156083 0.2916043 0.07705878
0.5601112 0.2899937 0.2239346
-0.4265272 0.9328873 -0.7128173
0.1138093 0.7815638 -0.2995598
0.3224647 0.05929103 0.4399497
-0.0742279 -0.1293756 -0.3312708
0.6264987 0.2590933 -0.1027227
0.5717056 0.3210221 0.1367051
0.5299147 0.3069745 0.2279665
0.360373 -0.6342677 -0.0560574
0.2585199 -0.5882851 0.07657879
-0.08328366 -0.612999 0.3886765
0.6043126 0.3001161 -0.01846915
0.2948815 0.06034695 0.4460722
0.6028833 0.2903778 -0.06445184
0.564303 0.3315393 0.1035113
0.5453597 0.3332138 0.1573338
0.006068427 -0.5598379 0.4748501
0.2930149 0.06870938 0.4292194
0.06972528 0.9770355 -0.2776511
0.5701588 0.3293632 0.01456457
0.5334026 0.3446375 0.1376651
0.4932545 0.3244781 0.2147082
0.5506288 0.3425469 0.05286748
0.511878 0.344264 0.1602777
0.4926785 0.3359444 0.1989859
-0.4150715 0.9351059 -0.7128493
0.559002 0.3325739 -0.0200371
0.5251682 0.3536933 0.1042153
0.4550582 0.3239127 0.2464619
0.2419764 0.0686134 0.4271821
0.558234 0.3241473 -0.06584913
0.5249336 0.356125 0.07367755
-0.4575876 0.5893878 -0.4864024
0.4961771 0.3609997 0.1240014
0.4754204 0.3592717 0.1773439
-0.04228218 -0.6370304 0.09765553
0.531888 0.3393256 -0.07560886
0.5098513 0.3643063 0.02247901
0.4448719 0.3634423 0.1967247
0.1774342 0.05258191 0.4368991
0.4735751 -0.04414073 -0.4003462
0.5111953 0.3600289 -0.02258636
0.4114862 0.3493413 0.230537
-0.1073043 0.1448673 -0.3079435
-0.2024483 -0.3264793 0.2983964
0.5242936 0.3369683 -0.09350701
-0.5214366 0.8830968 -0.6288196
0.2098279 -0.5844879 -0.09213103
0.06863733 0.02516932 0.3945217
0.06922396 -0.3173596 0.3895404
-0.5273669 0.8842487 -0.6173746
-0.5285403 0.883598 -0.6072736
0.0622055 -0.2245941 0.4384671
-0.3724167 -0.591773 0.3548749
-0.5184287 0.8933685 -0.5978339
0.04837123 -0.25686 0.3931777
-0.3578145 -0.5484996 0.3541602
-0.04482076 -0.491104 0.3734983
-0.08807287 -0.577096 0.3876952
0.02887312 -0.5608192 0.4816766
-0.1914192 -0.2963255 0.3168172
0.001812566 -0.4260924 0.2943325
-0.06186561 -0.4576755 -0.2091411
-0.4598808 0.3708341 -0.1896429
0.0128736 -0.09052878 0.4232782
0.06930931 0.01083373 0.4244302
-0.07326793 -0.5327027 0.3866499
-0.09036613 -0.5481369 0.3739676
0.06012557 -0.3336897 0.3686984
-0.02165342 -0.5746321 0.4572185
0.03806752 -0.2115172 0.4017854
-0.267769 -0.3465107 0.1981539
0.04583263 -0.05959626 0.4648237
0.1108654 -0.3751286 0.4398004
-0.6493474 0.428731 0.3279529
-0.0358077 -0.5054075 0.3939351
0.04493666 -0.1173226 0.4824658
-0.3780165 -0.5504835 0.3152813
0.04591797 -0.162772 0.4677889
0.03367298 -0.1328955 0.4640663
0.6726306 -0.0990831 -0.2909094
0.02776382 -0.1807128 0.4111612
-0.5012558 -0.01507484 -0.2428041
-0.3420603 -0.5908664 0.3849753
0.1071216 0.01274302 0.4617624
-0.2553321 -0.1624307 -0.3035383
0.003497852 -0.04763928 0.3897858
-0.05483649 0.8535188 -0.2457373
-0.5357934 0.7951526 -0.4673842
-0.1213412 0.7804437 -0.2199887
0.06501076 -0.146719 0.4933455
0.09014071 -0.2688276 0.4571865
-0.5480597 0.257408 0.4291447
0.1178412 0.02666261 0.4507441
0.07483448 -0.07320654 0.4964601
0.2019881 0.1325369 -0.3372227
0.1040497 -0.3151516 0.4446962
-0.2049869 -0.266289 0.3261823
-0.05986033 -0.635793 0.05451009
0.5768468 -0.07492381 -0.3462998
0.05180581 0.02484936 0.3812741
0.1791408 0.902659 -0.405946
-0.505661 0.713907 -0.2284685
0.02188666 0.8906805 -0.2882108
-0.3200022 0.3172677 -0.1815151
-0.2932936 0.7075817 -0.07229161
-0.008427139 -0.4644487 0.3654985
0.04104344 -0.08857682 0.4705515
-0.02763724 -0.545385 0.4473628
-0.1315063 0.7484019 -0.2167142
-0.3991466 0.8577108 -0.7287847
0.09291396 -0.01557625 0.4768127
-0.02216542 -0.03578895 -0.3599634
-0.4867388 0.5137633 -0.1664009
-0.4271778 -0.07914769 0.3634186
-0.1849021 -0.3702221 0.3124654
-0.2499882 -0.3922374 0.1821758
0.001044588 -0.1365754 0.3913538
-0.05167925 -0.5460356 0.4259981
-0.2988935 -0.3428095 0.183957
-0.06718809 -0.5057275 0.3649652
0.033417 -0.06024689 0.4471602
0.02146 -0.1319568 -0.4888664
-0.5144393 0.7282639 -0.2800617
-0.5033038 0.7434847 -0.2767658
-0.4424627 -0.09411261 0.3492857
-0.04348746 -0.4783042 0.3556108
-0.259492 -0.3619449 0.1765439
0.06664271 -0.00231794 0.4423816
-0.1100775 -0.5635178 0.3515789
-0.05737506 -0.5327986 0.4009428
-0.09760861 -0.5350173 0.3511629
-0.3234474 -0.5762748 0.3960576
0.03428097 -0.01793349 0.4150118
-0.4699179 -0.6180549 -0.0833313
-0.2475883 -0.3960773 0.1351478
0.1617867 -0.5874638 0.1718187
-0.5991304 0.6021128 0.2434647
-0.453449 0.05018192 0.3404005
-0.2128267 -0.4007065 0.280733
-0.04162085 -0.5745255 0.4470642
-0.3628597 0.004572563 -0.2952932
-0.324194 -0.3616356 -0.07182229
-0.5435799 0.2390618 0.4238115
-0.03914626 -0.5183138 0.4126972
0.1316648 -0.5893625 0.1288866
-0.2544147 -0.3788831 0.1568112
0.1070896 0.1513844 -0.3294682
-0.1880914 -0.6255853 -0.2924133
-0.2768035 -0.1309009 -0.3227378
-0.5087008 0.6692469 -0.1786885
0.06146952 -0.1023044 0.4956068
-0.2738383 -0.3632995 0.1599577
-0.3621131 -0.1642546 -0.2891388
-0.01416564 0.8127308 -0.2773098
-0.07169999 -0.5619179 0.4011241
-0.2356846 -0.4026158 0.2430913
-0.5550675 0.5039823 0.3979776
0.09443925 -0.2535321 0.4675009
0.16152 -0.6377984 -0.351601
-0.4474865 0.6597859 -0.5949113
-0.2509695 -0.360249 0.2122336
-0.4044479 -0.5982794 0.2653093
-0.3904749 -0.5708562 0.2540457
-0.5663098 0.3006386 0.4309473
-0.5833121 0.315145 0.431918
0.03270235 -0.4253139 0.3234303
0.003967172 -0.2156345 -0.4626804
0.1534883 -0.5884025 0.01662317
-0.606938 0.3292032 0.4250595
-0.5773922 0.3681781 -0.143223
0.02576922 -0.3810378 0.3139907
0.6025633 0.2646931 -0.1318099
-0.5036023 0.006801815 0.3167212
-0.4916239 0.07826645 0.302599
0.07778906 -0.208552 0.4676396
-0.4701419 0.007431148 0.3432698
-0.05659643 -0.5750055 0.4315873
-0.3890349 0.872857 -0.742363
-0.3916695 -0.5727762 0.2265692
-0.4073384 -0.5995274 0.2522644
-0.407221 -0.6152923 0.2395395
-0.3944108 -0.6248813 0.2214173
0.3992518 -0.6290839 0.141953
-0.6071834 0.2864952 0.4270647
-0.3857496 0.4015745 -0.1861763
-0.5793761 0.4461492 0.4239502
-0.6012102 0.474191 0.3845486
-0.4677313 -0.1681158 -0.2361056
-0.2517695 -0.3054133 0.2747705
-0.384907 0.276842 -0.1884163
-0.2636838 -0.3800991 0.1351265
-0.5763469 0.2579733 -0.1233515
0.2339019 0.1631067 -0.3354734
-0.337591 0.5313094 -0.1348284
-0.4192207 0.6884143 -0.6745249
-0.4160102 -0.01266427 -0.2729259
-0.5025036 -0.07935037 0.3180332
-0.4611928 -0.1678705 0.3099054
-0.6004742 0.4313123 0.4151611
-0.6003247 0.4024813 0.4309367
-0.6033114 0.3732658 0.4347979
-0.4487878 -0.5671656 -0.06421717
-0.51429 -0.05061522 0.3139373
-0.5215431 -0.03668492 0.3058735
-0.5903304 0.5174433 0.3574028
-0.5780215 0.2580053 0.4279607
-0.4652994 -0.1233918 0.3276542
-0.3762246 0.7188881 -0.7088921
-0.4663019 -0.5923063 -0.03296474
-0.4644673 -0.6098312 -0.05217485
-0.4604675 -0.6277294 -0.05365748
-0.4501105 -0.5798906 -0.0494336
-0.3742833 0.2616852 -0.1952107
-0.4019091 -0.6026207 0.2191454
-0.1073256 -0.6088819 0.3644532
-0.1921338 -0.008163039 -0.325511
-0.6146285 0.4020013 0.4148945
-0.4149328 -0.5607978 -0.1128344
-0.4598595 -0.5770213 -0.02474097
-0.04070355 -0.4274577 -0.2064852
0.4221846 0.1821354 -0.2988238
-0.6170817 0.4449333 0.3860206
-0.04683669 -0.3471613 -0.2500466
-0.5111541 0.1217106 0.2769784
-0.1478258 -0.3338391 -0.2350176
-0.223621 -0.1002245 -0.3254363
-0.3825283 -0.5936823 0.1695361
-0.4498651 -0.5752828 -0.005050868
-0.4385269 -0.5473689 -0.01706119
-0.116104 -0.2867683 -0.2530331
-0.4837629 0.03571841 0.3260863
-0.4027733 -0.6103004 0.2951325
-0.1163174 -0.2397618 -0.2751232
-0.4263885 -0.6195589 0.04123048
-0.6280894 0.03083318 0.1691521
0.6607164 -0.5398065 0.212031
-0.4429 -0.620423 0.02043107
-0.3208555 0.6684788 -0.07193962
-0.6193643 -0.04132481 0.1777812
-0.6613151 0.5571755 0.1866556
-0.4338229 -0.6038259 0.0251776
-0.116712 -0.146687 -0.3036877
-0.4495344 0.6291519 -0.5858982
-0.6419556 0.2713916 0.4010921
-0.5978396 -0.08481154 0.1875729
-0.6097113 -0.02587991 0.197834
-0.6115777 0.01755357 0.1982712
-0.6060953 0.0749812 0.1910715
-0.4227512 -0.6028447 0.0441104
-0.400512 -0.5465477 0.0206124
-0.04602604 0.7808596 -0.2624195
-0.6283134 0.3723381 0.3992788
-0.4124369 -0.5879012 0.04846227
-0.1709931 -0.634737 -0.3400066
-0.5854134 0.1184893 0.199242
-0.2646971 -0.3542331 -0.1841177
0.04500066 -0.6074526 -0.4045914
0.7714332 -0.529332 -0.09503229
-0.1174266 -0.006680465 -0.3425452
-0.5125195 0.06370687 0.2936712
-0.3942294 -0.5597739 0.04483571
-0.4757951 -0.2382258 -0.1652596
-0.5883146 -0.0396715 0.2219507
-0.5918131 0.03292372 0.2232626
-0.6709042 0.2547734 0.1862503
-0.4064744 0.3236566 -0.1902189
0.03933683 0.7653189 -0.2736192
-0.5795467 -0.08253956 0.2298971
0.1004658 0.9957334 -0.2777258
-0.6215509 0.5734842 0.2515284
-0.2688463 0.5725989 -0.1120985
-0.3186689 -0.4931305 -0.002224284
-0.3654409 -0.6381505 -0.1790939
-0.3765766 -0.6386303 -0.1808645
-0.4600835 0.416838 -0.1804272
-0.5618513 -0.1561482 0.2143349
-0.5670565 -0.125749 0.2337263
-0.3101251 -0.3568144 -0.1128771
-0.6328892 0.5445892 0.2633362
-0.6086126 0.5877452 0.2533524
-0.5518036 -0.1550176 0.232265
-0.3883629 0.781073 -0.7321873
0.02985441 -0.6228548 -0.4037915
-0.4784937 0.1589574 0.3110574
-0.5694031 0.04801671 0.2456086
-0.1486684 -0.1620147 -0.3019704
-0.5303856 0.7804117 -0.4246549
-0.5176712 -0.1239891 0.2895754
0.3938333 0.08476231 -0.3204231
-0.3782405 -0.616743 0.0906264
-0.3752752 -0.601778 0.08741581
0.2880657 -0.05670567 -0.4736242
0.288695 -0.04030076 -0.4716402
-0.65179 0.233654 0.1940901
-0.6715869 0.2556054 0.3554721
-0.6772081 0.2844792 0.3601867
-0.677752 0.2988468 0.3601013
-0.6196523 0.1946151 0.1441075
-0.6541793 0.3856069 0.349115
-0.490344 -0.04532471 -0.2519984
-0.129629 -0.5041169 -0.2791444
-0.3422949 -0.5458543 0.06806703
-0.2907657 -0.4785815 0.01475656
-0.4102717 -0.5643284 -0.1395217
0.05710698 -0.5865359 -0.1803845
0.00215389 -0.1249597 -0.4739868
-0.5569234 0.005404573 0.2645307
-0.08035038 -0.636305 -0.4204417
-0.6254761 0.5163554 0.3170519
-0.5971036 0.5738257 0.2873248
-0.2999388 -0.5058661 0.03983318
-0.5448491 -0.1094828 0.2712719
-0.282446 -0.4923733 0.03703859
0.3191368 0.2230624 -0.2999011
-0.08819015 -0.4788803 -0.2360096
-0.5426839 -0.06606004 0.2827916
-0.5403586 -0.008771072 0.2785784
-0.5409025 0.03463034 0.2776824
-0.09036613 -0.6198895 0.1682882
-0.290435 0.5885559 -0.1138157
-0.6568778 0.32819 0.3840153
-0.5985969 0.5457838 0.3196225
-0.2179785 0.7664707 -0.06511315
-0.1916433 0.797254 -0.09224837
-0.3481614 -0.6004235 0.1205562
-0.2620305 -0.4490571 0.03046811
-0.342327 0.2925003 -0.1910828
-0.5331693 -0.09453926 0.2890741
-0.2061068 0.7158163 -0.1678515
-0.6516299 0.2998921 0.3947777
-0.6331347 0.4154727 0.372421
-0.330946 -0.5866425 0.1266574
-0.3089626 -0.1162346 -0.3188339
-0.2881952 -0.0236293 -0.3293935
-0.3014961 0.4821909 -0.1455589
0.2254329 0.04421942 -0.408282
-0.6597258 0.2112866 0.1138684
0.1577121 0.2490883 -0.2627608
-0.003488632 -0.5483609 -0.4101166
-0.03427171 0.1612401 -0.2969359
0.23035 0.06364291 -0.3647312
0.2144144 0.2063695 -0.3028983
0.9011788 -0.2520068 -0.05183353
0.4237312 0.3546425 -0.1435216
-0.3512974 0.8728676 -0.7500855
0.5944143 0.249515 -0.1579105
-0.2492095 -0.4299324 0.1897382
-0.4087464 0.8100321 -0.7027376
-0.4210553 0.8402073 -0.6919644
-0.4599768 0.9149892 -0.6915593
0.02921445 -0.4132181 -0.3866399
0.5786387 -0.5699495 -0.1437669
-0.4194767 0.7048298 -0.6814261
-0.4415454 0.8550122 -0.6707704
-0.4770857 0.8998536 -0.6706957
-0.4307937 0.6742601 -0.6484244
-0.5082422 0.8992563 -0.6487658
-0.4324896 0.7498419 -0.6380994
-0.4388788 0.6592631 -0.6272838
-0.4559556 0.8246771 -0.628169
-0.4764671 0.8541375 -0.6286064
-0.4382495 0.6895983 -0.6162226
-0.4493424 0.7948752 -0.61714
-0.5193673 0.8692945 -0.6172786
0.5015423 0.07267727 -0.333948
-0.4447239 0.7349198 -0.5951459
-0.4596782 0.7948006 -0.5958499
-0.4852348 0.8242292 -0.5856209
-0.5318894 0.8544042 -0.5850342
-0.4471452 0.704862 -0.5736426
-0.5286683 0.838554 -0.5748371
-0.1489564 -0.5015463 -0.2261859
-0.5379692 0.8235571 -0.5324597
-0.4494812 0.6898222 -0.5628269
-0.4891921 0.8091149 -0.5643309
-0.4608301 0.6303679 -0.5518299
-0.4604995 0.7500125 -0.5527045
-0.5317401 0.8240157 -0.5533339
-0.4573529 0.675188 -0.5201401
-0.479731 0.7649242 -0.5209187
-0.4928399 0.7793238 -0.5213774
-0.5384067 0.809691 -0.5208867
-0.2823073 -0.48656 0.2113803
0.3772898 0.3000308 -0.2336097
0.4561782 0.3307179 -0.1602784
-0.6762374 0.2414938 0.3035909
-0.5373719 0.7947579 -0.4995327
-0.6639178 0.4149501 0.2066444
0.4303976 0.2619199 -0.2566917
0.4266751 0.2334087 -0.2685419
0.3680741 0.004039279 -0.4296147
0.372266 0.3540772 -0.163841
0.5079207 0.140142 -0.2753578
-0.4768724 0.7352397 -0.4885677
-0.1121788 0.8598868 -0.1795098
-0.02774393 0.2605759 -0.2304738
0.5853478 0.2116172 -0.2026452
0.003423171 0.190498 -0.2851922
0.1225877 0.2027535 -0.2987491
0.3406829 0.1470644 -0.3118047
0.4369574 -0.0160242 -0.4082393
0.3067319 0.07972778 -0.3390467
0.3134836 -0.62694 0.06456847
-0.491464 0.7496393 -0.47836
-0.5353454 0.7801557 -0.4779654
0.4249791 0.1984124 -0.2945252
0.4102383 -0.6242734 -0.174678
0.5364212 0.1946685 -0.2482119
0.558874 0.2578134 -0.1883949
0.007444405 -0.09501922 -0.4742428
-0.001056667 -0.09428326 -0.463747
0.02167331 -0.05861496 -0.4681842
0.4550155 0.1908286 -0.2866962
-0.4662167 0.6606071 -0.4667016
-0.4715392 0.7053633 -0.4669789
0.04026478 -0.01044567 -0.4385211
0.5359839 -0.0007286014 -0.3389826
-0.01844284 -0.1686172 -0.4526647
-0.2337754 0.7256718 -0.141367
-0.5328175 0.7652975 -0.4565793
0.6147016 0.1812607 -0.2127036
0.6122057 0.1443339 -0.2371082
-0.4726273 0.6458663 -0.4453156
0.6903155 -0.0315224 -0.2631981
0.001481927 -0.2605292 -0.4302014
-0.01830419 -0.2140131 -0.4307561
-0.03345042 -0.1673266 -0.4310653
-0.03044251 -0.13729 -0.4310014
-0.009003123 -0.06315886 -0.4313427
-0.001238012 -0.04811925 -0.4315987
0.009865653 -0.03368762 -0.431524
0.04453135 -0.5891597 -0.1212502
-0.5352601 0.7653936 -0.4351932
0.03469696 -0.3685582 -0.4187351
0.02767849 -0.3529105 -0.4190977
-0.0223681 -0.09257665 -0.4204737
-0.5894667 -0.1240638 0.1881809
-0.4938959 0.7200508 -0.4247295
-0.5311748 0.7502899 -0.4246442
0.4023024 0.05712574 -0.3362308
-0.002699321 -0.2751101 -0.4089113
-0.04081021 -0.1364367 -0.4093167
-0.03684233 -0.1066243 -0.4095619
-0.6406969 0.05165391 0.1232227
-0.2543401 -0.4593288 0.200554
0.8828647 -0.3532199 -0.1199169
0.4099822 0.2766181 -0.2511344
0.005833768 -0.3359403 -0.397797
-0.0170669 -0.2586199 -0.397893
-0.04154618 -0.1814062 -0.3987036
-0.6460623 0.008583114 0.1233721
-0.4764778 0.6758173 -0.4028102
0.3031159 -0.5862799 0.1418356
-0.6460302 -0.02018411 0.1235214
0.195631 0.3612557 -0.1264447
0.32223 0.04527539 -0.3879625
0.01834542 -0.3820831 -0.3866719
-0.01198971 -0.3042826 -0.3872692
-0.04892734 -0.1809155 -0.3878239
-0.04458611 -0.1510496 -0.3878132
-0.640825 0.4735299 0.195658
-0.4948666 0.7053846 -0.3924958
-0.5300122 0.735325 -0.3925917
-0.153767 -0.6077939 -0.3755469
0.3300699 0.2860364 -0.2392628
-0.1371061 -0.5946956 -0.385008
0.3437122 0.2584854 -0.2739925
-0.04228218 -0.2116239 -0.3770935
-0.05410049 -0.1653 -0.3770829
-0.03550905 -0.07640644 -0.3776055
-0.1545136 -0.6317291 -0.3793121
-0.1545776 -0.5924344 -0.3644966
-0.1337569 -0.5644991 -0.3642193
0.01316158 -0.4115756 -0.3651686
-0.05141258 -0.1053656 -0.3666192
-0.5899572 0.1796822 0.1868369
-0.4804137 0.6462927 -0.3706724
0.2379978 0.2079054 -0.3046796
0.1515043 0.1721091 -0.3088715
-0.1238371 -0.5506862 -0.3532009
-0.005963194 -0.3345537 -0.3548222
-0.02549332 -0.2879097 -0.3552275
-0.03081582 -0.2573186 -0.3553022
-0.05524179 -0.195155 -0.3555902
-0.5285935 0.7204026 -0.3606567
0.1158466 -0.01475489 -0.4763227
-0.1624601 -0.591517 -0.3405612
-0.0003420384 -0.3801205 -0.3438891
-0.01413362 -0.3187462 -0.3442518
-0.05111392 -0.2104613 -0.3448172
-0.06201494 -0.149631 -0.3455318
0.195375 -0.6111111 -0.3663312
-0.4884241 0.6758173 -0.3496169
-0.5230471 0.7060672 -0.3495637
-0.1725398 -0.5907064 -0.3318256
-0.1384395 -0.5331827 -0.3327855
-0.001995307 -0.3799818 -0.3333721
-0.02913053 -0.287355 -0.3337561
-0.06214293 -0.1644466 -0.3343961
0.1910551 0.300852 -0.2110823
0.1887939 0.3395709 -0.1669236
-0.5239857 0.736029 -0.339068
0.1242837 0.02290806 -0.4292947
0.1119321 0.9754674 -0.3419372
0.1716104 -0.6251054 -0.3682938
-0.008533803 -0.4245031 -0.3224497
-0.05924168 -0.2097039 -0.3235057
-0.06202558 -0.1944404 -0.3235377
0.3284378 -0.593085 -0.1000562
-0.491432 0.63168 -0.3278469
-0.4881361 0.6612472 -0.3281456
-0.5269297 0.7061739 -0.3282416
0.6738467 -0.442892 -0.1679795
-0.6424676 0.458725 0.1850983
-0.1743104 -0.5752614 -0.3108448
-0.01918952 -0.4685552 -0.3115594
-0.009568423 -0.4543903 -0.3114954
-0.01409099 -0.3651236 -0.3121887
0.1355047 0.05372316 -0.3548115
-0.5003812 0.6169177 -0.3171273
0.1101615 0.9956695 -0.3193565
-0.1501191 -0.5322654 -0.3003917
-0.009568423 -0.454369 -0.3008611
-0.01415499 -0.4088769 -0.3012131
-0.2843019 -0.6291053 -0.2193914
0.2365472 0.2366725 -0.2711766
-0.5187805 0.6762654 -0.3068449
0.2169958 -0.01544818 -0.4746055
0.06706937 0.9385406 -0.3079969
-0.06176963 -0.4812375 -0.2898747
-0.03246912 -0.4674246 -0.2794537
-0.1864593 -0.6040073 -0.2893201
-0.04343414 -0.2862458 -0.2914107
-0.4909306 0.6458341 -0.2959759
0.2710636 0.3550905 -0.1638623
-0.1623107 -0.546025 -0.2790057
-0.02777592 -0.3624569 -0.2801257
-0.04638873 -0.301072 -0.2808083
0.2395124 0.3391443 -0.1888856
0.7239891 -0.383171 -0.1492281
-0.5026423 0.6023368 -0.2850109
-0.5223324 0.6765212 -0.2854589
-0.2465643 -0.6208602 -0.2272739
-0.184838 -0.5740775 -0.2680406
-0.02037346 -0.453217 -0.2688299
0.3057719 0.06735473 -0.3472918
0.1687411 -0.05450835 -0.4994687
0.08969272 0.05269919 -0.3540543
0.5587993 0.2260809 -0.2182394
-0.1689559 -0.6239747 0.3615946
-0.130269 -0.6292546 0.2624614
-0.5026318 0.6172056 -0.2744512
-0.5169352 0.6618446 -0.2746752
-0.1621721 -0.5309108 -0.257737
-0.01908282 -0.4382414 -0.2582596
-0.02055477 -0.4080343 -0.2584302
-0.0424955 -0.3309271 -0.2588355
0.07487714 0.2729489 -0.223082
0.03990215 0.02119079 -0.3638993
0.1622347 -0.001187272 -0.4685149
0.1610294 -0.02551722 -0.4863064
-0.4921573 0.6319253 -0.2639554
-0.49156 0.1828181 -0.176438
-0.1999843 -0.6024074 -0.2466866
-0.03694903 -0.3614117 -0.2479986
0.3422829 0.2238836 -0.3007864
0.6109257 -0.1526496 -0.3299375
0.1478351 0.06691743 -0.3473664
0.8777235 -0.3086451 -0.1011228
-0.5054157 0.6024434 -0.2530651
0.01048434 0.9225302 -0.2544944
0.5722923 0.1442272 -0.2583022
0.1136067 0.04353676 -0.3656059
0.4031344 0.358461 -0.1476388
0.1895512 0.2120334 -0.2874001
0.03431299 -0.592253 -0.4047087
-0.4894694 -0.1045124 -0.2500785
0.8808914 -0.2693822 -0.07696348
-0.4972024 0.6303146 -0.2425054
-0.4682753 -0.1368954 -0.2513798
0.06590673 -0.5847439 -0.2596462
-0.51445 0.01383097 -0.2281165
-0.01554158 0.2190731 -0.2726059
-0.1834088 -0.5419504 -0.2178448
-0.4046184 -0.637009 -0.1685662
0.3870495 0.3811056 -0.1075226
0.1536802 0.9581984 -0.3883252
-0.5254043 -0.01458423 -0.2181754
0.2370912 0.3549412 -0.1632757
-0.5036983 0.5878626 -0.2209061
-0.5149513 0.6470715 -0.2212794
0.4984597 0.1011031 -0.3188019
0.2932389 0.0337984 -0.4183724
0.5478876 -0.06521745 -0.3566461
-0.4989091 -0.147839 -0.2075944
-0.5327427 -0.0722892 -0.2070505
-0.009749769 0.1758211 -0.290952
0.6302212 0.1141162 -0.2474012
-0.4967545 0.618027 -0.2107943
0.2548826 -0.6111325 0.4224355
0.162832 0.3118598 -0.1793179
0.5748947 0.0521872 -0.3095115
-0.5336068 -0.1162987 -0.1968641
0.5071847 0.2035749 -0.2579183
0.4700446 0.304052 -0.1955947
-0.01457096 0.3163716 -0.1396177
-0.5040184 0.602742 -0.1997119
-0.2586387 -0.2257569 0.3365394
-0.09864322 0.859908 -0.2005759
0.44084 0.3025906 -0.2153702
0.3102624 0.173293 -0.3103648
0.09626319 -0.6271746 -0.3891038
-0.5478251 -0.08566485 -0.185451
0.4659059 0.02785725 -0.3478891
0.3871668 0.2657598 -0.2606169
-0.3206955 0.06655481 -0.2974265
-0.5041357 0.5730578 -0.1889176
0.2950202 0.01564428 -0.4422757
0.624952 -0.01516017 -0.3021304
0.1392699 0.2989748 -0.1865497
0.07415184 0.1641092 -0.3217458
-0.5657232 0.002492606 -0.17503
-0.5518783 0.04537144 -0.1752966
0.8594306 -0.2674837 -0.07907542
0.6535699 -0.0256132 -0.291016
0.03797153 0.2883831 -0.196096
0.1986922 -0.06244414 -0.4910743
-0.4761151 0.5280031 -0.1783259
-0.5035384 0.6028274 -0.1785499
-0.5131807 0.6325867 -0.1785392
-0.01029377 -0.62534 0.4332619
0.6427861 0.2020176 -0.1709661
0.5572954 0.07329595 -0.3102261
-0.5239964 -0.1891499 -0.1644277
-0.5534569 -0.1144001 -0.1644277
-0.5637712 -0.07024126 -0.1647796
-0.5519423 0.08912483 -0.164769
0.08678082 0.199639 -0.2953679
0.08854076 0.2240329 -0.2784298
0.1341288 0.3414055 -0.1250687
-0.5137247 0.5877666 -0.1689822
-0.1624707 0.8142666 -0.1685875
-0.2696996 -0.4450679 -0.1515214
0.6303812 0.2424537 -0.1290579
-0.271321 -0.4149141 -0.151884
-0.0747079 -0.5002663 -0.3490624
-0.5509183 -0.1435405 -0.1536226
-0.5839521 -0.04000217 -0.1538893
0.0849675 0.2920629 -0.2004692
0.1547255 0.2101453 -0.2852562
0.6192562 0.01759624 -0.2939599
-0.5057676 0.5581995 -0.1570145
-0.282926 -0.4732377 -0.141079
0.6239601 -0.1273063 -0.313138
-0.2795768 -0.3995119 -0.1414203
-0.4377801 -0.2711635 -0.1442256
-0.5939678 -0.02474931 -0.1430523
-0.5541715 0.1327716 -0.1433403
-0.5387372 0.1609734 -0.1432336
-0.5143434 0.1898153 -0.1443216
0.1233984 0.2471683 -0.2604355
-0.5204659 0.6031901 -0.1466789
-0.5156127 0.6327361 -0.1465189
0.6841716 0.1505844 -0.1580172
-0.1882513 0.7991312 -0.1472868
-0.3695474 -0.6348864 0.06650975
-0.3872322 -0.5377585 -0.1295273
-0.5267056 -0.2186531 -0.1327485
-0.5818187 -0.1125548 -0.1324925
-0.5887732 0.06205357 -0.1326205
0.4565835 0.1396834 -0.2956559
0.5751294 0.1922899 -0.2245326
-0.3121304 0.4318669 -0.1583798
0.3659515 0.2574827 -0.2730539
-0.5402307 0.5142967 -0.1345618
-0.5205299 0.5586795 -0.1354152
-0.5207112 0.5735161 -0.1355752
0.4167874 0.07407451 -0.3327214
-0.3185836 -0.4993064 -0.1194156
-0.303736 -0.4856747 -0.1197036
-0.2896351 -0.4426787 -0.1198849
-0.4123197 -0.3151836 -0.1213035
-0.4573529 -0.2675903 -0.1215062
-0.5437292 -0.2015122 -0.1208555
-0.5532116 -0.186366 -0.1213888
-0.5951304 -0.09670456 -0.1214208
-0.5938718 0.04785662 -0.1220075
-0.5879306 0.0911514 -0.1223062
-0.5644006 0.1478858 -0.1221675
-0.5441558 0.1900607 -0.1136557
0.6554472 0.02116949 -0.2550064
0.4741084 -0.02103736 -0.3813387
-0.5264069 0.5882573 -0.1251327
-0.2341487 0.7531378 -0.125634
-0.4674539 0.5849188 -0.4254655
-0.3983893 -0.5369478 -0.1079706
-0.3837443 -0.6275907 0.0762268
-0.6037807 -0.05281246 -0.1107758
-0.6066287 -0.009325723 -0.1110425
0.2619438 0.02814526 -0.4338492
0.4371708 0.01660422 -0.3785228
-0.5977651 0.2892045 -0.126274
-0.6194816 0.3099292 -0.1128771
-0.5985222 0.3518906 -0.1300392
-0.5175645 0.632544 -0.1145091
-0.2606545 0.7222907 -0.1144877
-0.2126239 0.7841237 -0.1154157
-0.4221113 -0.5484782 -0.09767755
-0.3012508 -0.4563529 -0.09837086
-0.2963443 -0.4123116 -0.09864819
-0.4987491 -0.2484335 -0.0993415
-0.5752375 -0.1409486 -0.09962949
-0.6063194 -0.08135564 -0.09996015
-0.607866 0.01980413 -0.1004935
0.006271106 0.2607572 -0.2309644
0.7296743 -0.5860665 0.07327222
0.02627053 0.2020283 -0.2760511
-0.6218602 0.2810233 -0.1020614
0.113468 0.3549092 -0.07433955
-0.5670244 0.4852948 -0.1025947
-0.5574034 0.5296455 -0.1032134
-0.5559208 0.5590954 -0.1031174
-0.4024532 -0.5213217 -0.07619549
-0.301912 -0.382467 -0.08819515
-0.5314628 -0.2161891 -0.08856848
-0.5613819 -0.1853741 -0.08882447
-0.5704057 -0.1702598 -0.08892047
-0.6070234 0.06326958 -0.09016844
-0.5726777 0.177773 -0.09060576
-0.6329213 0.2960096 -0.09117106
-0.6306174 0.354184 -0.09151238
-0.6149912 0.3977346 -0.09129906
-0.5996742 0.4414665 -0.09119241
-0.2838646 0.707187 -0.09330434
-0.2612732 0.7380448 -0.09379499
-0.2266609 0.7687001 -0.094083
-0.3189462 -0.4840747 -0.07691013
-0.3114264 -0.4699525 -0.07691013
-0.4841682 -0.279654 -0.07888342
-0.6100953 -0.09530723 -0.07858476
-0.6086767 -0.008984399 -0.07886209
-0.5798454 0.1925138 -0.08061137
-0.5546515 0.6032541 -0.08185933
-0.5451905 0.6172804 -0.08147534
-0.4250339 -0.532852 -0.06578512
-0.3017201 -0.4263805 -0.06621177
-0.5899892 -0.1256424 -0.0679184
-0.6240577 -0.06564411 -0.06795041
-0.5870773 0.1640026 -0.06946503
-0.6206551 0.2375686 -0.07004101
-0.642265 0.2819407 -0.06957169
-0.6319186 0.3983959 -0.07030766
-0.6189271 0.4419787 -0.07017968
-0.6053595 0.4860094 -0.07068098
-0.5712057 0.5741882 -0.0711823
-0.4095036 -0.5195298 -0.0550441
-0.2997042 -0.4118848 -0.05553475
-0.5552915 -0.2151119 -0.05695338
-0.618799 -0.09446459 -0.05720938
-0.6229909 0.006503157 -0.05863867
-0.6265428 0.03559034 -0.0577427
-0.6044209 0.1212519 -0.05839334
-0.5901493 0.1785835 -0.05913998
0.5016062 -0.09206466 -0.3935517
0.5666711 0.2722556 -0.1612917
0.2981028 0.117284 -0.3330522
0.532624 0.1656026 -0.2599555
0.5183418 0.0851996 -0.3230257
0.4978837 0.3133211 -0.1630304
0.6246108 0.1999056 -0.1900696
0.5992461 0.09839388 -0.2734059
0.5429705 -0.03057311 -0.3498517
0.5291361 0.1375288 -0.2723393
0.6507007 0.1634266 -0.1934614
0.4565515 -0.01111767 -0.3918025
0.06443478 0.03593167 -0.3577661
0.05965625 0.01630556 -0.4016795
0.5107367 0.2529389 -0.2259192
0.9093706 -0.2905977 -0.07611016
0.1154413 0.00608722 -0.454894
0.5039102 -0.01844541 -0.3628753
0.6045793 0.06543478 -0.280755
0.0766051 -0.5909624 0.1190522
0.1460111 0.268853 -0.2408201
0.1080495 0.2715409 -0.221738
0.5847825 -0.02641326 -0.3327855
0.4835588 0.3391337 -0.126722
0.8455537 -0.3275673 -0.1255488
0.5373172 0.2915937 -0.1611104
0.461362 0.277418 -0.2309004
0.7675719 -0.3036213 -0.106936
-0.03777028 0.3260353 -0.1285673
0.4907159 0.247339 -0.2410121
0.559482 0.109263 -0.2848296
0.2943802 0.28273 -0.2353696
0.6973019 -0.05087122 -0.2641474
0.6796598 0.05627243 -0.2283618
0.09009804 0.01116434 -0.4388411
-0.07183867 -0.5160952 -0.3767736
0.6681401 0.1852821 -0.1527373
0.6665615 0.09642062 -0.2285111
0.5799506 0.01848149 -0.3163699
0.3425068 0.3827483 -0.1085892
0.7794862 -0.2797712 -0.08807783
0.7757102 -0.3320578 -0.1213462
0.7730438 -0.3706914 -0.1464442
0.2935802 0.3236566 -0.1938774
0.196047 0.009628451 -0.4580298
-0.06131097 0.2183585 -0.271646
0.5541915 -0.0963312 -0.3666512
0.1373606 0.3271233 -0.1525347
0.7963925 -0.2249569 -0.05882
0.7897047 -0.293691 -0.09561894
0.183866 0.02946788 -0.4357799
0.16232 0.1600774 -0.3175432
0.1700211 0.1322169 -0.3355373
0.2560133 0.3688075 -0.1356605
0.4482531 -0.6257454 0.2262065
0.02098003 0.3309632 -0.08937912
0.6829984 0.01817212 -0.2306551
0.8019069 -0.2472496 -0.05698538
-0.3694301 0.6316693 -0.09414698
0.2511067 0.3289793 -0.1994347
0.2812499 0.2040975 -0.3006371
-0.3586571 0.6090139 -0.1127064
0.3512746 0.3360511 -0.1867416
0.371114 0.3936387 -0.0775608
-0.1483592 -0.6151109 -0.3886985
-0.3499854 0.6473595 -0.06825972
-0.3486201 0.6280748 -0.09074441
0.06682404 -0.00138995 -0.4475555
0.5344693 0.05120589 -0.3295002
-0.3361724 0.6403623 -0.08311797
-0.02289073 -0.5191778 -0.3951623
-0.3264979 0.6160752 -0.09945883
-0.3319699 0.5748602 -0.1180289
-0.1561989 0.1759489 -0.2906961
-0.1499484 0.1447498 -0.3092128
0.46181 0.1715757 -0.2870055
0.2280674 0.2852471 -0.2377482
0.7443941 -0.5651605 0.1354038
-0.3065839 0.6518821 -0.09693091
-0.3214101 0.5727696 -0.115789
-0.3270206 0.5397145 -0.1229781
0.8016296 -0.4749763 -0.1420283
-0.04951392 -0.6199855 -0.4252522
-0.2805473 0.6673909 -0.1132504
0.1444324 0.1038016 -0.3432706
0.7169387 -0.556222 -0.1146904
0.4569142 0.2156491 -0.2709847
0.8118267 -0.2380232 -0.04496439
-0.3093678 0.4990331 -0.142743
-0.2986481 0.5193631 -0.1217302
0.09466324 0.3097692 -0.1767366
0.3849696 0.2190412 -0.2955599
0.812328 -0.383331 -0.1532387
0.4499277 0.2453763 -0.2602009
0.4636766 -0.6116764 0.3707143
0.3339097 0.1103296 -0.3285722
-0.279054 0.4490505 -0.1305619
-0.2987655 0.292895 -0.1981546
0.08859409 0.3301206 -0.1338151
0.419934 0.1127188 -0.3103861
-0.2862752 0.3279659 -0.1714354
-0.2602279 0.4313976 -0.1328338
0.007551068 0.8966003 -0.2732672
-0.2728463 0.3531705 -0.1555746
-0.2746915 0.3281793 -0.1713608
-0.2733369 0.2658877 -0.2348256
0.8191544 -0.2252769 -0.01548258
-0.2524414 0.4139795 -0.1352872
-0.2794594 0.3693622 -0.1544546
-0.2487189 0.3770844 -0.1385404
-0.2505962 0.244331 -0.255209
-0.2395245 0.3627063 -0.1443002
0.8476869 -0.2470469 -0.05741204
-0.2261703 0.410545 -0.1096879
-0.2289328 0.383015 -0.1229141
-0.2242503 0.3065906 -0.2138876
-0.225093 0.2719142 -0.2417267
-0.2461696 0.1744237 -0.2922213
0.8232183 -0.3271299 -0.126082
-0.2190451 0.3694261 -0.1299113
-0.2159732 0.3537893 -0.1565879
0.8206905 -0.3543825 -0.1416017
-0.2108 0.3760287 -0.1143277
-0.2076214 0.2299954 -0.2621315
0.1118574 0.2358939 -0.2697792
-0.2023096 0.3803057 -0.09862686
-0.1892859 0.3295231 -0.1957441
0.1214785 0.9542521 -0.361062
-0.1940752 0.3850949 -0.08153934
-0.1811262 0.3555277 -0.1589771
-0.1896912 0.187778 -0.281587
-0.04934334 -0.6392702 -0.4115566
-0.1672812 0.3393682 -0.184875
-0.1700865 0.2475524 -0.2592409
-0.1918353 -0.6264707 0.3588107
0.3297818 0.1930366 -0.3104714
-0.1552709 0.3084145 -0.2165115
-0.1566576 0.2733649 -0.2438174
-0.1668546 0.1996816 -0.2729579
0.8361993 -0.3017013 -0.1086639
-0.1510791 0.3587918 -0.1409297
0.8434311 -0.3549372 -0.1390631
-0.1335756 0.2958815 -0.2248526
-0.1400181 0.2292488 -0.2612996
-0.3359058 -0.5605098 -0.1781232
-0.1223225 0.3172463 -0.2045971
-0.3343485 -0.5346013 -0.1591051
-0.1135015 0.3337045 -0.1792432
-0.1160827 0.2536107 -0.244372
-0.1015231 0.3029532 -0.2109863
-0.1078589 0.1935805 -0.2881788
-0.09338472 0.328894 -0.1741767
-0.09384336 0.2316061 -0.2640941
-0.2828939 -0.5092686 -0.1626037
0.6190321 -0.08217693 -0.3177139
-0.08408365 0.3355391 -0.1599905
-0.0822917 0.2425391 -0.2542171
-0.02276273 -0.5955382 0.2179401
-0.07272396 0.2822393 -0.2102824
-0.07309727 0.2599039 -0.2296098
-0.2994481 0.08235167 -0.3002318
-0.4594222 0.2920523 -0.185067
-0.3093358 -0.07060394 -0.3194525
-0.4591981 0.2294088 -0.1772379
-0.4161915 0.01814017 -0.2718593
-0.223909 -0.03901022 -0.3257136
-0.4269965 0.06356823 -0.2571611
-0.2696889 0.6516368 -0.1233408
-0.4818216 0.4947025 -0.1661023
-0.330146 -0.1479777 -0.3012024
-0.3198955 -0.08621956 -0.3164659
-0.4920186 0.3854257 -0.1793499
-0.4275191 0.2924149 -0.1899735
-0.256772 0.1590214 -0.2946532
-0.2974109 -0.2566786 -0.2496305
0.8332981 -0.4138154 -0.1460709
0.8331914 -0.3984985 -0.1485988
0.6318425 -0.5056742 -0.164033
-0.4461746 -0.2493402 -0.1658036
-0.3298792 0.005212545 -0.3019597
-0.2458497 0.08382359 -0.3228658
-0.2744249 -0.5678056 -0.2036479
-0.524519 0.4940625 -0.1505721
-0.2332527 -0.2737234 -0.2355936
-0.2328687 -0.3056372 -0.2164369
0.7803609 -0.4429773 -0.1616864
0.7805742 -0.3982105 -0.1580812
-0.353132 0.3079451 -0.1886509
-0.4283085 0.4639408 -0.1814618
-0.4779178 -0.2004988 -0.1978666
0.7701318 -0.4906026 -0.1453349
-0.35262 0.03500368 -0.2878695
-0.2588626 0.6201603 -0.127906
-0.1482525 -0.2392391 -0.2831443
-0.2692196 0.604374 -0.1217835
-0.3955201 0.1707224 -0.234815
-0.1284131 0.08412232 -0.3214898
0.7594761 -0.5070181 -0.1363858
0.7592307 -0.4577395 -0.1656329
0.7593161 -0.4130688 -0.1640757
-0.3086425 -0.1941631 -0.292008
-0.2980828 -0.1628147 -0.3041356
-0.3079066 -0.2928057 -0.1951468
-0.2993628 0.1734423 -0.2819816
-0.3099864 0.02176674 -0.3187805
0.2020095 0.162616 -0.3299482
-0.2561533 0.007047159 -0.3269723
-0.2993948 0.1885781 -0.2765951
-0.4446706 -0.6324971 -0.008058784
0.7373435 -0.4729924 -0.1615584
-0.4242979 -0.6199855 -0.1539853
-0.3529399 0.1121962 -0.2868562
0.727573 -0.4580915 -0.165665
-0.4485958 0.2451525 -0.1798512
-0.4353589 -0.2298848 -0.2059732
-0.3526733 0.09677259 -0.2904401
0.7142721 -0.3979759 -0.1553293
0.7167254 -0.383651 -0.153932
-0.5342575 0.3532878 -0.1613877
-0.4253325 -0.197139 -0.2512945
-0.3327059 0.3700339 -0.174902
0.7062724 -0.5385371 -0.1345618
0.7060378 -0.4431053 -0.165473
-0.4368094 -0.1199572 -0.2763925
-0.3518093 -0.0721399 -0.3000398
-0.1917925 -0.06942004 -0.3288922
-0.3328979 0.416838 -0.1711261
-0.4490758 0.1996177 -0.19584
-0.5350254 0.4468425 -0.1448122
0.6849929 -0.5050662 -0.1588278
-0.4370441 -0.07420915 -0.2766058
-0.3845443 0.01952676 -0.2875921
-0.1496178 0.02337737 -0.3336388
-0.2741902 -0.3085065 -0.1900802
-0.2161225 0.6363198 -0.1506574
-0.2347566 0.006993844 -0.325607
-0.255684 -0.08535554 -0.3240177
-0.4483718 0.07822378 -0.2462706
0.4588554 -0.06025761 -0.4154711
0.6631696 -0.4580595 -0.1676382
-0.4482332 0.03278514 -0.2610542
0.6528233 -0.4896212 -0.1608438
-0.4478065 -0.02855719 -0.2684673
-0.361409 -0.2949602 -0.1778246
-0.1472925 -0.4271804 -0.2139196
-0.2137013 0.06875204 -0.3279003
-0.3615157 -0.2268555 -0.2584623
-0.1491378 -0.05392176 -0.3270789
-0.3955415 0.2461977 -0.1969173
0.6406209 -0.1134294 -0.3029943
-0.2134986 0.02279071 -0.3305989
-0.3607797 -0.327546 -0.1407057
-0.342455 0.2626559 -0.2081704
-0.200027 -0.5959969 -0.2260686
-0.2018936 -0.1784942 -0.2887121
-0.201371 -0.2254583 -0.2647447
-0.201467 -0.288219 -0.2456626
0.6207495 -0.5359772 -0.1530467
-0.1809555 -0.1001284 -0.3223857
-0.1791635 -0.443468 -0.2031893
-0.2777634 0.03758496 -0.3240924
-0.2850059 -0.3254873 -0.1670836
0.6104777 -0.5537154 -0.1447056
-0.491432 0.2759995 -0.176086
-0.1892859 -0.4899946 -0.1996586
-0.3381349 -0.5853412 -0.1867523
-0.267385 0.05310448 -0.3269723
-0.3828697 -0.2113358 -0.2637954
-0.1706838 -0.03859415 -0.3296175
-0.1807742 -0.1315942 -0.3078689
-0.1815315 0.007441797 -0.3282203
-0.3717234 -0.2599745 -0.2202874
0.5876731 -0.2153679 -0.3556542
-0.6696562 0.2343152 0.150806
-0.1804435 -0.1940138 -0.2833789
-0.2007524 -0.3659235 -0.2204901
-0.2780834 0.08321563 -0.3135647
-0.4460572 -0.2144504 -0.2169382
-0.1709611 0.05338183 -0.3242843
-0.21272 -0.1468791 -0.3078689
0.566255 -0.3065972 -0.3480597
0.5664576 -0.2756328 -0.3579688
0.5658817 -0.1993256 -0.3685605
-0.4383668 0.3391977 -0.1885763
0.5571886 -0.4436386 -0.3408279
0.5552794 -0.139146 -0.3665765
-0.2781368 0.1281957 -0.2935226
0.545477 -0.4101996 -0.372315
0.545637 -0.3799178 -0.374171
0.5450823 -0.3198235 -0.371131
0.5450398 -0.288859 -0.3808481
0.5446771 -0.183742 -0.3758349
-0.1601348 -0.02286132 -0.3334575
-0.1688385 -0.3809418 -0.2202874
-0.2124747 -0.1939923 -0.2830589
-0.4385908 0.3704714 -0.1918615
-0.210576 -0.6114311 -0.2273485
-0.1693612 -0.2869391 -0.257609
-0.1843474 0.6840732 -0.1825071
-0.1695958 -0.5184417 -0.2143036
0.5246776 -0.4411854 -0.3688698
0.5240056 -0.3494013 -0.3793655
0.5237069 -0.2574573 -0.3973916
-0.2122506 -0.2260769 -0.2613102
-0.4453532 -0.5943436 -0.1032667
0.5138938 -0.4902827 -0.3288816
0.5138299 -0.4244391 -0.3850826
0.5127206 -0.1827714 -0.3894238
0.5122726 -0.1376207 -0.3889758
-0.1592175 -0.1777796 -0.2954212
0.5030356 -0.4086316 -0.3931251
0.5026836 -0.3180315 -0.3960689
-0.3078959 -0.6388543 -0.2058665
0.4916012 -0.256604 -0.4094232
-0.3838297 -0.07245993 -0.2973625
-0.3400123 -0.2581612 -0.2421641
0.4817989 -0.4558729 -0.3709284
-0.1589189 -0.2394418 -0.282003
-0.2221064 -0.351364 -0.2151675
0.4716658 -0.4880853 -0.3577341
0.4710259 -0.4400441 -0.3841013
0.4708659 -0.3630223 -0.3987249
0.4708979 -0.3480039 -0.3998982
0.4701619 -0.1962537 -0.4112153
0.4697458 -0.150847 -0.4149272
0.4611061 -0.5671017 -0.3344387
0.4606474 -0.4706671 -0.3792481
0.4596341 -0.286171 -0.4172098
0.4592288 -0.2254902 -0.4238229
0.4589834 -0.1057069 -0.4152045
-0.2325594 -0.4303377 -0.1830618
0.4501197 -0.534228 -0.3542996
0.4495224 -0.4076183 -0.4061273
0.4494051 -0.3166983 -0.4153645
-0.211888 -0.3201221 -0.2264952
-0.340567 -0.1945471 -0.2827709
0.4395067 -0.5030181 -0.363238
0.4388134 -0.3922267 -0.4103406
0.4388241 -0.347492 -0.4070553
0.4381094 -0.1954751 -0.4232789
0.4379067 -0.1497803 -0.4301907
0.4377787 -0.1054403 -0.4210496
0.4277417 -0.2859897 -0.4215723
0.4273577 -0.2396017 -0.4360572
0.4271231 -0.164596 -0.4337959
0.4267817 -0.05964958 -0.4262548
-0.4565529 -0.5888398 -0.08684053
-0.5443585 0.2903563 -0.1520867
0.4184087 -0.5971595 -0.3404225
0.418174 -0.534036 -0.3585234
0.417886 -0.4695152 -0.3941278
0.4169154 -0.2707582 -0.4240256
0.4169474 -0.2244875 -0.4381798
0.4153688 0.1469471 -0.3050636
-0.2108534 -0.4449933 -0.1901015
0.4074329 -0.5028689 -0.3687844
0.4075716 -0.3473747 -0.4170284
0.4058757 -0.1935017 -0.4499661
-0.2375406 0.6519887 -0.1447696
0.3970332 -0.5663337 -0.3439852
0.396244 -0.3915654 -0.4203777
0.3960306 -0.315301 -0.4342866
0.394964 -0.2384072 -0.4478435
0.3952946 -0.1334501 -0.4480995
-0.3409617 -0.1175253 -0.3039543
0.3861429 -0.5028262 -0.3715257
0.3856415 -0.4220178 -0.4188844
0.3847456 -0.1929044 -0.4586165
0.3846283 -0.162868 -0.4573685
0.3834443 0.1168147 -0.3194632
0.3747406 -0.3464893 -0.4244735
0.3742713 -0.2695102 -0.4417424
0.3736633 -0.1180906 -0.4545313
0.3735992 -0.08891815 -0.4479288
-0.3185515 -0.6384704 -0.2083518
-0.3368977 -0.6389291 -0.1921068
0.3648208 -0.5185165 -0.3671632
0.3636902 -0.4533877 -0.4059674
0.3643302 -0.3765152 -0.4232042
0.3637115 -0.2992481 -0.4456783
0.3633809 -0.2380765 -0.4578272
-0.5454677 0.3998573 -0.1461669
0.3542398 -0.534708 -0.3577661
0.3536105 -0.4070316 -0.4201963
0.3531839 -0.3140956 -0.4484728
0.3437441 -0.5960076 -0.3553342
0.3436055 -0.5503875 -0.3518357
0.3434241 -0.500533 -0.3939037
0.3430614 -0.4836054 -0.406778
0.3430614 -0.4377188 -0.4133272
0.3422295 -0.2691369 -0.4470542
0.3419202 -0.1922325 -0.4691762
0.3415362 -0.1026884 -0.4611551
0.3414828 -0.07308926 -0.4547339
0.3413122 -0.0428714 -0.452014
0.3321925 -0.3597797 -0.4445796
0.3313712 -0.2226422 -0.4664776
0.3215047 -0.3904988 -0.4374651
0.3212808 -0.3131677 -0.4605151
0.3204381 -0.1471457 -0.4706696
0.311841 -0.6114738 -0.3553022
0.3111584 -0.4673819 -0.420975
0.3110304 -0.4220926 -0.421455
0.3093771 -0.07215054 -0.4693362
0.3008867 -0.5497368 -0.3596434
0.3005347 -0.4832321 -0.4153432
0.3001507 -0.3907654 -0.4379451
0.2999907 -0.3439401 -0.4553313
0.2989667 -0.1160747 -0.4856131
0.290231 -0.5343665 -0.3627793
0.2899217 -0.499509 -0.4028209
0.2897404 -0.4367908 -0.4252095
0.2891324 -0.3131997 -0.4622751
0.2889297 -0.2682729 -0.4608031
0.7288424 -0.5537154 0.1802558
-0.1264825 -0.3499559 -0.2243726
0.27981 -0.6113138 -0.3578941
0.2783914 -0.327834 -0.4667122
0.27821 -0.2374792 -0.4721629
0.2778687 -0.1915711 -0.4811546
0.2772821 -0.08589947 -0.4892077
0.266157 0.1023297 -0.3423851
0.2767274 0.1326009 -0.3332548
0.2690049 -0.5342172 -0.3689231
0.2684182 -0.4516597 -0.4274815
0.2669676 -0.1308262 -0.490989
-0.3422309 0.1424673 -0.2770858
0.2560133 -0.1003737 -0.4971754
0.2476615 -0.579688 -0.3686031
0.2473415 -0.5154872 -0.3988102
0.2468722 -0.3899441 -0.4486222
0.2466056 -0.3583291 -0.4643657
0.2464455 -0.327514 -0.4726215
0.2461469 -0.2518894 -0.479544
0.2456136 -0.1603827 -0.4970368
0.2369632 -0.5642857 -0.3702457
0.2363979 -0.4355535 -0.441401
0.2361312 -0.3899015 -0.4483555
0.2353312 -0.2215649 -0.4836399
0.2349259 -0.1305063 -0.4967595
0.2340193 0.1326756 -0.3373933
0.2259022 -0.499061 -0.4140099
0.2251875 -0.3429268 -0.4698588
0.2244516 -0.1755823 -0.4961515
0.2153745 -0.5152631 -0.3998235
0.2143399 -0.2975096 -0.4740081
0.2144037 -0.2825445 -0.4747975
0.2140411 -0.2208076 -0.4946688
0.2044201 -0.4673286 -0.4259028
0.2042067 -0.4195327 -0.4532514
0.2040574 -0.3741793 -0.4577312
0.2031614 -0.1903551 -0.5000554
0.2029801 -0.1304528 -0.4995113
0.194223 -0.5488623 -0.373051
-0.2561854 -0.6369876 -0.2168315
0.1828314 -0.4352655 -0.4482168
0.1823834 -0.3117491 -0.4846532
0.1822447 -0.2817338 -0.4846532
0.1821167 -0.2506201 -0.4984128
-0.2382339 -0.637457 -0.232383
0.1728903 -0.5791546 -0.3763362
0.172869 -0.5334812 -0.3761763
0.1722824 -0.4519157 -0.4332412
0.1710984 -0.1752517 -0.5029352
0.08475419 0.1167401 -0.3382573
0.4359975 -0.6305345 -0.1838191
0.1619147 -0.4995517 -0.4094979
0.161392 -0.4046103 -0.4562593
0.1612214 -0.3576038 -0.4779547
0.1605387 -0.2200076 -0.5061992
0.1601974 -0.1296103 -0.512407
0.04175809 -0.5894691 0.2066231
-0.3939734 -0.6373931 -0.1660916
0.1510883 -0.4673712 -0.4270548
0.1506083 -0.3731127 -0.4723015
0.150331 -0.3112051 -0.4927383
0.1496377 -0.1447885 -0.5116817
0.3898868 -0.6334785 -0.07065965
0.3881481 -0.6229935 0.1728747
0.1451792 0.8766223 -0.3726564
0.1448804 0.907992 -0.3823627
0.1408485 -0.5629525 -0.3874932
0.1396112 -0.2959416 -0.4970581
0.1391846 -0.2048187 -0.5099751
0.1389926 -0.1602121 -0.5057512
0.1301929 -0.5325106 -0.3868959
0.1300542 -0.5169272 -0.3912371
0.1291796 -0.3734433 -0.4696775
0.1289022 -0.2959309 -0.4966314
0.1280809 -0.1145387 -0.5147643
-0.4309217 -0.6308438 -0.1438203
0.1237077 0.8922164 -0.3605927
0.1188119 -0.4525664 -0.4276308
0.1172546 -0.07032659 -0.5054525
0.1172439 -0.05567104 -0.499906
-0.3603211 -0.6259373 0.1360118
0.11334 0.8448685 -0.3375534
0.1088282 -0.5320201 -0.3921224
0.1072282 -0.2199969 -0.5090044
0.1067696 -0.1298983 -0.511287
0.1431311 -0.5874105 -0.1029787
0.09722316 -0.3589157 -0.4638324
0.09682851 -0.312613 -0.4806426
0.09665785 -0.2506415 -0.502434
-0.3828057 -0.6216388 0.1650776
0.08712212 -0.5016103 -0.3917705
0.0857675 -0.2050001 -0.5106471
0.3588157 -0.6242415 -0.1052293
0.08134095 0.8446978 -0.3214258
0.07686108 -0.5617578 -0.4023301
0.07633843 -0.4543263 -0.4068314
0.0752078 -0.2511321 -0.4984447
0.07478115 -0.1301542 -0.5094844
0.07483448 -0.1153066 -0.5077671
0.07459981 -0.08573953 -0.5014846
-0.3707208 -0.1935124 0.3404966
0.0712079 0.7974245 -0.2990798
0.06610939 -0.5019943 -0.3883999
0.06597074 -0.4866027 -0.3892212
0.06559741 -0.4238631 -0.4108633
0.06522409 -0.3450494 -0.451566
0.06478677 -0.2984909 -0.4709576
0.05985891 0.8762702 -0.3158473
0.0554217 -0.5314654 -0.3998342
0.05436573 -0.314821 -0.454414
0.05370441 -0.1907819 -0.5023913
0.05279778 0.1016684 -0.347185
0.07223189 -0.5867172 -0.2764778
0.04303805 -0.1763502 -0.4954901
0.03885686 0.8287838 -0.3022264
0.03406763 -0.5171084 -0.3938823
0.03453696 -0.488416 -0.3754723
0.03366232 -0.4727151 -0.3745336
0.03280902 -0.2377672 -0.477464
0.03267035 -0.2070267 -0.4870318
0.0321477 -0.07243856 -0.4832772
0.4547489 -0.6274626 0.2676027
0.41939 -0.6268333 0.3559095
0.4261418 -0.6211268 0.3713544
0.4232085 -0.6132338 0.3829273
0.3846176 -0.6112924 0.3923991
0.4464292 -0.6293187 -0.06310788
0.5366879 -0.615367 0.09941548
0.05446173 -0.6254361 0.4472775
0.344768 -0.5829839 0.1860263
0.1850073 -0.592701 -0.2684886
0.103975 -0.626236 0.440387
0.2455603 -0.6221721 0.4114812
0.1997589 -0.6271641 0.4059454
0.2644503 -0.5838053 -0.08171
0.313505 -0.6203588 0.09731419
0.1819887 -0.5846586 -0.2565316
0.2168145 -0.5858532 0.1816638
0.601134 -0.6243801 -0.0365913
-0.0507086 -0.6195268 0.4197583
0.1273343 -0.6228654 0.442563
0.1323688 -0.6261933 0.428174
0.5721002 -0.6305667 0.003034232
0.3750392 -0.6223108 0.3810607
0.2743168 -0.5922316 0.005903484
0.1243904 -0.5885838 -0.02777021
0.392756 -0.6291692 0.3333074
0.5652204 -0.6227481 0.05363545
0.4179713 -0.6219909 0.2743971
0.4337575 -0.6192815 0.2366915
0.3892468 -0.6273559 -0.03667663
0.2630744 -0.5861839 -0.0212424
0.02894777 -0.5925516 0.1491741
0.5205391 -0.6254041 0.1633496
0.1283476 -0.5833573 0.2572669
0.5377545 -0.627452 -0.02661825
0.1373073 -0.5863118 0.2042124
0.04326204 -0.592445 0.1135484
0.7881901 -0.5588246 0.05934196
0.552794 -0.627004 -0.06384386
-0.4570862 0.5755748 -0.395141
0.5595245 -0.6266307 0.09481827
0.1372006 -0.5807334 0.2950899
0.3927774 -0.628956 -0.1338898
0.4577355 -0.6304705 -0.1795525
0.3601063 -0.616743 0.3921325
0.3315098 -0.62726 0.1072232
0.3343364 -0.6154203 0.1357558
0.4189313 -0.6335852 -0.08461126
0.4341842 -0.6249455 0.2033271
0.2122598 -0.5815546 0.253779
0.2696235 -0.5820879 0.2275718
-0.5731576 0.1834368 0.2334489
-0.6623071 0.2251955 0.3323154
0.2944122 -0.58212 -0.09701623
0.2155558 -0.6114844 0.4334966
0.590873 -0.6287639 0.04480371
0.5441864 -0.6217883 0.1649176
0.5225869 -0.6218522 0.2185801
0.4924652 -0.6246361 0.2920499
0.4719218 -0.6229935 0.3441125
0.344992 -0.5846158 -0.2241913
0.2781993 -0.6281666 0.3853912
0.1634613 -0.5848718 0.2275078
0.3837643 -0.6309292 0.1211108
0.2969188 -0.6174149 0.05262215
0.6266693 -0.6235908 -0.01224
0.2194277 -0.5871651 0.08695716
0.4210646 -0.6158363 0.2117216
0.3214727 -0.614695 0.4012949
-0.6497529 0.23071 0.2162335
0.5121446 -0.6214468 0.2739705
0.5223416 -0.6294785 -0.04771631
0.2872977 -0.5948449 -0.02788754
0.3576851 -0.6276547 0.3630559
0.09057803 -0.5861625 0.232873
-0.3662409 -0.6125298 0.3633439
0.1164226 -0.5903224 0.04947557
0.3871029 -0.593277 -0.1878296
0.7894273 -0.5350066 0.1563525
0.3646395 -0.5863652 0.1931301
0.3191155 -0.6296279 -0.009370745
0.3249073 -0.6259695 -0.05101221
0.3571731 -0.6332545 0.09846617
-0.637188 0.2052921 0.258803
0.3144863 -0.5792187 0.2342489
0.4034331 -0.5883598 0.2413848
0.5812733 -0.6198895 0.1320225
0.3370776 -0.5781306 -0.1717341
0.2959161 -0.5858425 -0.07356092
0.4036891 -0.6311532 -0.2498225
-0.6074394 0.201079 0.2111883
0.3272325 -0.5910478 -0.2418547
0.2588292 -0.5874638 0.01781781
0.4988223 -0.6132017 0.3408805
-0.6340519 0.1966311 0.3043696
-0.643193 0.2062948 0.3326249
-0.6491981 0.2223904 0.3564428
0.4924546 -0.5983648 0.3647839
0.3384963 -0.5878265 0.1697815
0.4141635 -0.6244227 -0.2138449
-0.5303429 -0.25686 0.06118724
0.3185395 -0.6278573 -0.2696619
0.2700076 -0.5826746 -0.2409055
0.2720769 -0.5924663 -0.2514651
-0.6217003 0.1921725 0.3297768
-0.6295294 0.2045456 0.3560801
0.09560189 -0.5895651 0.1601497
0.2975054 -0.5783972 -0.2193488
0.2007935 -0.5877731 -0.01305064
0.1756209 -0.5874852 -0.03777527
0.3173982 -0.6163163 -0.2605422
0.05595502 -0.6038367 0.4832445
0.09935644 -0.6220868 0.4541253
-0.5925918 0.1792981 0.3086681
0.3352537 -0.6334357 0.03611061
0.230766 -0.5812026 -0.2300471
0.2638637 -0.6284013 -0.2799337
-0.02641062 -0.6103538 0.452952
0.03867551 -0.5826107 0.2764451
-0.5623846 0.1760664 0.2608721
-0.6069593 0.2132172 0.3922497
0.6513086 -0.6182575 -0.01215467
0.2461042 -0.6348224 -0.2975758
-0.6083461 0.2430404 0.4138918
-0.5660325 0.175277 0.2988124
-0.5916851 0.1941138 0.3729756
0.2892497 -0.5798586 -0.1996693
-0.5731789 0.1815276 0.3492216
-0.5866933 0.2107107 0.3988949
-0.5581821 -0.1764783 0.1740906
0.2511601 -0.6182149 -0.2718913
-0.5373719 0.1614107 0.2784184
-0.5772215 0.2223155 0.4107346
-0.5383106 -0.2456923 0.08759714
0.3683408 -0.5952396 -0.2298018
0.568655 -0.5966689 0.2054178
-0.5521129 0.2014842 0.3949164
0.3354244 -0.6286572 0.3593867
-0.4996238 -0.2802833 0.03162008
-0.5306628 -0.2329353 0.1345612
-0.5405933 0.2170144 0.4044307
-0.4614061 -0.3080798 -0.05135354
-0.3660168 -0.6309398 0.1766932
-0.5025036 0.1590534 0.3071215
-0.5300016 0.1882473 0.3917378
-0.4855655 -0.2939363 0.04614767
-0.5126048 -0.2523588 0.1363424
-0.5297562 -0.1917525 0.2117856
-0.4910587 0.1462218 0.3007111
-0.512274 0.1736663 0.3691677
-0.5223538 0.2103266 0.4137212
-0.4661739 -0.3180635 0.01462856
-0.4933946 -0.2764435 0.104898
-0.5164766 -0.2279008 0.1894075
-0.4732246 0.1668186 0.3265769
-0.4970958 0.189794 0.3979242
-0.5073888 0.2254623 0.4432136
-0.4695979 -0.3119625 0.08425858
-0.5083594 -0.1869739 0.2494165
0.8221838 -0.5351133 0.1035967
-0.4776617 0.1789462 0.3729756
-0.4955812 0.2134519 0.4364192
-0.4972772 0.2242355 0.4464989
-0.4254925 -0.3429695 -0.01440526
-0.4525317 -0.3267459 0.06317118
-0.4652887 -0.3113758 0.103586
-0.498237 -0.2151012 0.2381528
0.1712584 -0.5895864 0.1178896
-0.4793897 0.1960125 0.4159611
0.6309466 -0.6215429 0.06588043
-0.3839364 -0.3383189 -0.08556056
-0.4778751 -0.2627371 0.1901222
-0.4882107 -0.2290848 0.2337263
-0.463838 0.191234 0.4042068
-0.4271458 -0.6388863 -0.1135277
-0.4470172 -0.6360598 -0.06254256
-0.4216953 -0.3490813 0.03132143
-0.4451826 -0.3271405 0.1026687
-0.4486598 -0.3204208 0.114871
-0.4559342 -0.2946402 0.1472755
-0.4828776 -0.2136291 0.258803
-0.3682888 -0.3496146 -0.07228094
-0.4632301 -0.2628224 0.2119776
-0.3829017 -0.3571558 -0.0108427
-0.4147409 -0.3500306 0.07197092
-0.3107545 -0.3653476 0.1262733
-0.4356255 -0.291099 0.1860583
-0.3922029 -0.6413397 -0.08498458
0.7943445 -0.5182818 0.1813331
-0.395648 -0.3549691 0.08048268
-0.4123943 -0.333615 0.1339104
-0.4238285 -0.302576 0.1797118
-0.4408841 -0.255644 0.2478165
-0.4468999 -0.2274315 0.2781943
-0.4492572 -0.2052027 0.2961139
-0.3528333 -0.6415635 -0.1539853
-0.3637983 -0.3688886 0.02275633
0.6246534 -0.6131483 0.1153617
-0.4096529 -0.6348757 0.02027107
-0.3316818 -0.3691127 -0.0281222
-0.4171941 -0.278086 0.2348143
-0.429119 -0.2214155 0.2954312
0.5957262 -0.5872185 0.2023139
0.3864095 -0.5797094 0.2301424
-0.404565 -0.6324971 0.03822256
-0.3515427 -0.3732193 0.04833427
0.3903134 -0.5858105 0.2171188
-0.3208661 -0.3760672 -0.0004323346
-0.361153 -0.3584357 0.1096232
-0.3728007 -0.3406868 0.1482568
-0.3799685 -0.3277486 0.1731947
-0.2948189 -0.6413608 -0.1814191
-0.3376124 -0.6406357 -0.07455289
0.4967531 -0.6302572 -0.07206762
-0.316269 -0.3813257 0.04363039
0.6696227 -0.6172336 0.03047878
-0.3180183 -0.3783071 0.07896807
-0.3633716 -0.3049439 0.2319983
-0.3713287 -0.2804113 0.2651708
0.4760604 -0.6293827 -0.1368552
-0.3695901 -0.2180237 0.324305
-0.2435777 -0.6403369 -0.1915842
-0.314989 -0.639441 -0.01338129
-0.3288126 -0.3334871 0.1887995
-0.3528973 -0.2731688 0.2814583
-0.2546707 -0.6406782 -0.1349351
-0.324994 -0.6386943 0.04110247
-0.3497507 -0.6323478 0.1061566
-0.1699799 -0.6392916 -0.3157513
-0.1913445 -0.6379797 -0.2618755
-0.2646971 -0.6394088 -0.08013138
-0.3165356 -0.324666 0.221428
-0.3282473 -0.2939682 0.267304
-0.1961978 -0.6399102 -0.221706
-0.2251996 -0.6397184 -0.1493881
-0.3363217 -0.6346518 0.1298465
-0.3822831 -0.6298519 0.2468566
-0.3944213 -0.6256601 0.2776931
-0.3126744 -0.3113864 0.2482432
-0.325954 -0.2438896 0.3184492
-0.3284713 -0.2220342 0.3366033
-0.1263438 -0.6398463 -0.3661819
-0.2246236 -0.6387796 -0.09182172
-0.2537961 -0.6398143 -0.01981311
-0.2963549 -0.6398677 0.08609319
-0.3415376 -0.6329451 0.2022711
-0.3742406 -0.6296706 0.2854688
-0.2494015 -0.638481 -0.0009016544
-0.1294264 -0.637521 -0.2697259
-0.2320367 -0.6396756 -0.01547191
-0.281198 -0.6388009 0.1072552
-0.312685 -0.6324012 0.1892049
-0.3708808 -0.625468 0.33767
-0.3745286 -0.6196975 0.350043
-0.09013146 -0.6395369 -0.339452
-0.2685689 -0.2772753 0.3031429
-0.2684411 -0.2504815 0.3178945
-0.1348129 -0.6334679 -0.1956374
-0.1589828 -0.6376811 -0.1378898
-0.1734464 -0.6376597 -0.1017628
-0.2031629 -0.6395156 -0.02895418
-0.2651024 -0.6361132 0.1271373
-0.2728142 -0.637457 0.1455688
-0.09273406 -0.6300333 -0.2693419
-0.1030271 -0.6219161 -0.2393055
-0.1853074 -0.6398889 -0.04430308
-0.1910993 -0.637265 -0.02853819
0.6308932 -0.5889464 0.172256
-0.243855 -0.2845711 0.2958899
-0.05721508 -0.639025 -0.3334042
-0.06354021 -0.6370624 -0.3165619
-0.07340661 -0.6280068 -0.2871548
-0.3353085 -0.6274093 0.3650292
-0.23289 -0.244231 0.3202411
-0.07774781 -0.5885304 -0.2253539
-0.03495437 -0.6381183 -0.3298842
-0.04292215 -0.6255534 -0.3032717
-0.05352451 -0.5909731 -0.2578649
-0.2470443 -0.6309611 0.2017805
-0.2738595 -0.6293079 0.2694372
-0.3014854 -0.6296812 0.33799
-0.3187329 -0.6241987 0.3839619
0.4245098 -0.6328492 -0.2441693
-0.03560502 -0.5915491 -0.2735766
-0.1471112 -0.6361877 -0.02060242
-0.02845857 -0.5848293 -0.2584836
-0.007968504 -0.5942796 -0.2854162
-0.2815713 -0.6279106 0.3770182
0.009993683 -0.6354305 -0.323495
0.006953753 -0.6274093 -0.3116127
-0.1156454 -0.638225 -0.01237866
-0.2370606 -0.6284226 0.2951539
0.01618017 -0.5898957 -0.2846909
0.01173229 -0.5844879 -0.2706433
-0.2018723 -0.6288387 0.265672
-0.2430977 -0.6290733 0.3681971
0.04875522 -0.6377878 -0.3336174
0.0412781 -0.6243054 -0.3076982
-0.1771903 -0.6288919 0.2335023
-0.07934774 -0.6380544 0.01408458
-0.1560602 -0.6357505 0.2062498
0.008735018 -0.5885945 -0.1487161
-0.1491911 -0.6300759 0.2215987
-0.2797154 -0.3860082 0.08685049
3 8 3758 9
3 8 10 19
3 11 13 12
3 7 19 20
3 0 3775 1
3 23 2 3
3 4 6 5
3 9 27 10
3 8 9 10
3 11 12 27
3 13 14 17
3 14 15 16
3 7 20 21
3 6 21 5
3 26 5 22
3 3 22 23
3 24 1 2
3 0 25 3775
3 23 24 2
3 9 18 27
3 18 11 27
3 13 17 12
3 14 16 17
3 24 0 1
3 6 7 21
3 7 8 19
3 3 26 22
3 26 4 5
3 28 29 30
3 2177 37 38
3 29 32 31
3 33 34 4048
3 34 2767 35
3 36 37 2177
3 36 41 40
3 28 34 32
3 28 32 29
3 34 36 2767
3 36 40 39
3 36 39 37
3 28 36 34
3 32 34 33
3 41 36 28
3 43 44 45
3 43 46 44
3 48 51 49
3 54 58 1945
3 55 42 3753
3 43 56 46
3 49 51 50
3 50 51 52
3 55 43 42
3 43 47 56
3 48 54 53
3 48 53 51
3 54 55 58
3 55 47 43
3 51 53 57
3 55 48 47
3 48 55 54
3 70 59 60
3 65 66 67
3 65 215 66
3 68 4038 69
3 63 64 67
3 64 65 67
3 70 60 61
3 63 67 68
3 69 70 61
3 62 68 69
3 62 63 68
3 61 62 69
3 72 276 2098
3 394 1848 118
3 238 2087 263
3 2115 1669 1998
3 74 133 197
3 133 492 197
3 492 151 491
3 151 87 88
3 88 87 91
3 2045 1033 228
3 1901 166 254
3 313 1179 1942
3 97 265 96
3 1945 58 55
3 2087 238 1983
3 1879 101 1034
3 877 859 258
3 257 491 128
3 112 274 611
3 115 2054 116
3 2128 263 216
3 104 783 193
3 3508 125 3671
3 211 2340 1166
3 75 107 280
3 76 75 280
3 1314 96 2212
3 153 474 401
3 107 137 863
3 262 371 878
3 275 878 2105
3 108 422 183
3 202 275 209
3 133 541 492
3 226 492 257
3 1786 145 1164
3 492 491 257
3 317 1901 299
3 141 176 149
3 119 1063 226
3 190 150 3702
3 176 153 401
3 155 199 154
3 2399 2258 172
3 316 141 108
3 2109 2063 2181
3 176 401 174
3 213 448 115
3 2301 2260 217
3 151 88 446
3 15 1787 201
3 485 167 1904
3 302 275 202
3 87 562 91
3 119 226 135
3 194 183 119
3 100 202 82
3 187 175 958
3 1686 94 205
3 293 487 1952
3 173 944 297
3 447 143 182
3 119 135 352
3 480 537 1874
3 88 91 612
3 356 352 203
3 84 688 2256
3 2252 2351 1513
3 2294 2296 2265
3 316 143 153
3 316 153 176
3 195 388 171
3 439 2236 1214
3 135 199 155
3 204 1627 265
3 448 2054 115
3 286 1167 562
3 83 1971 1964
3 208 399 1360
3 2482 179 164
3 2244 291 2265
3 99 1961 2095
3 278 136 3206
3 222 3062 223
3 3275 401 373
3 2396 1193 1797
3 2296 192 2265
3 423 234 356
3 1952 487 1904
3 2656 372 1105
3 2376 2502 138
3 1214 2236 514
3 108 74 197
3 2173 2055 146
3 148 253 121
3 3115 3127 3358
3 356 203 354
3 354 203 812
3 94 2327 205
3 260 797 2317
3 2285 241 211
3 440 161 1071
3 269 233 247
3 269 270 233
3 1396 469 1007
3 2145 1616 274
3 449 447 494
3 447 182 494
3 81 2247 156
3 1990 2018 2831
3 106 236 237
3 3431 2337 3479
3 452 2492 2563
3 246 287 229
3 287 268 230
3 229 287 230
3 268 288 247
3 230 268 247
3 288 289 247
3 289 269 247
3 226 257 199
3 487 1909 485
3 98 1140 204
3 401 474 335
3 389 117 2128
3 1552 1681 1633
3 487 485 1904
3 287 306 268
3 289 307 269
3 308 270 269
3 307 308 269
3 308 344 270
3 344 271 270
3 3526 341 2644
3 940 2020 1669
3 2393 133 74
3 2298 2056 1922
3 192 2244 2265
3 262 490 371
3 879 89 296
3 2888 643 2737
3 1891 1928 170
3 306 342 268
3 342 288 268
3 344 309 271
3 1185 1794 571
3 352 135 203
3 401 335 373
3 3407 338 1873
3 672 3011 1741
3 3423 1751 1583
3 2020 2305 3192
3 342 325 288
3 288 325 289
3 289 325 307
3 344 345 309
3 492 541 151
3 241 689 211
3 330 2995 2202
3 1396 1185 416
3 332 653 333
3 542 562 87
3 902 2254 1032
3 254 389 245
3 1997 1128 2745
3 148 2274 748
3 203 155 812
3 773 357 243
3 3435 3526 1342
3 318 1406 2560
3 3150 2618 3430
3 322 358 306
3 358 359 306
3 359 342 306
3 342 343 325
3 307 344 308
3 2763 1868 340
3 562 368 91
3 2215 122 1928
3 135 155 203
3 3275 373 3034
3 2306 1895 353
3 262 111 490
3 3200 334 221
3 1971 490 317
3 2184 362 1276
3 322 320 358
3 604 367 361
3 307 412 344
3 171 560 196
3 166 1892 254
3 2343 109 2572
3 109 2347 137
3 2347 109 2343
3 571 196 957
3 173 766 509
3 340 3456 357
3 496 938 312
3 1061 400 1048
3 400 2254 1048
3 474 495 335
3 423 356 354
3 294 1191 2180
3 198 298 372
3 2561 379 3380
3 320 407 358
3 734 408 360
3 2458 2506 2663
3 412 414 344
3 344 414 345
3 391 1807 392
3 1093 1220 2240
3 1418 137 2347
3 2888 2052 643
3 2052 2888 395
3 1048 2254 902
3 234 182 194
3 402 1569 1448
3 430 404 377
3 357 1887 243
3 433 407 320
3 550 534 411
3 388 1826 1710
3 508 625 533
3 631 503 1073
3 242 2260 2301
3 2260 242 2269
3 612 91 1044
3 194 119 352
3 2215 295 122
3 474 1075 495
3 426 450 451
3 364 1175 2502
3 304 426 451
3 243 1887 1926
3 3413 2597 2533
3 456 358 407
3 456 1445 359
3 358 456 359
3 359 1445 342
3 1445 1434 343
3 342 1445 343
3 1445 1446 1434
3 367 604 409
3 828 2719 714
3 1081 515 1584
3 393 1207 539
3 1826 442 1710
3 141 316 176
3 477 430 377
3 1438 407 433
3 454 455 1621
3 459 3859 904
3 738 1008 735
3 1008 795 681
3 641 483 410
3 462 511 383
3 576 463 767
3 2426 1349 301
3 512 576 767
3 417 539 499
3 1577 1267 467
3 508 966 436
3 966 470 436
3 627 557 791
3 2119 473 2215
3 491 151 446
3 422 1063 119
3 497 476 451
3 450 497 451
3 546 377 2586
3 546 524 377
3 524 477 377
3 418 1058 1172
3 385 384 860
3 1432 2218 2226
3 561 571 957
3 1407 417 499
3 2706 1577 467
3 489 667 420
3 209 275 2105
3 183 194 182
3 497 523 476
3 693 418 1172
3 489 1097 667
3 733 507 431
3 531 532 598
3 408 461 722
3 575 510 462
3 510 511 462
3 657 575 463
3 657 463 576
3 416 561 1432
3 1407 499 1045
3 2000 536 513
3 2393 207 133
3 207 541 133
3 267 519 520
3 474 447 1075
3 476 523 451
3 523 546 451
3 526 550 411
3 1486 535 180
3 1407 1045 1577
3 2000 538 536
3 1364 1046 1767
3 541 670 151
3 670 542 151
3 151 542 87
3 1063 492 226
3 143 183 182
3 170 1923 1151
3 2056 2256 543
3 544 564 2562
3 564 590 522
3 2562 564 522
3 602 497 522
3 565 523 497
3 566 546 523
3 679 550 526
3 527 885 504
3 666 1122 420
3 885 884 504
3 461 885 722
3 552 504 577
3 1354 762 1355
3 408 722 360
3 573 360 510
3 555 1046 679
3 860 1088 558
3 196 560 1312
3 1167 368 562
3 587 589 544
3 590 602 522
3 602 565 497
3 566 523 565
3 532 573 598
3 708 553 628
3 759 705 458
3 682 501 762
3 2103 2423 102
3 583 74 141
3 544 589 564
3 566 621 546
3 621 524 546
3 621 1541 524
3 504 884 682
3 549 593 568
3 605 642 1156
3 980 1480 591
3 510 360 511
3 1148 1294 1092
3 245 389 2128
3 1983 2132 106
3 587 637 589
3 564 618 590
3 1580 1528 1415
3 553 1353 628
3 517 528 1008
3 2100 878 275
3 631 1073 597
3 1008 738 517
3 680 470 437
3 982 736 478
3 721 982 779
3 724 398 3185
3 658 2184 1447
3 674 564 589
3 564 674 618
3 638 590 618
3 638 602 590
3 619 565 602
3 619 620 565
3 620 566 565
3 296 2330 879
3 2212 96 1707
3 241 214 689
3 2380 240 601
3 100 86 302
3 1409 2560 213
3 637 674 589
3 650 618 674
3 618 651 638
3 676 619 602
3 677 566 620
3 677 621 566
3 621 652 1541
3 1543 1541 639
3 578 644 678
3 642 680 837
3 360 383 511
3 507 551 774
3 837 528 517
3 499 539 1005
3 645 568 1650
3 568 737 1650
3 481 777 660
3 794 1767 1046
3 2451 397 792
3 413 417 1407
3 369 75 76
3 1607 298 198
3 673 700 637
3 587 673 637
3 651 618 650
3 676 602 638
3 702 619 676
3 677 620 619
3 1541 703 639
3 1358 941 1350
3 533 793 792
3 1156 837 517
3 663 664 3143
3 427 669 1169
3 660 432 481
3 143 108 183
3 123 400 1103
3 2602 406 3741
3 673 3727 3988
3 674 675 650
3 675 651 650
3 702 717 619
3 717 677 619
3 652 703 1541
3 669 187 958
3 659 623 1480
3 712 665 666
3 1435 367 1553
3 968 760 1355
3 547 501 500
3 648 516 660
3 554 533 792
3 533 625 793
3 552 527 504
3 641 709 483
3 780 627 791
3 541 240 670
3 341 3442 2644
3 2602 2535 2551
3 700 692 674
3 637 700 674
3 674 692 675
3 651 716 638
3 638 716 676
3 701 702 676
3 677 732 621
3 732 652 621
3 648 462 516
3 667 816 420
3 397 554 792
3 1786 695 145
3 713 688 324
3 214 2294 2265
3 1167 142 368
3 448 1831 2054
3 2918 2070 2560
3 3399 2714 2633
3 3988 691 673
3 406 2602 2551
3 699 673 691
3 673 699 700
3 700 715 692
3 692 730 675
3 675 730 651
3 651 730 716
3 718 677 717
3 732 703 652
3 703 704 1581
3 528 410 795
3 684 526 411
3 367 1171 361
3 736 630 478
3 534 595 529
3 1355 760 597
3 2033 2894 2150
3 1188 645 1650
3 742 713 324
3 1567 742 324
3 1103 400 1061
3 600 3741 378
3 2081 1208 2998
3 3056 699 691
3 699 729 700
3 715 730 692
3 676 716 701
3 702 731 717
3 677 718 732
3 552 577 1353
3 575 462 648
3 397 2451 623
3 816 666 420
3 722 885 527
3 654 527 708
3 609 1186 2387
3 558 2231 778
3 369 2253 107
3 2253 1180 107
3 2256 688 520
3 753 699 3056
3 700 729 715
3 729 754 715
3 715 754 730
3 716 756 701
3 701 756 702
3 731 757 717
3 732 758 703
3 683 640 628
3 774 551 720
3 574 734 360
3 547 526 684
3 556 763 555
3 514 740 739
3 2193 2208 1220
3 742 1494 713
3 743 744 2944
3 737 593 723
3 2517 3865 904
3 1609 2517 904
3 649 3431 3483
3 727 3440 751
3 801 752 310
3 769 699 753
3 769 729 699
3 787 754 729
3 730 755 716
3 716 755 756
3 702 756 731
3 731 756 757
3 757 770 718
3 717 757 718
3 770 771 718
3 771 772 732
3 718 771 732
3 1502 719 704
3 968 631 760
3 644 762 678
3 411 534 631
3 1358 1156 941
3 1088 1495 558
3 552 1353 553
3 432 660 640
3 435 1204 427
3 782 267 745
3 600 378 375
3 787 729 769
3 831 754 787
3 732 772 758
3 703 758 704
3 1226 512 767
3 461 409 884
3 507 733 723
3 721 736 982
3 530 463 777
3 1227 595 679
3 1893 1977 2107
3 848 1308 2225
3 1922 103 1737
3 440 415 558
3 1494 799 745
3 745 799 782
3 478 630 1642
3 609 784 1186
3 2455 1542 1750
3 2637 177 826
3 3150 3559 752
3 753 806 769
3 755 730 754
3 832 756 755
3 832 833 756
3 807 757 756
3 772 808 758
3 1171 556 547
3 332 788 766
3 463 575 648
3 658 1447 2369
3 579 431 623
3 424 1765 1743
3 798 506 509
3 197 492 1063
3 1970 177 2637
3 402 1674 1569
3 3383 615 727
3 806 830 769
3 833 807 756
3 834 770 757
3 807 834 757
3 770 835 771
3 771 835 772
3 835 808 772
3 551 874 720
3 722 527 654
3 941 517 738
3 471 489 420
3 1020 980 591
3 992 818 819
3 820 871 606
3 347 592 3260
3 1675 2235 707
3 186 601 1192
3 121 2376 138
3 295 112 611
3 301 828 1281
3 829 2657 2659
3 830 842 769
3 842 787 769
3 842 866 787
3 866 831 787
3 831 843 754
3 843 832 755
3 754 843 755
3 834 855 835
3 770 834 835
3 846 808 835
3 128 836 1225
3 500 501 682
3 708 527 553
3 1214 712 816
3 774 720 508
3 858 877 797
3 817 858 797
3 877 258 797
3 1421 1813 1510
3 1494 861 799
3 850 782 799
3 850 800 782
3 851 823 800
3 136 296 89
3 225 2324 1537
3 494 182 423
3 854 806 805
3 854 830 806
3 866 843 831
3 844 833 832
3 833 845 807
3 845 834 807
3 856 808 846
3 871 847 1000
3 808 871 1000
3 1244 944 789
3 463 648 777
3 706 1419 442
3 507 774 431
3 274 1186 2145
3 849 861 1494
3 861 850 799
3 862 800 850
3 862 851 800
3 2184 453 824
3 280 107 863
3 854 865 830
3 865 842 830
3 843 867 832
3 867 844 832
3 868 833 844
3 833 868 845
3 845 869 834
3 870 835 855
3 870 846 835
3 856 871 808
3 795 410 681
3 557 579 623
3 1008 505 735
3 737 568 593
3 1874 537 1248
3 861 890 850
3 890 862 850
3 3275 174 401
3 153 143 447
3 182 234 423
3 853 864 854
3 866 842 865
3 867 894 844
3 845 868 869
3 834 869 855
3 595 813 780
3 642 837 1156
3 838 471 594
3 1963 321 498
3 1156 517 941
3 679 595 534
3 594 471 603
3 880 889 861
3 849 880 861
3 861 889 890
3 194 352 356
3 864 883 854
3 883 865 854
3 883 893 865
3 893 866 865
3 867 843 866
3 894 868 844
3 868 895 869
3 869 900 855
3 896 870 855
3 846 915 856
3 856 915 871
3 2684 1969 594
3 623 431 554
3 814 815 667
3 577 626 1353
3 858 1443 877
3 877 139 859
3 888 1940 2115
3 720 874 721
3 763 1427 794
3 410 483 681
3 907 862 890
3 907 891 862
3 97 204 265
3 474 153 447
3 910 899 853
3 853 899 864
3 864 911 883
3 911 892 883
3 892 893 883
3 893 913 866
3 913 867 866
3 895 900 869
3 855 900 896
3 896 915 846
3 870 896 846
3 934 606 871
3 978 1102 2220
3 1029 1030 816
3 815 1029 816
3 1205 1214 816
3 1443 920 877
3 920 139 877
3 1931 1333 262
3 1940 876 2115
3 1910 302 86
3 1030 1205 816
3 605 793 642
3 863 137 1418
3 899 911 864
3 911 912 892
3 867 913 894
3 894 931 868
3 1771 443 469
3 432 640 683
3 1214 739 712
3 1214 514 739
3 1452 630 736
3 920 942 139
3 942 921 139
3 1088 1441 1821
3 1448 1569 2369
3 515 1105 390
3 506 1281 173
3 889 906 890
3 890 906 907
3 907 927 891
3 927 908 909
3 891 927 909
3 1564 1242 535
3 910 452 909
3 910 928 899
3 892 912 893
3 912 913 893
3 913 929 894
3 929 930 894
3 894 930 931
3 931 895 868
3 931 953 895
3 953 900 895
3 900 914 896
3 896 914 915
3 932 933 915
3 933 871 915
3 662 694 1826
3 195 662 1826
3 2379 313 1810
3 516 462 383
3 943 903 1842
3 332 333 1884
3 948 926 906
3 926 907 906
3 960 949 909
3 908 960 909
3 909 949 910
3 950 911 899
3 962 912 911
3 950 962 911
3 912 929 913
3 953 954 900
3 954 914 900
3 2210 390 2225
3 604 361 500
3 640 708 628
3 903 943 920
3 947 2433 2243
3 99 355 1961
3 949 928 910
3 961 972 928
3 972 899 928
3 972 950 899
3 962 951 912
3 951 975 929
3 912 951 929
3 929 952 930
3 952 931 930
3 952 953 931
3 954 915 914
3 933 964 871
3 964 934 871
3 2426 301 537
3 86 879 1910
3 653 1219 979
3 948 971 926
3 926 971 907
3 907 984 927
3 960 908 927
3 984 960 927
3 949 961 928
3 962 974 951
3 963 954 953
3 915 990 932
3 964 314 934
3 314 965 934
3 685 978 2220
3 779 470 966
3 528 1090 410
3 548 530 1335
3 501 684 762
3 942 969 921
3 969 983 90
3 921 969 90
3 178 90 983
3 2181 2306 2036
3 435 1933 1204
3 970 971 948
3 959 970 948
3 971 993 907
3 907 993 984
3 985 949 960
3 985 986 961
3 949 985 961
3 961 994 972
3 972 1003 950
3 973 962 950
3 1003 973 950
3 962 973 974
3 974 987 951
3 951 987 975
3 929 975 952
3 975 996 952
3 996 989 952
3 989 953 952
3 989 963 953
3 963 976 954
3 954 976 915
3 976 990 915
3 932 998 933
3 933 998 964
3 409 682 884
3 980 659 1480
3 598 510 575
3 577 644 578
3 796 779 982
3 204 225 1537
3 219 572 1176
3 993 1001 984
3 1011 960 984
3 1011 985 960
3 975 988 996
3 997 963 989
3 932 990 998
3 2008 1775 2071
3 529 595 780
3 503 529 1073
3 409 604 682
3 779 796 437
3 969 991 983
3 1012 961 986
3 994 1003 972
3 1004 974 973
3 1003 1004 973
3 1004 987 974
3 1004 995 987
3 987 995 975
3 1015 988 975
3 1016 976 963
3 1016 990 976
3 998 1006 964
3 1006 314 964
3 1006 142 314
3 282 188 1050
3 528 795 1008
3 791 980 705
3 1009 983 991
3 1052 1011 984
3 1002 985 1011
3 1002 986 985
3 1002 1012 986
3 1012 994 961
3 995 1015 975
3 1015 1027 988
3 988 1027 996
3 1028 989 996
3 997 1016 963
3 1042 990 1016
3 505 1320 761
3 709 282 483
3 983 1009 999
3 1022 1021 1047
3 108 197 422
3 1037 984 1001
3 1037 1052 984
3 1013 1003 994
3 1012 1013 994
3 1026 1004 1003
3 1026 1014 1004
3 1014 995 1004
3 1014 1015 995
3 1028 1041 989
3 1041 997 989
3 1595 184 1019
3 1172 1058 697
3 577 504 644
3 720 721 966
3 579 460 431
3 1021 1022 999
3 1009 1021 999
3 3206 136 82
3 1036 1037 1001
3 1095 1011 1052
3 1039 1002 1011
3 1039 1012 1002
3 1039 1053 1012
3 1053 1013 1012
3 1056 996 1027
3 1056 1028 996
3 1041 1016 997
3 1043 1044 990
3 1044 998 990
3 1044 1006 998
3 1176 1057 563
3 682 762 644
3 1164 1031 981
3 721 779 966
3 779 437 470
3 354 812 1050
3 2433 2432 2243
3 2029 2642 1762
3 1038 1039 1011
3 1013 1054 1003
3 1054 1026 1003
3 1054 1055 1026
3 1055 1014 1026
3 1055 1040 1014
3 1040 1066 1015
3 1014 1040 1015
3 1015 1066 1027
3 1087 990 1042
3 1087 1043 990
3 574 360 573
3 780 791 482
3 777 481 530
3 557 460 579
3 361 1171 547
3 2717 1595 126
3 789 1125 1244
3 1032 1047 902
3 74 108 141
3 257 128 154
3 194 356 234
3 1077 1052 1037
3 1095 1038 1011
3 1054 1013 1053
3 1067 1027 1066
3 1067 1056 1027
3 1056 1085 1028
3 1085 1041 1028
3 1068 1016 1041
3 1068 1042 1016
3 1828 1467 1421
3 1787 2046 2999
3 1060 266 2243
3 554 431 533
3 243 2125 710
3 966 508 720
3 1140 225 204
3 83 490 1971
3 818 351 1062
3 1053 1039 1038
3 1095 1053 1038
3 1078 1054 1053
3 1054 1064 1055
3 1064 1065 1055
3 1055 1065 1040
3 1040 1065 1066
3 1087 1042 1068
3 1144 1044 1043
3 605 647 1069
3 1432 811 2218
3 1101 1207 1089
3 1388 657 576
3 1328 759 458
3 968 1355 762
3 902 1092 1048
3 135 226 199
3 86 100 89
3 1077 1094 1052
3 1094 1095 1052
3 1095 1078 1053
3 1079 1054 1078
3 1035 331 646
3 1067 1116 1056
3 1056 1116 1085
3 1085 1068 1041
3 1086 1099 1068
3 1099 1087 1068
3 2432 1060 2243
3 874 1690 790
3 684 411 968
3 529 482 705
3 525 596 809
3 1048 1549 1061
3 1079 1064 1054
3 199 257 154
3 444 266 2039
3 1848 394 169
3 2173 146 2785
3 2350 2354 2399
3 2532 2559 1236
3 1115 1067 1066
3 1067 1115 1116
3 1085 1130 1068
3 1144 1043 1087
3 626 578 1347
3 2225 390 848
3 980 557 659
3 1075 447 449
3 1094 1077 2509
3 1110 1111 1095
3 1094 1110 1095
3 1111 1113 1078
3 1095 1111 1078
3 1078 1113 1079
3 981 498 445
3 2490 1129 188
3 1129 354 188
3 145 1963 1031
3 1116 1130 1085
3 1130 1131 1068
3 1068 1131 1086
3 1131 1132 1086
3 1132 1099 1086
3 1143 1087 1099
3 1132 1143 1099
3 1143 1144 1087
3 1145 1044 1144
3 3023 327 2790
3 383 722 654
3 331 1118 646
3 460 733 431
3 598 573 510
3 640 654 708
3 2324 1200 1242
3 1124 687 2384
3 181 76 277
3 750 2311 77
3 2619 1126 1111
3 1111 1126 1113
3 2121 403 1151
3 127 1686 2261
3 1963 498 1031
3 1141 1130 1116
3 1131 1142 1132
3 1060 1938 266
3 2363 901 1743
3 837 956 528
3 529 705 759
3 802 747 1138
3 482 791 705
3 1205 624 439
3 380 1835 2699
3 471 420 603
3 1159 1124 1123
3 1160 687 1124
3 1160 1107 687
3 1228 2299 1724
3 2167 3268 3245
3 1129 423 354
3 740 514 2300
3 495 1114 1098
3 345 326 309
3 545 1131 1130
3 545 1142 1131
3 361 547 500
3 508 436 625
3 1137 1159 1123
3 1159 1160 1124
3 1173 1107 1160
3 1107 1173 1136
3 1150 841 1136
3 839 296 136
3 337 259 2317
3 1135 1148 1147
3 335 1098 1082
3 179 1084 164
3 1082 2489 165
3 1142 1153 1132
3 1153 1143 1132
3 1183 1144 1143
3 1184 612 1145
3 1178 939 2270
3 1185 1736 1794
3 1969 838 594
3 642 436 680
3 360 722 383
3 1358 605 1156
3 383 654 516
3 1589 1159 1137
3 1173 1150 1136
3 1251 1273 1161
3 495 1075 1114
3 449 494 1165
3 1084 1165 164
3 750 163 157
3 901 1109 402
3 1797 1193 1142
3 1181 1153 1142
3 1182 1183 1143
3 1153 1182 1143
3 1183 1145 1144
3 1183 1184 1145
3 1146 1958 1664
3 1804 1187 1170
3 436 642 625
3 679 534 550
3 1219 563 693
3 405 1172 1411
3 1196 1159 1589
3 2817 2419 1175
3 134 2250 2262
3 1033 235 2095
3 2426 480 3308
3 76 280 2434
3 1193 1181 1142
3 1224 1182 1153
3 1184 836 612
3 2059 1146 1664
3 604 500 682
3 504 682 644
3 553 527 552
3 1335 530 481
3 88 836 128
3 1196 1197 1159
3 1159 1197 1160
3 1198 1173 1160
3 1198 1199 1173
3 1199 1150 1173
3 494 423 1129
3 1165 1129 189
3 2469 2476 160
3 1098 1114 1291
3 277 76 2434
3 1224 1153 1181
3 1223 1224 1181
3 1973 1916 918
3 505 681 661
3 775 1452 736
3 461 884 885
3 860 384 484
3 434 598 575
3 434 575 657
3 577 578 626
3 1150 1199 1174
3 188 354 1050
3 111 166 317
3 2372 1990 103
3 140 242 2301
3 2396 1249 1193
3 1249 1250 1181
3 1193 1249 1181
3 1181 1250 1223
3 1224 1183 1182
3 1225 836 1184
3 790 736 721
3 790 775 736
3 458 705 980
3 431 508 533
3 684 968 762
3 411 631 968
3 2143 513 1300
3 529 780 482
3 184 1595 185
3 791 557 980
3 555 794 1046
3 623 554 397
3 1197 1229 1160
3 1160 1229 1198
3 1209 1199 1198
3 1209 1230 2521
3 1199 1209 1190
3 1075 449 1165
3 207 1192 541
3 1221 1212 2538
3 2542 1213 1222
3 1225 1184 1183
3 1238 1225 1183
3 723 733 1215
3 1008 681 505
3 2262 2250 127
3 2311 750 291
3 1114 1075 1165
3 373 1082 1096
3 373 335 1082
3 859 124 2772
3 1176 375 323
3 1212 1234 1213
3 1234 1222 1213
3 164 1165 189
3 1237 1224 1223
3 1238 1183 1224
3 1265 1225 1238
3 1185 1396 559
3 1138 1228 1724
3 612 836 88
3 631 534 503
3 1046 1227 679
3 1196 1253 1197
3 1197 1253 1229
3 1229 1239 1198
3 1198 1239 1209
3 1209 1239 1230
3 1240 1230 1254
3 279 2585 255
3 1096 1082 165
3 1221 1233 1212
3 1233 1247 1212
3 1212 1247 1234
3 1234 1235 1222
3 1235 2542 1222
3 1235 1236 2542
3 1251 1237 1223
3 1237 1264 1224
3 1264 1238 1224
3 1852 538 2000
3 1713 556 1171
3 874 790 721
3 1364 813 595
3 739 740 396
3 1239 1254 1230
3 335 495 1098
3 1259 1246 1221
3 1246 1260 1221
3 1221 1260 1233
3 1262 1236 1235
3 189 1129 2490
3 1250 1251 1223
3 1264 1265 1238
3 1973 918 1980
3 571 171 196
3 1852 1007 538
3 1364 595 1227
3 816 712 666
3 767 463 530
3 556 555 526
3 1492 697 785
3 1253 1269 1229
3 1229 1269 1239
3 1254 1255 1240
3 1256 1257 1258
3 1259 1287 1246
3 1246 1288 1260
3 1271 1247 1233
3 1260 1271 1233
3 1271 1261 1234
3 1247 1271 1234
3 1261 1289 1235
3 1234 1261 1235
3 1289 1262 1235
3 1272 2532 1236
3 1274 1237 1251
3 1266 1225 1265
3 1266 154 1225
3 1398 1267 685
3 513 536 347
3 777 648 660
3 1803 1101 1397
3 780 813 627
3 815 816 667
3 760 631 597
3 1195 1302 1253
3 1253 1279 1269
3 1269 1270 1254
3 1239 1269 1254
3 1254 1280 1255
3 1165 494 1129
3 1257 1286 1258
3 1286 1259 1258
3 1299 1236 1262
3 1290 1272 1236
3 1299 1290 1236
3 1273 1251 1250
3 1264 1237 1274
3 1275 1265 1264
3 1275 1266 1265
3 458 980 1020
3 723 593 551
3 547 684 501
3 526 555 679
3 1302 1279 1253
3 1292 1270 1269
3 1270 1280 1254
3 1282 1283 1284
3 1257 1296 1286
3 1286 1287 1259
3 1297 1288 1246
3 1287 1297 1246
3 1288 1317 1260
3 1298 1261 1271
3 1318 1298 1271
3 1298 1289 1261
3 1299 1262 1289
3 1310 1274 1251
3 876 940 1669
3 1332 1266 1275
3 1097 814 667
3 528 956 1090
3 1569 2184 658
3 505 761 735
3 781 1277 790
3 790 1277 775
3 557 623 659
3 547 556 526
3 1030 629 1205
3 1352 1809 1323
3 1279 1303 1269
3 1269 1303 1292
3 1292 1293 1270
3 1270 1293 1280
3 1293 1313 1280
3 1296 1287 1286
3 1297 1316 1288
3 1317 1271 1260
3 1306 1299 1289
3 1307 1290 1299
3 453 110 824
3 1098 1291 2485
3 1332 1320 1266
3 559 1301 1185
3 1302 1303 1279
3 305 1280 1313
3 2763 340 2510
3 1287 1296 1297
3 1316 1317 1288
3 1317 1318 1271
3 1298 1305 1289
3 1305 1306 1289
3 1329 1290 1307
3 1290 1329 1341
3 1309 1311 1310
3 1311 1274 1310
3 1264 1332 1275
3 2118 340 773
3 505 661 1320
3 470 680 436
3 410 1090 641
3 774 508 431
3 1302 1335 1303
3 1303 1324 1292
3 1292 1324 1293
3 1114 1165 1084
3 305 1326 1295
3 1295 1326 1304
3 1296 1338 1297
3 1317 1327 1318
3 1328 1305 1298
3 1306 1307 1299
3 1330 1311 1309
3 1320 212 1266
3 212 154 1266
3 1185 1301 1736
3 2684 594 1252
3 503 534 529
3 660 516 640
3 627 622 557
3 1335 1336 1303
3 1336 1346 1303
3 1303 1346 1324
3 1324 683 1293
3 1293 683 1313
3 1337 1326 305
3 519 1325 520
3 1326 1347 1304
3 1347 1315 1304
3 1315 1338 1296
3 1338 1354 1297
3 1297 1354 1316
3 1316 1339 1317
3 1318 1340 1298
3 1305 1328 1306
3 1020 1329 1307
3 608 1309 1319
3 1330 1331 1311
3 1331 1274 1311
3 1331 1264 1274
3 1331 1332 1264
3 1848 611 1334
3 793 625 642
3 723 551 507
3 1313 1337 305
3 1339 1327 1317
3 1356 1318 1327
3 1318 1356 1340
3 1328 1298 1340
3 1330 1350 1331
3 1351 1332 1331
3 1736 662 195
3 1794 1736 195
3 1205 439 1214
3 516 654 640
3 1302 548 1335
3 1346 432 1324
3 683 1353 1313
3 1313 1353 1337
3 678 1315 1347
3 1354 1355 1316
3 1355 1339 1316
3 1339 1356 1327
3 1340 759 1328
3 458 1306 1328
3 1306 458 1307
3 1216 1309 608
3 941 1331 1350
3 735 1331 738
3 1331 735 1351
3 1351 761 1332
3 761 1320 1332
3 661 212 1320
3 661 812 212
3 1335 481 1336
3 481 432 1346
3 1336 481 1346
3 432 683 1324
3 628 1353 683
3 626 1326 1337
3 1326 626 1347
3 1315 678 1338
3 597 1339 1355
3 597 1356 1339
3 1356 1073 1340
3 1073 759 1340
3 458 1020 1307
3 3206 82 1357
3 1331 941 738
3 735 761 1351
3 622 460 557
3 626 1337 1353
3 1347 578 678
3 678 762 1338
3 1338 762 1354
3 597 1073 1356
3 1073 529 759
3 706 3112 1419
3 468 232 1447
3 1362 1538 1557
3 1608 1388 1651
3 1755 1497 1667
3 124 2254 130
3 1368 1343 1481
3 1403 1553 408
3 1743 525 424
3 922 331 1761
3 1565 1415 1402
3 1468 1813 1421
3 1422 1862 1860
3 2151 2690 2299
3 1388 1789 434
3 1127 2107 1162
3 1679 1760 1391
3 665 1392 1122
3 1700 1386 1405
3 1789 1401 434
3 1525 531 1401
3 1403 1435 1553
3 2577 925 1208
3 2187 599 2690
3 802 3005 1440
3 2187 2452 599
3 886 1157 1058
3 1730 1829 1400
3 160 630 1452
3 502 939 1178
3 1413 484 798
3 1830 1414 1423
3 814 1097 1119
3 1716 1719 1812
3 351 818 992
3 3417 2543 3264
3 387 325 343
3 794 1565 1767
3 1718 1715 1517
3 1281 789 173
3 1431 391 479
3 125 3508 1433
3 1434 387 343
3 1587 1147 1554
3 1501 535 1486
3 498 1584 445
3 1489 1719 1646
3 1438 456 407
3 425 2155 810
3 1434 1446 387
3 1388 434 657
3 1206 1477 2130
3 2126 1049 521
3 1446 1451 387
3 1451 412 387
3 1789 1608 1588
3 1045 499 1018
3 1438 1457 1458
3 1445 1459 1446
3 1476 412 1451
3 2369 1447 232
3 453 1164 110
3 409 1553 367
3 1730 1400 1727
3 524 1454 477
3 1721 1422 1636
3 1449 318 80
3 1450 1457 1438
3 1458 1470 1445
3 1445 1470 1459
3 1446 1460 1451
3 1032 1022 1047
3 1568 1697 1726
3 665 712 396
3 1585 1526 1417
3 1516 1467 1385
3 2753 2880 4049
3 1463 1886 1383
3 1467 1828 1385
3 1414 1420 1403
3 1482 1450 1469
3 1475 1457 1450
3 1482 1475 1450
3 1475 1458 1457
3 1459 1491 1446
3 1491 1460 1446
3 195 1826 388
3 1380 1365 1830
3 886 1169 1157
3 1701 1712 1864
3 396 1800 1799
3 1701 1864 1800
3 1376 1363 1885
3 1125 1773 1244
3 1788 1700 1474
3 1460 1485 1451
3 1451 1485 1476
3 1071 2015 440
3 1788 1629 1700
3 465 1771 1106
3 1712 1245 1864
3 1500 1458 1475
3 1500 1470 1458
3 1470 1490 1459
3 1459 1490 1491
3 1491 1505 1460
3 1460 1505 1485
3 1505 1515 1485
3 1487 1758 1739
3 1479 1368 1481
3 1499 1475 1482
3 1485 1501 1476
3 1476 1501 1486
3 1534 535 1501
3 1855 1747 1749
3 1101 1203 1397
3 1404 1629 1493
3 1711 1530 1813
3 1740 1739 1526
3 1088 2241 1495
3 1756 1649 1496
3 1747 1855 1487
3 1387 629 1345
3 1531 1482 1521
3 1531 1522 1482
3 1522 1499 1482
3 1500 1475 1499
3 1514 1470 1500
3 1470 1514 1490
3 1515 1501 1485
3 758 1502 704
3 362 2184 1569
3 1345 1405 1386
3 1468 1711 1813
3 1454 1521 1483
3 1490 1523 1491
3 1505 1524 1515
3 1515 1533 1501
3 180 535 1242
3 1739 1758 1780
3 1879 1034 1503
3 1704 1503 1390
3 1851 2991 1670
3 1386 1387 1345
3 3446 1773 1125
3 1514 1532 1490
3 1532 1523 1490
3 1491 1523 1505
3 622 627 1402
3 178 983 999
3 1417 1472 1814
3 1518 1519 1570
3 3227 1089 1207
3 559 1396 1007
3 1545 1500 1499
3 1545 1532 1500
3 1532 1514 1500
3 1523 1524 1505
3 1546 1515 1524
3 1501 1533 1534
3 1510 1843 1366
3 1406 1527 1831
3 1472 1752 1473
3 301 1281 1248
3 1207 1101 539
3 1570 1519 781
3 1519 1382 781
3 1801 1556 1379
3 1543 1454 524
3 1543 1544 1521
3 1454 1543 1521
3 1544 1531 1521
3 1522 1545 1499
3 1515 1563 1533
3 1534 1547 535
3 1029 815 814
3 1074 1464 2839
3 1429 1535 1376
3 1372 1804 1376
3 1647 1361 1506
3 1403 1420 1732
3 1473 1752 1568
3 1417 1814 1829
3 1634 1506 1361
3 1361 1540 1770
3 1540 1636 1860
3 2185 1929 1924
3 1531 1559 1522
3 1559 1545 1522
3 1532 1561 1523
3 1523 1562 1524
3 1524 1562 1546
3 1576 1515 1546
3 1576 1563 1515
3 1547 1534 1533
3 1581 639 703
3 1403 574 1423
3 1752 1555 1568
3 1557 1632 1422
3 1557 1601 1632
3 1544 1559 1531
3 1545 1560 1532
3 1560 1561 1532
3 1561 1591 1523
3 1523 1591 1562
3 1563 1582 1533
3 1582 1547 1533
3 1716 1718 1719
3 1767 1565 1402
3 1900 1567 324
3 380 2537 1835
3 478 709 641
3 1678 1849 1572
3 1574 1559 1544
3 1581 1574 1544
3 1560 1590 1561
3 1575 1546 1562
3 1546 1575 1576
3 1551 2491 73
3 3380 3394 2561
3 243 1440 2125
3 2483 2546 1194
3 1580 1650 1215
3 1415 1188 1580
3 1387 624 629
3 464 901 2363
3 1556 1714 1412
3 1833 858 1796
3 1172 697 1411
3 536 443 592
3 1492 1696 1411
3 1080 1081 321
3 1559 1560 1545
3 1590 1591 1561
3 1612 1575 1562
3 1563 1592 1582
3 1582 1593 1547
3 1593 1564 1547
3 1400 1716 1812
3 2491 636 2084
3 1606 742 1567
3 1568 1555 1697
3 1615 1750 1542
3 1391 1587 1436
3 2476 1642 160
3 73 2491 2084
3 1574 719 1559
3 1559 1602 1560
3 1560 1602 1590
3 1591 1612 1562
3 1575 1603 1576
3 1613 1563 1576
3 1603 1613 1576
3 1613 1592 1563
3 1592 1593 1582
3 1593 1604 1564
3 347 536 592
3 2637 826 4016
3 1567 1594 1606
3 509 766 798
3 443 1007 469
3 1508 1610 1703
3 2181 2063 1895
3 1599 3933 1600
3 1226 686 3816
3 775 840 1452
3 2426 537 480
3 512 1359 576
3 719 1622 1559
3 1559 1622 1602
3 1590 1623 1591
3 1613 1593 1592
3 1613 1626 1593
3 1809 1352 1302
3 1606 1494 742
3 1705 1757 1586
3 1690 874 887
3 1619 645 1843
3 1590 1653 1623
3 1623 1612 1591
3 1624 1625 1613
3 1625 1626 1613
3 1593 1626 1604
3 1537 1627 204
3 765 1988 2159
3 849 1606 1594
3 849 1494 1606
3 332 297 653
3 1759 1629 1788
3 405 1187 1617
3 1862 1632 1618
3 1019 184 1147
3 181 783 76
3 1019 1147 1587
3 1384 1548 1610
3 2563 909 452
3 1579 1508 1703
3 1030 1029 1345
3 1652 1622 719
3 1643 1602 1622
3 1643 1590 1602
3 1590 1643 1653
3 2407 967 1808
3 1333 2899 166
3 1614 849 1594
3 3676 3738 116
3 1359 1753 1651
3 1988 2154 2159
3 1372 1376 1885
3 1282 1508 1579
3 530 548 767
3 1371 1633 1681
3 1227 1046 1364
3 1861 1588 1608
3 1579 1703 1696
3 1492 1579 1696
3 1655 1575 1612
3 1654 1655 1612
3 1655 1603 1575
3 1603 1655 1613
3 1624 1644 1625
3 3885 3809 3
3 1215 737 723
3 499 741 1018
3 1436 1679 1391
3 1813 1598 1779
3 1529 1687 1284
3 1282 1284 1508
3 1284 1610 1508
3 1727 1400 1705
3 1637 840 1277
3 817 797 260
3 2450 632 2715
3 1770 1608 1634
3 1380 1632 1365
3 1928 122 1638
3 1652 1643 1622
3 1623 1684 1612
3 1684 1654 1612
3 1655 1672 1613
3 1665 1624 1613
3 1672 1665 1613
3 1665 1644 1624
3 1644 1656 1625
3 1656 1626 1625
3 1707 1626 1656
3 880 849 1614
3 905 880 1614
3 1745 1822 1668
3 737 1215 1650
3 1610 1548 1535
3 3845 1634 1753
3 3845 1506 1634
3 1861 1608 1770
3 1502 1652 719
3 629 1030 1345
3 1614 924 905
3 1497 1630 1668
3 408 1553 461
3 1388 576 1359
3 1462 1731 1823
3 1731 1714 1823
3 1538 1428 1571
3 1242 1537 2324
3 1619 1843 1779
3 386 92 1662
3 1365 1641 1578
3 1713 763 556
3 2066 1663 1664
3 1683 1643 1652
3 1643 1671 1653
3 1653 1684 1623
3 1654 252 1655
3 1665 1673 1644
3 1644 1673 1656
3 1667 1497 1668
3 1554 1092 1886
3 1835 2537 382
3 1782 741 518
3 1830 1365 1578
3 1540 1861 1770
3 661 1050 812
3 1682 549 645
3 874 551 887
3 1284 1384 1610
3 1632 1601 1365
3 1601 1641 1365
3 1492 785 1282
3 1683 1652 1502
3 1671 1693 1653
3 1653 1693 1684
3 1080 2656 1081
3 2607 2047 2067
3 1743 901 525
3 1763 1800 396
3 1554 1886 1463
3 3816 512 1226
3 1661 1637 1277
3 1881 1678 1529
3 1682 645 1619
3 1135 1550 1148
3 1361 1770 1634
3 1578 1641 1367
3 1639 1489 1680
3 1323 1809 1815
3 323 886 1058
3 1000 1683 1502
3 328 329 1692
3 1708 1643 1683
3 1708 1671 1643
3 1671 1709 1693
3 252 1694 1655
3 1655 1694 1672
3 1673 1665 1672
3 1673 1672 1685
3 1147 1148 1554
3 1127 1893 2107
3 2137 1059 1953
3 852 1100 1849
3 1371 1681 1455
3 1572 1687 1529
3 1678 1572 1529
3 307 387 412
3 1384 1666 1548
3 944 219 563
3 1631 1570 887
3 1570 781 1690
3 1000 1348 1683
3 1348 1708 1683
3 1708 1709 1671
3 1684 252 1654
3 1694 1685 1672
3 1498 1740 1526
3 1812 1489 1639
3 384 1281 506
3 1550 1135 1103
3 2486 189 2490
3 1155 2205 1780
3 1479 1481 1793
3 1252 1801 1658
3 1763 1701 1800
3 1195 1809 1302
3 1138 1724 802
3 1397 1203 518
3 1370 1519 1518
3 1507 1679 1436
3 1610 1369 1703
3 1489 1646 1682
3 1646 1689 1682
3 1391 1019 1587
3 1812 1639 1757
3 1348 1000 847
3 1709 1728 1693
3 1693 1722 1684
3 1684 1723 252
3 2220 2050 2238
3 1302 1352 548
3 1525 1830 531
3 1884 333 1695
3 1776 1463 1383
3 2263 210 1444
3 1730 1727 1702
3 1661 1277 1382
3 1814 1717 1715
3 1829 1814 1716
3 2785 3485 2173
3 1721 1379 1422
3 820 1708 1348
3 1728 1722 1693
3 1722 1723 1684
3 957 977 811
3 1400 1812 1705
3 1526 1739 1417
3 456 1438 1458
3 1565 794 1427
3 1569 658 2369
3 1518 1473 1370
3 1716 1814 1715
3 1931 262 946
3 1717 1473 1518
3 1455 1530 1711
3 1733 1727 1706
3 1525 1380 1830
3 1812 1757 1705
3 1647 1720 1361
3 1738 1466 1428
3 3069 116 2013
3 820 1734 1708
3 1708 1734 1709
3 1734 1728 1709
3 1242 1564 1537
3 605 1358 647
3 1580 1620 1528
3 1745 1668 1738
3 1830 532 531
3 1540 1720 1721
3 1361 1720 1540
3 1566 2193 363
3 1726 1697 1382
3 1188 1415 1565
3 1706 1705 1586
3 1720 1379 1721
3 1722 1735 1723
3 1535 1374 1363
3 2484 2493 165
3 1245 1155 1855
3 1692 1691 328
3 1379 1556 1422
3 1479 1472 1739
3 1780 1479 1739
3 1749 1497 1755
3 1848 169 220
3 1689 1631 887
3 201 1975 311
3 897 810 331
3 1608 1789 1388
3 1466 1727 1733
3 1442 1734 606
3 1728 1735 1722
3 1368 540 1343
3 1149 1135 1147
3 92 386 1109
3 3400 751 3380
3 1404 1387 1386
3 788 1520 766
3 1659 441 1493
3 414 1486 180
3 1370 1725 1382
3 622 1620 460
3 1252 1462 1801
3 1462 1823 1801
3 1585 1829 1730
3 1748 992 819
3 1571 1428 1552
3 1789 1588 1401
3 1650 1580 1188
3 922 1762 2642
3 412 1486 414
3 1024 1728 1734
3 794 555 763
3 193 181 1921
3 1170 1429 1376
3 2222 1788 1474
3 1703 1429 1170
3 283 3412 284
3 613 1744 1748
3 1527 1504 73
3 1798 1811 1746
3 1798 1119 1811
3 1739 1472 1417
3 1855 1758 1487
3 1745 1538 1362
3 1586 1766 1530
3 1601 1538 1465
3 2195 1685 1694
3 1734 820 606
3 1728 1024 1735
3 1675 1178 85
3 938 2793 1792
3 1681 1530 1455
3 1830 1423 532
3 3816 1394 512
3 982 478 1090
3 1411 1696 1187
3 1389 1565 1427
3 1629 1790 1493
3 1493 1790 1659
3 427 2450 3708
3 1673 872 1656
3 1661 1697 1756
3 1412 1745 1362
3 1465 1538 1571
3 1538 1738 1428
3 1720 1647 1379
3 1018 741 1782
3 2020 2025 2305
3 1764 2363 1743
3 1765 1764 1743
3 1861 1540 1860
3 1549 1048 1092
3 1535 1776 1374
3 1263 2572 109
3 102 1108 580
3 1137 1774 1589
3 2839 1464 1936
3 563 1057 418
3 1703 1369 1429
3 1516 1371 1467
3 1371 1455 1467
3 1768 1645 1119
3 3508 2991 1851
3 956 796 1090
3 1375 1675 85
3 1687 1384 1284
3 1428 1466 1552
3 525 901 596
3 1509 1785 1503
3 1758 1155 1780
3 991 969 943
3 465 443 1771
3 1420 1367 1516
3 1412 1362 1557
3 2656 515 1081
3 1463 1777 1778
3 1401 1597 1525
3 379 1765 1035
3 1776 1777 1463
3 1415 1511 1402
3 1435 1820 1171
3 348 200 215
3 957 2239 977
3 1675 1375 2235
3 1864 1245 1855
3 2998 3346 339
3 1718 1716 1715
3 1402 1511 622
3 2100 275 1635
3 1169 158 1157
3 656 1785 655
3 1696 1703 1170
3 159 852 1849
3 1511 1528 622
3 1688 1244 786
3 367 1435 1171
3 1798 1768 1119
3 1374 1383 1373
3 1106 1781 227
3 1092 1047 1021
3 1757 1680 1619
3 1405 1345 1029
3 1645 1405 1029
3 1642 709 478
3 1517 1717 1518
3 1717 1472 1473
3 1649 1566 1648
3 1121 1785 1509
3 1718 1517 1646
3 144 1441 1088
3 1698 1395 1798
3 1629 1838 1790
3 707 1512 1675
3 1203 1512 707
3 1467 1455 1711
3 496 455 454
3 1700 1629 1386
3 734 1403 408
3 1791 1314 1796
3 1990 519 800
3 1698 1798 1746
3 693 1172 405
3 967 1774 3859
3 1251 1161 1310
3 1162 374 809
3 809 374 425
3 1732 1820 1435
3 380 1688 1802
3 1666 1776 1548
3 1507 1777 1776
3 1620 733 460
3 1119 1645 814
3 1666 1507 1776
3 1658 1647 1322
3 1488 1755 1667
3 1687 1509 1384
3 1777 1507 1778
3 161 558 778
3 1796 1821 1441
3 817 260 1796
3 486 390 2210
3 967 1815 1774
3 1815 1809 1195
3 1528 1620 622
3 1498 1526 1630
3 1421 1389 1427
3 1436 1554 1778
3 1526 1585 1730
3 1801 1823 1556
3 1466 1668 1702
3 1507 1436 1778
3 1641 1633 1367
3 1706 1727 1705
3 1412 1557 1422
3 539 1101 1803
3 1005 539 1803
3 942 943 969
3 665 396 457
3 396 1799 457
3 1830 1578 1367
3 381 3386 1416
3 299 1901 1139
3 1642 630 160
3 905 925 880
3 1554 1148 1092
3 1695 1617 1804
3 1740 1487 1739
3 1690 781 790
3 1540 1721 1636
3 739 396 712
3 227 1781 1701
3 1901 254 1139
3 1252 1658 1660
3 1778 1554 1463
3 1535 1363 1376
3 282 1050 483
3 2015 1874 385
3 440 2015 385
3 1732 1435 1403
3 144 1832 1441
3 446 88 128
3 1701 1837 227
3 278 3881 136
3 1759 2224 1838
3 1629 1404 1386
3 1216 1358 1309
3 218 538 1007
3 693 563 418
3 1587 1554 1436
3 839 2330 296
3 920 1443 903
3 1749 1747 1497
3 1487 1740 1498
3 1660 1658 1573
3 1588 1597 1401
3 1448 2369 1162
3 1874 1248 385
3 1267 1045 978
3 573 532 574
3 2732 2174 1817
3 1070 1832 144
3 1832 1796 1441
3 1799 1749 1539
3 1415 1528 1511
3 665 457 1392
3 2056 2298 2424
3 1714 1667 1822
3 1393 1539 1488
3 1564 535 1547
3 1393 1731 1462
3 1488 1749 1755
3 3751 1753 1359
3 570 1062 2142
3 1420 1385 1732
3 1732 1385 1820
3 1832 1833 1796
3 1414 1403 1423
3 697 1157 785
3 1405 1768 1395
3 1843 1565 1366
3 1510 1366 1389
3 1267 978 685
3 1745 1738 1538
3 1393 1488 1731
3 1421 1510 1389
3 1188 1565 1843
3 1760 1704 1390
3 515 2656 1105
3 1864 1855 1749
3 1542 2455 2273
3 1155 1758 1855
3 1479 1793 1555
3 1752 1479 1555
3 1382 1277 781
3 1444 210 3194
3 1400 1829 1716
3 1651 1388 1359
3 860 1070 144
3 1841 1832 1070
3 1543 639 1544
3 1544 639 1581
3 1768 1405 1645
3 1941 1890 2902
3 3840 2200 3856
3 1378 1815 967
3 469 416 1432
3 3507 303 2633
3 1473 1568 1725
3 1621 455 1105
3 1278 1503 1034
3 1392 1393 1462
3 1618 1632 1380
3 1122 1392 1462
3 1747 1498 1497
3 1474 1405 1395
3 824 728 1447
3 1695 1804 1372
3 499 1005 741
3 1414 1830 1420
3 484 1413 1070
3 1385 1828 1820
3 1443 858 1833
3 1840 1443 1833
3 2046 339 2999
3 1378 1846 1815
3 1846 1323 1815
3 1827 3367 3240
3 1781 1155 1245
3 1369 1535 1429
3 1585 1417 1829
3 1472 1717 1814
3 1556 1412 1422
3 1278 1399 1019
3 1390 1278 1019
3 1420 1516 1385
3 1442 1024 1734
3 2732 430 2174
3 1018 1782 2050
3 1381 1368 1479
3 1363 1877 1885
3 1715 1717 1517
3 1790 1838 2229
3 2143 1300 2204
3 1413 1520 1070
3 1520 1841 1070
3 903 1443 1840
3 1695 1372 1884
3 1767 1402 1364
3 1282 785 1283
3 467 1267 1398
3 1604 1626 1627
3 1747 1487 1498
3 1863 1660 1573
3 1557 1538 1601
3 2194 518 1203
3 1780 1381 1479
3 1711 1468 1467
3 1381 1780 2205
3 1844 1833 1832
3 1841 1844 1832
3 1845 1840 1833
3 1844 1845 1833
3 1842 903 1840
3 1845 1842 1840
3 3565 3119 3311
3 796 982 1090
3 2656 198 372
3 1779 1843 1510
3 1539 1749 1488
3 1122 1462 1430
3 1466 1733 1552
3 1634 1608 1651
3 1619 1680 1682
3 1390 1019 1391
3 848 1513 1308
3 1713 1828 1427
3 1343 1566 1481
3 1481 1566 1649
3 1252 603 1430
3 1472 1479 1752
3 1374 1776 1383
3 1525 1618 1380
3 532 1423 574
3 413 1407 1577
3 824 110 728
3 798 1520 1413
3 1830 1367 1420
3 1697 1481 1649
3 1846 1847 1323
3 1170 1376 1804
3 1630 1526 1702
3 1526 1730 1702
3 1668 1630 1702
3 1667 1668 1822
3 1636 1422 1860
3 1753 1634 1651
3 1474 1700 1405
3 173 332 766
3 887 551 593
3 766 1520 798
3 1853 1842 1845
3 254 1892 389
3 1556 1823 1714
3 1714 1822 1745
3 1760 1509 1704
3 1718 1646 1719
3 1713 1171 1820
3 978 1045 1102
3 1702 1727 1466
3 1580 1215 1620
3 1358 1216 647
3 1395 1768 1798
3 1871 1844 1841
3 1858 1845 1844
3 1871 1858 1844
3 1858 1853 1845
3 1820 1828 1713
3 3743 1834 3744
3 1689 593 549
3 1679 1509 1760
3 1488 1667 1714
3 1812 1719 1489
3 1610 1535 1369
3 1005 518 741
3 1725 1568 1726
3 1390 1503 1278
3 2242 1203 707
3 513 347 1300
3 1680 1489 1682
3 1555 1481 1697
3 1620 1215 733
3 943 942 920
3 1793 1481 1555
3 3383 319 2723
3 813 1364 1402
3 1510 1813 1779
3 437 796 956
3 1806 559 1007
3 1852 1806 1007
3 1841 1520 1871
3 1865 1842 1853
3 1866 943 1842
3 1865 1866 1842
3 128 1225 154
3 1847 1352 1323
3 1548 1776 1535
3 531 434 1401
3 1862 1618 1860
3 1422 1632 1862
3 1570 1690 887
3 1661 1756 1637
3 1496 1615 1637
3 828 714 1281
3 1869 1853 1858
3 1869 1865 1853
3 1101 502 1203
3 740 1763 396
3 3048 1872 1847
3 1847 1872 1352
3 1666 1679 1507
3 1641 1465 1633
3 1598 1766 1779
3 1779 1766 1619
3 1552 1706 1681
3 1706 1586 1681
3 1518 1570 1631
3 1658 1801 1379
3 1647 1658 1379
3 1834 1691 3744
3 1252 1660 1863
3 1800 1864 1749
3 1800 1749 1799
3 1045 1018 1102
3 1370 1473 1725
3 1782 518 2194
3 1252 594 603
3 1421 1467 1468
3 1725 1726 1382
3 1875 1520 788
3 1520 1875 1871
3 1871 1869 1858
3 1866 991 943
3 858 817 1796
3 538 218 536
3 967 3859 1808
3 457 1799 1539
3 919 465 1772
3 1509 1679 1666
3 1517 1518 1631
3 1689 1517 1631
3 1430 1462 1252
3 1877 1866 1865
3 1453 991 1866
3 1886 1453 1866
3 1102 1018 2050
3 891 909 851
3 1493 441 624
3 1550 1103 1294
3 1736 1189 662
3 457 1539 1393
3 3374 3448 2597
3 1687 1121 1509
3 116 3069 3676
3 1682 1689 549
3 478 641 1090
3 1860 1618 1597
3 1399 1595 1019
3 1697 1649 1756
3 1731 1488 1714
3 1493 624 1387
3 1404 1493 1387
3 1828 1421 1427
3 1756 1496 1637
3 1509 1503 1704
3 1637 1615 840
3 1100 1121 1572
3 1884 1875 788
3 1871 1876 1869
3 1877 1865 1869
3 1876 1877 1869
3 1597 1618 1525
3 422 197 1063
3 1080 198 2656
3 1106 1432 2226
3 1543 524 1541
3 1872 686 1352
3 814 1645 1029
3 1713 1427 763
3 1757 1639 1680
3 1861 1860 1597
3 2572 1263 1783
3 1586 1530 1681
3 1571 1552 1633
3 1309 1358 1330
3 1658 1322 1573
3 1101 1089 939
3 1649 1648 1496
3 1760 1390 1391
3 1250 1249 1273
3 1696 1170 1187
3 171 388 560
3 1877 1883 1866
3 1883 1886 1866
3 1474 1395 1698
3 1284 1881 1529
3 1352 767 548
3 1382 1697 1661
3 1509 1666 1384
3 1601 1465 1641
3 3297 2706 467
3 1766 1598 1530
3 1633 1465 1571
3 1517 1689 1646
3 1530 1598 1813
3 502 1512 1203
3 441 439 624
3 1875 1372 1871
3 1871 1372 1876
3 1885 1877 1876
3 1330 1358 1350
3 991 1021 1009
3 71 2132 238
3 1357 82 1878
3 686 1226 1352
3 1226 767 1352
3 457 1393 1392
3 1615 1452 840
3 1586 1757 1766
3 1588 1861 1597
3 902 1047 1092
3 1633 1516 1367
3 440 385 415
3 370 114 1375
3 1572 1121 1687
3 3033 2085 2722
3 734 574 1403
3 1875 1884 1372
3 1372 1885 1876
3 1883 1373 1886
3 1886 1021 1453
3 1363 1374 1877
3 1668 1466 1738
3 2674 3448 3377
3 853 2545 2508
3 693 979 1219
3 2366 1442 916
3 1294 1103 1549
3 3293 413 1577
3 1766 1757 1619
3 1633 1371 1516
3 1412 1714 1745
3 1497 1498 1630
3 1670 3393 1640
3 1615 1542 1452
3 1542 160 1452
3 1552 1733 1706
3 1374 1883 1877
3 1374 1373 1883
3 1373 1383 1886
3 887 593 1689
3 1366 1565 1389
3 531 598 434
3 1595 1399 126
3 1092 1021 1886
3 1370 1382 1519
3 1712 1701 1781
3 1921 1912 1888
3 3877 582 1839
3 389 2333 117
3 2025 2020 940
3 12 776 3683
3 1492 1411 697
3 1577 1045 1267
3 3017 3236 3072
3 2109 2181 1154
3 152 2834 1991
3 582 2693 945
3 146 293 1917
3 493 3057 2843
3 1091 1836 3297
3 2531 2501 3823
3 1898 1899 1900
3 167 170 1904
3 232 1893 1127
3 1893 1915 1888
3 1888 1915 1921
3 374 2137 1953
3 1905 3342 3285
3 129 113 876
3 1909 1911 292
3 1888 1912 2078
3 485 1909 292
3 582 488 95
3 292 1911 2119
3 201 1787 1975
3 3217 3226 3053
3 2820 162 2749
3 254 245 2089
3 391 2318 1795
3 2034 1893 232
3 1091 3297 467
3 2034 1935 1893
3 1935 1915 1893
3 113 940 876
3 2351 1308 1513
3 2053 765 764
3 2899 2892 166
3 1918 609 473
3 1972 1973 1980
3 1918 1919 609
3 391 1795 668
3 1919 784 609
3 2156 2158 2381
3 784 2156 2381
3 1923 228 334
3 14 2046 1787
3 1952 1904 403
3 415 860 558
3 947 2120 2433
3 2180 2312 1927
3 479 391 668
3 719 1574 1581
3 821 1744 613
3 2699 600 375
3 2107 2137 374
3 220 169 2045
3 724 2720 398
3 1953 1059 1979
3 425 1953 1979
3 82 202 1878
3 1938 1179 2379
3 1176 323 1057
3 254 2089 1139
3 2757 2727 2030
3 1939 79 389
3 1962 1948 1163
3 2902 1333 1931
3 1512 1178 1675
3 2178 2171 1992
3 1954 1134 185
3 805 4021 854
3 1396 416 469
3 318 2707 1406
3 129 2381 1960
3 2127 2072 1947
3 355 1998 1669
3 1005 1803 518
3 938 1792 1513
3 852 1937 1100
3 1146 2159 1958
3 852 958 1937
3 1785 656 2408
3 175 1100 1937
3 3743 3282 1834
3 2216 582 3877
3 2216 2885 582
3 1059 134 1979
3 1059 1166 134
3 65 349 215
3 2100 946 878
3 425 374 1953
3 1957 2012 1956
3 1992 2159 1146
3 2131 1973 1972
3 1990 800 2259
3 1916 1973 1913
3 175 187 668
3 2093 2034 232
3 1409 1410 2560
3 1998 888 2115
3 1878 202 3195
3 416 1185 561
3 1133 2004 2005
3 1935 2061 1915
3 2094 1921 1915
3 2061 2094 1915
3 250 2007 2721
3 2089 216 2032
3 2170 1947 1986
3 3208 2027 2032
3 1923 334 1151
3 415 385 860
3 3817 152 2264
3 876 1669 2115
3 2166 1988 3484
3 2117 2072 2021
3 2167 3245 350
3 3198 256 2043
3 93 2087 1983
3 427 1204 669
3 1943 2583 2023
3 15 14 1787
3 596 402 1448
3 1917 1952 78
3 315 237 1917
3 1983 106 256
3 1688 2699 375
3 1954 2394 123
3 2062 1989 2113
3 1874 2015 3337
3 2022 1992 2031
3 200 201 215
3 1839 582 95
3 2014 2009 472
3 2841 3040 2042
3 2159 2051 1958
3 376 2002 2003
3 263 2087 346
3 2121 1151 2248
3 2121 78 403
3 106 315 256
3 2789 2784 2074
3 2178 2022 2072
3 313 2136 1810
3 3269 3260 919
3 2051 1957 2066
3 2010 2099 1995
3 2008 2071 616
3 898 1856 1940
3 232 468 2093
3 3841 1322 1506
3 1321 1125 714
3 1979 134 2161
3 1979 2161 2155
3 2073 2743 2744
3 1105 1017 390
3 66 215 2483
3 475 294 2180
3 2795 2604 2609
3 2058 256 3198
3 1243 1900 1899
3 2034 2061 1935
3 1558 1678 1881
3 1283 1157 1881
3 1806 1301 559
3 1992 1146 2031
3 2071 2142 2162
3 216 346 2032
3 2072 2031 2086
3 1924 1929 2011
3 2312 2688 2156
3 294 2030 2727
3 1937 958 175
3 1795 1100 175
3 1070 860 484
3 1958 2066 1664
3 2066 1957 1663
3 394 235 1932
3 169 394 1932
3 2678 1138 747
3 2072 2086 2021
3 2072 2117 2088
3 1924 2011 2138
3 888 118 1940
3 2032 1139 2089
3 1146 2059 2101
3 1033 2095 3202
3 2064 2062 2113
3 513 2096 2000
3 317 2028 1971
3 1112 2419 2386
3 2419 2536 2386
3 78 2121 2026
3 2021 2086 3429
3 346 2446 2032
3 1957 1956 1955
3 1663 1957 1955
3 2090 2072 2088
3 2136 1942 2019
3 1101 939 502
3 2228 2194 1203
3 2079 1962 2091
3 295 220 122
3 2488 3212 3450
3 71 2746 2785
3 1992 2022 2178
3 1980 2127 1947
3 1959 1980 1947
3 1959 1947 2170
3 1929 1986 2010
3 263 346 216
3 2935 2919 2430
3 1986 2090 2099
3 2010 1986 2099
3 1775 2010 2071
3 616 2071 2162
3 2103 1942 1943
3 1955 1806 2102
3 2090 2088 2141
3 3760 3768 1903
3 1794 195 571
3 2093 2061 2034
3 1977 365 2104
3 2063 2014 472
3 2113 1989 2112
3 1128 1997 1154
3 1616 2145 1940
3 220 295 1848
3 2082 1168 1322
3 1168 1573 1322
3 2127 2178 2072
3 2078 206 1059
3 1856 2381 129
3 2138 2011 1775
3 1948 2138 2008
3 2138 1775 2008
3 2088 2117 2141
3 64 1285 2880
3 2299 2690 599
3 317 2027 2028
3 2010 1995 2071
3 1512 502 1178
3 1469 1450 1456
3 1157 1558 1881
3 1888 2078 2104
3 365 1888 2104
3 295 611 1848
3 2162 2142 1062
3 1169 669 958
3 2675 2627 2120
3 2093 2140 2061
3 2061 2140 2094
3 245 216 2089
3 170 1151 403
3 118 366 394
3 1759 1788 2224
3 312 848 1017
3 2145 898 1940
3 1978 1956 2001
3 2167 350 1189
3 1301 1978 2001
3 571 195 171
3 2404 1918 473
3 2591 3904 1896
3 2147 193 2094
3 117 263 2128
3 2004 3016 3296
3 1146 2101 2031
3 3244 2012 239
3 3785 3164 725
3 1913 3492 1916
3 1803 1397 518
3 99 366 1998
3 2086 2204 2197
3 1168 1863 1573
3 445 2093 468
3 2004 2967 3016
3 632 2450 323
3 2423 1943 2023
3 366 888 1998
3 117 238 263
3 312 938 848
3 2059 1664 1999
3 2031 2143 2086
3 2099 2133 1995
3 266 1810 2039
3 2101 1999 2096
3 2102 1806 1852
3 1736 2167 1189
3 2068 2230 2880
3 2096 1999 2000
3 1244 219 944
3 21 20 3789
3 2453 2620 2421
3 1638 220 1923
3 219 1176 563
3 2140 2093 445
3 1972 1980 935
3 1918 2404 1919
3 389 79 2333
3 2031 2101 2143
3 1301 2001 1736
3 2789 2144 3148
3 425 1979 2155
3 669 479 668
3 2146 1810 2019
3 2168 2094 2140
3 2168 2147 2094
3 3211 1983 2058
3 1985 2138 2149
3 110 1164 981
3 2137 1977 2104
3 2159 2154 2051
3 2099 2141 2133
3 706 1189 3112
3 2019 1810 2136
3 3016 2967 3296
3 1121 1795 1785
3 2147 104 193
3 2103 2019 1942
3 2051 2066 1958
3 668 1795 175
3 2681 2151 1228
3 2107 1977 2137
3 420 1122 603
3 2170 1986 1929
3 1920 2111 3763
3 1431 479 1204
3 521 1786 453
3 2022 2031 2072
3 210 3205 3194
3 2086 2143 2204
3 2027 1139 2032
3 616 2162 1268
3 2162 1062 351
3 938 1513 848
3 1956 1978 1806
3 2210 2140 445
3 106 237 315
3 1956 1806 1955
3 918 2178 2127
3 2210 2168 2140
3 1985 2169 2138
3 1437 2170 1929
3 1437 935 2170
3 394 366 235
3 765 2159 2171
3 2777 2867 2331
3 1737 2831 1060
3 2831 1938 1060
3 747 1440 243
3 215 311 2483
3 2101 2096 2143
3 99 1998 355
3 1981 3882 2190
3 2006 2720 724
3 881 2154 2166
3 1983 256 2058
3 2795 1179 1938
3 2893 2795 1938
3 366 99 235
3 714 1125 789
3 2178 918 2171
3 764 765 2171
3 918 2127 1980
3 2011 2010 1775
3 2102 1852 1999
3 916 606 934
3 3395 381 1416
3 2071 570 2142
3 935 1959 2170
3 1956 2012 2001
3 118 888 366
3 393 539 2894
3 392 873 391
3 261 2351 104
3 592 443 465
3 235 99 2095
3 1932 235 1033
3 3069 2013 2183
3 300 121 253
3 3087 2183 2123
3 2112 2079 2091
3 1962 1163 2069
3 918 1916 764
3 2096 513 2143
3 2192 540 1368
3 1978 1301 1806
3 1154 2181 1991
3 365 1893 1888
3 2021 3429 2117
3 1282 1579 1492
3 1685 2199 1673
3 346 2087 93
3 1893 365 1977
3 2214 2186 2130
3 232 1127 2369
3 1368 1381 2192
3 2205 2192 1381
3 2230 64 2880
3 2101 2059 1999
3 2071 1995 570
3 2168 261 2147
3 2112 1989 1968
3 218 1007 443
3 1962 2069 2091
3 2199 872 1673
3 2193 1566 1343
3 1941 1931 945
3 2138 2169 1924
3 1947 2090 1986
3 1664 1663 1999
3 2104 2078 2137
3 2110 2039 2146
3 3429 2086 2197
3 2149 2138 1948
3 515 390 486
3 2238 2050 2234
3 1712 1781 1245
3 2207 1343 540
3 935 1980 1959
3 1962 2149 1948
3 1795 1121 1100
3 582 945 488
3 1268 2162 351
3 2199 1685 2195
3 2137 2078 1059
3 2099 2090 2141
3 1955 2102 1999
3 1663 1955 1999
3 1308 261 2168
3 2761 2110 2019
3 1771 469 1432
3 2206 2192 2205
3 2206 540 2192
3 2207 2193 1343
3 2207 2208 2193
3 901 402 596
3 558 1495 2231
3 1617 1695 979
3 2169 2185 1924
3 346 3210 2446
3 2199 1707 872
3 144 1088 860
3 2227 392 1807
3 444 2039 2750
3 1947 2072 2090
3 2169 1104 3517
3 1807 435 2227
3 1781 2205 1155
3 2219 540 2206
3 2219 2207 540
3 2234 2050 1782
3 196 1312 2240
3 2187 2198 2452
3 536 218 443
3 1093 1312 2413
3 2171 2159 1992
3 1796 1314 1821
3 1891 170 167
3 2110 2759 2039
3 1928 1891 2215
3 2213 838 1969
3 1884 788 332
3 159 958 852
3 1506 1322 1647
3 2218 2205 1781
3 1312 1093 2240
3 2225 1308 2168
3 1308 2351 261
3 1088 1821 2241
3 2237 1821 1707
3 2199 2237 1707
3 1821 2212 1707
3 2693 582 2885
3 2010 2011 1929
3 2217 1694 399
3 1698 1484 2209
3 215 201 311
3 333 979 1695
3 1106 2226 1781
3 2226 2218 1781
3 2218 2206 2205
3 2240 2208 2207
3 196 2240 2239
3 2445 1449 1925
3 1674 402 1109
3 561 957 811
3 2070 318 2560
3 2241 2211 2217
3 2232 2195 2211
3 2232 2199 2195
3 2199 2232 2237
3 873 656 655
3 561 1185 571
3 2210 2225 2168
3 1698 2234 2222
3 2222 2228 1788
3 2228 2223 1788
3 1788 2223 2224
3 2224 2229 1838
3 1849 1100 1572
3 1984 1985 2149
3 1771 1432 1106
3 145 1031 1164
3 1102 2050 2220
3 2240 1220 2208
3 1201 2233 1426
3 2124 2149 1962
3 606 916 1442
3 2241 2232 2211
3 2223 2242 2224
3 2235 1790 2229
3 2012 1957 239
3 917 2163 2111
3 2124 1984 2149
3 1804 1617 1187
3 561 811 1432
3 1826 706 442
3 2318 1785 1795
3 2209 2238 2234
3 2234 2194 2228
3 2222 2234 2228
3 2223 2228 2242
3 2242 2229 2224
3 707 2235 2229
3 1050 681 483
3 1629 1759 1838
3 486 445 1584
3 811 2206 2218
3 977 2219 2206
3 977 2239 2219
3 2239 2207 2219
3 2239 2240 2207
3 2231 2241 2217
3 1999 1852 2000
3 782 519 267
3 2227 873 392
3 1032 2254 178
3 2241 2237 2232
3 1925 1449 80
3 2242 707 2229
3 3816 686 3048
3 444 2780 2243
3 811 977 2206
3 957 196 2239
3 1495 2241 2231
3 2241 1821 2237
3 2234 1782 2194
3 2228 1203 2242
3 2245 157 2310
3 157 163 2310
3 2405 156 2326
3 156 2247 2326
3 2246 2400 131
3 77 2354 2350
3 1033 3202 221
3 2274 2251 748
3 134 2340 2250
3 2251 251 2336
3 2354 2258 2399
3 1635 275 302
3 924 1614 923
3 121 138 2358
3 96 265 1707
3 147 92 1109
3 2358 138 105
3 2261 205 3270
3 138 2502 2389
3 156 2405 2327
3 353 1895 2836
3 1910 1635 302
3 316 108 143
3 750 2245 2247
3 1791 1796 260
3 1180 132 109
3 2266 1659 114
3 94 2265 81
3 748 2351 2252
3 1648 1566 363
3 1615 1496 1750
3 370 2266 114
3 2267 1659 2266
3 2267 441 1659
3 370 2272 2266
3 2276 2267 2266
3 455 312 1017
3 489 471 1097
3 2332 2367 206
3 2270 2283 2272
3 2276 2266 2272
3 2279 2267 2276
3 2279 2280 2267
3 2280 441 2267
3 2236 439 441
3 825 255 2348
3 2367 2339 206
3 1912 1921 277
3 2270 2282 2283
3 2283 2284 2272
3 404 3896 2281
3 1785 2408 1879
3 2259 823 2604
3 823 2587 2604
3 136 89 82
3 2284 2276 2272
3 2284 2288 2276
3 2276 2288 2279
3 1206 2914 2921
3 2280 2289 2236
3 1114 1084 1291
3 2291 2284 2283
3 2288 2289 2279
3 2279 2289 2280
3 421 130 2254
3 214 2290 2294
3 2282 2270 1536
3 2017 2283 2282
3 2017 2291 2283
3 2292 2284 2291
3 2284 2292 2288
3 2292 2293 2288
3 2288 2293 2289
3 2289 2300 2236
3 2236 2300 514
3 331 810 1761
3 2294 2295 2296
3 2379 1179 313
3 169 1932 2045
3 2753 4049 2297
3 2303 2291 2017
3 2303 2292 2291
3 2292 2308 2293
3 2293 2304 2289
3 2289 2304 2300
3 2707 1344 1406
3 2305 2244 192
3 2184 824 1447
3 2909 475 1927
3 2313 2292 2303
3 2304 746 2300
3 1837 1763 746
3 2398 778 2364
3 2860 3747 2858
3 2025 291 2244
3 2025 2311 291
3 158 1169 159
3 475 2180 1927
3 2302 1922 2432
3 220 2045 228
3 1583 3407 1873
3 2315 2313 2303
3 2292 2313 2308
3 2308 2309 2293
3 2293 2309 2304
3 2309 1837 2304
3 1837 746 2304
3 227 1837 2309
3 160 1542 2273
3 265 1627 1707
3 337 2397 259
3 77 2311 2354
3 2354 1897 2258
3 2132 71 236
3 220 228 1923
3 103 1990 2831
3 3318 2315 2307
3 2316 2308 2313
3 2315 2316 2313
3 2308 2316 2309
3 2316 2323 2309
3 2323 227 2309
3 262 1333 111
3 2390 2473 748
3 655 1785 2318
3 140 2391 242
3 105 138 2389
3 2262 127 2261
3 1772 2322 2315
3 2315 2322 2316
3 2322 2323 2316
3 110 981 468
3 2325 2636 3401
3 2391 2392 242
3 2587 177 2604
3 2390 2252 2346
3 1106 227 2323
3 3374 2116 3448
3 2084 2788 73
3 1527 73 2054
3 465 1106 2323
3 2322 465 2323
3 85 2270 370
3 2334 71 238
3 117 2334 238
3 120 2703 2329
3 1990 2259 2893
3 256 315 2026
3 1341 1020 591
3 919 592 465
3 214 2265 94
3 2924 71 2335
3 237 146 1917
3 430 477 2174
3 2763 72 2978
3 1178 2270 85
3 2761 2759 2110
3 136 3881 839
3 562 542 286
3 2392 2246 242
3 2368 2285 2339
3 2368 2290 241
3 2285 2368 241
3 898 2381 1856
3 560 2413 1312
3 3798 22 3764
3 1231 148 748
3 2377 2341 2342
3 214 1686 689
3 2252 2345 2346
3 2295 2294 2418
3 1216 608 2477
3 2502 2376 2499
3 748 2251 2351
3 2473 1231 748
3 251 783 2336
3 78 1952 403
3 258 859 337
3 2286 825 2410
3 94 81 2327
3 750 157 2245
3 1694 252 1723
3 2362 2398 2395
3 2352 2380 2356
3 2336 783 104
3 2377 2342 2344
3 90 124 859
3 2254 124 178
3 2310 2275 2411
3 2357 2362 2395
3 261 104 2147
3 2374 2388 2378
3 1791 2301 217
3 1278 1034 126
3 2417 2245 2414
3 2245 2310 2414
3 131 2400 2359
3 2275 2350 279
3 2353 2361 2371
3 2359 2411 2268
3 2247 2392 2326
3 2390 748 2252
3 2365 2371 2361
3 946 262 878
3 2336 104 2351
3 2341 2362 2357
3 1447 728 468
3 2412 2367 2332
3 1057 323 418
3 291 750 81
3 2365 2370 2371
3 2355 2361 2353
3 3240 2378 3054
3 2036 1909 2055
3 2395 2398 2364
3 1786 1164 453
3 2334 117 2333
3 2290 2347 2294
3 155 212 812
3 2492 826 177
3 3267 186 2393
3 2364 778 208
3 1360 1735 1024
3 2502 1175 1112
3 2382 2341 2377
3 2352 2383 2355
3 2356 2383 2352
3 2249 326 345
3 2268 2411 2249
3 2381 2158 1960
3 2025 2403 2311
3 2311 2403 2354
3 810 897 726
3 2353 2409 2373
3 1892 1939 389
3 2371 2366 2409
3 2410 825 2348
3 2253 2389 1180
3 1232 148 1231
3 2161 134 2262
3 2341 2382 2362
3 440 558 161
3 2373 2409 2385
3 2353 2371 2409
3 2370 1360 1024
3 1909 2306 1911
3 2344 2349 2382
3 2270 2272 370
3 2327 3270 205
3 2268 2249 1200
3 1167 2385 142
3 1894 2006 2328
3 251 2358 105
3 2473 1232 1231
3 2352 2355 2353
3 813 1402 627
3 2388 2356 601
3 2045 1932 1033
3 491 446 128
3 2599 2542 2520
3 259 2391 140
3 2414 2310 2411
3 345 180 2249
3 634 105 2253
3 1135 1149 1134
3 2451 1480 623
3 2374 2356 2388
3 2380 2352 2353
3 2385 2409 965
3 3185 398 1444
3 2014 610 2009
3 400 421 2254
3 1761 1762 922
3 2275 2286 2411
3 1406 1344 1527
3 81 750 2247
3 105 2389 2253
3 161 778 2398
3 97 1140 98
3 2356 2380 601
3 1686 205 2261
3 1596 2374 2378
3 661 681 1050
3 2395 2365 2361
3 2364 208 1360
3 2396 1273 1249
3 337 2771 2397
3 2417 2400 2246
3 2383 2357 2355
3 629 624 1205
3 2317 1791 260
3 1642 282 709
3 1166 2340 134
3 2399 172 2585
3 612 1044 1145
3 2368 1418 2290
3 1870 102 210
3 1891 2119 2215
3 123 493 400
3 2317 2301 1791
3 142 965 314
3 2269 1140 97
3 2355 2357 2361
3 583 141 149
3 2326 2392 2391
3 1418 2347 2290
3 1133 2401 2994
3 2037 120 79
3 2405 2326 2402
3 2400 2414 2359
3 2247 2245 2392
3 689 2250 2340
3 2341 2357 2383
3 2356 2341 2383
3 217 2269 97
3 2255 2353 286
3 1294 1148 1550
3 2260 2269 217
3 2246 2269 242
3 2119 2836 473
3 3277 2425 2553
3 473 2962 2404
3 126 1399 1278
3 750 77 163
3 2409 2366 916
3 493 421 400
3 240 2380 2255
3 2380 2353 2255
3 2341 2356 2342
3 132 1263 109
3 2354 1960 1897
3 2217 2211 1694
3 810 2155 1761
3 286 2353 2373
3 1021 991 1453
3 369 76 783
3 240 2255 670
3 2249 2410 326
3 2275 279 2286
3 2312 784 1919
3 1200 2249 180
3 279 255 825
3 2389 1112 1180
3 183 422 119
3 784 2312 2156
3 299 1139 2027
3 3677 3790 2855
3 2342 2356 2374
3 2409 916 965
3 163 77 2350
3 965 916 934
3 1082 1098 2489
3 277 2434 1912
3 3785 725 685
3 178 124 90
3 2364 2370 2365
3 2388 601 186
3 368 142 1044
3 1093 2416 1220
3 2265 291 81
3 246 322 287
3 2434 2412 2332
3 1912 2434 2332
3 689 1686 2250
3 259 2425 2391
3 2044 2342 2374
3 1147 184 1149
3 2044 2374 1596
3 127 2250 1686
3 863 2339 2367
3 1314 2212 1821
3 2417 2246 2392
3 863 2368 2339
3 863 1418 2368
3 704 719 1581
3 1093 2413 2416
3 2416 2422 1220
3 1220 2422 2193
3 191 1648 363
3 2344 2342 2044
3 286 2373 1167
3 2397 2425 259
3 1071 161 2398
3 1763 1837 1701
3 2416 2427 2422
3 2193 2422 363
3 2717 2420 1595
3 2358 251 2251
3 746 740 2300
3 634 2253 369
3 2025 940 2403
3 940 113 2403
3 1248 537 301
3 560 1710 2413
3 2428 191 363
3 2364 1360 2370
3 2362 2382 2398
3 2403 113 2354
3 2867 2777 3379
3 1059 206 1166
3 2413 2436 2416
3 2416 2436 2427
3 2437 2428 363
3 1943 2423 2103
3 778 2231 208
3 2317 140 2301
3 2275 163 2350
3 1686 214 94
3 2414 2411 2359
3 2425 2402 2391
3 2402 2326 2391
3 634 369 251
3 2476 282 1642
3 2435 2413 1710
3 2422 2437 363
3 1887 696 3627
3 468 981 445
3 2370 1024 2366
3 2370 2366 2371
3 670 2255 542
3 936 2372 1922
3 2350 2399 279
3 1134 1103 1135
3 1626 1707 1627
3 2351 2251 2336
3 3277 2402 2425
3 2411 2286 2249
3 2435 2436 2413
3 2436 2431 2427
3 2427 2431 2422
3 2441 191 2428
3 2441 1496 191
3 3007 1409 213
3 2357 2395 2361
3 2395 2364 2365
3 442 2435 1710
3 2431 2438 2422
3 2422 2438 2437
3 2437 2441 2428
3 1134 123 1103
3 859 139 90
3 2255 286 542
3 81 156 2327
3 2410 2348 326
3 456 1458 1445
3 442 2439 2435
3 1044 142 1006
3 1180 109 137
3 251 369 783
3 601 240 1192
3 2359 2268 2324
3 148 2358 2274
3 863 2367 2412
3 1737 1060 2432
3 1419 2439 442
3 2436 2444 2431
3 107 1180 137
3 2399 2585 279
3 131 2359 225
3 225 2359 2324
3 300 2376 121
3 2417 2414 2400
3 1791 217 1314
3 2385 965 142
3 93 1983 3211
3 2439 2442 2435
3 2442 2443 2435
3 2435 2443 2436
3 2431 2447 2438
3 102 1870 2103
3 2389 2502 1112
3 1140 131 225
3 2269 131 1140
3 2324 2268 1200
3 346 93 3210
3 2443 2444 2436
3 2444 2447 2431
3 2448 1750 2441
3 2393 74 3167
3 1537 1564 1604
3 1314 217 96
3 2245 2417 2392
3 317 299 2027
3 580 3205 210
3 2443 2459 2444
3 2447 2462 2438
3 211 689 2340
3 206 211 1166
3 139 921 90
3 1244 1688 572
3 217 97 96
3 1272 2487 2541
3 2442 2461 2443
3 2444 2459 2447
3 2462 2454 2438
3 2454 2437 2438
3 2448 2441 2437
3 2463 2448 2437
3 797 258 337
3 326 2348 309
3 1694 1723 399
3 3267 2388 186
3 1061 1549 1103
3 1248 1281 385
3 2453 2442 2439
3 2453 2461 2442
3 2467 2462 2447
3 2463 2437 2454
3 2455 2448 2463
3 1604 1627 1537
3 345 414 180
3 385 1281 384
3 193 783 181
3 1200 180 1242
3 3800 2073 2834
3 2461 2459 2443
3 188 282 2490
3 3260 592 919
3 2451 2460 1480
3 98 204 97
3 315 78 2026
3 3195 202 209
3 209 1964 3207
3 1058 1157 697
3 2459 2467 2447
3 208 2217 399
3 820 1348 847
3 2314 792 793
3 792 2314 2451
3 2314 2465 2451
3 2451 2465 2460
3 2217 208 2231
3 2286 279 825
3 2463 2472 2455
3 2273 2469 160
3 591 1480 2460
3 820 847 871
3 2314 793 1069
3 2274 2358 2251
3 85 370 1375
3 315 1917 78
3 337 2317 797
3 2043 256 2026
3 2461 2421 2459
3 2472 2469 2455
3 2455 2469 2273
3 155 154 212
3 605 1069 793
3 2249 2286 2410
3 2460 1341 591
3 724 2328 2006
3 2453 2421 2461
3 2421 2478 2459
3 2478 2474 2459
3 2474 2467 2459
3 2462 2468 2454
3 2454 2468 2463
3 2468 2471 2463
3 2471 2472 2463
3 2344 2382 2377
3 2269 2246 131
3 1127 1162 2369
3 1069 647 2465
3 2465 2477 2460
3 1180 1112 132
3 186 1192 2393
3 241 2290 214
3 2467 2470 2462
3 2475 2468 2462
3 1735 1360 1723
3 2128 216 245
3 3203 355 1669
3 2310 163 2275
3 114 2235 1375
3 647 2477 2465
3 102 580 210
3 1151 334 2248
3 2025 2244 2305
3 2467 2474 2470
3 2470 2475 2462
3 2476 2469 2472
3 399 1723 1360
3 2020 3192 3191
3 1341 1329 1020
3 2339 2285 211
3 193 1921 2094
3 2026 2121 3199
3 2478 2484 2474
3 2474 2485 2470
3 2470 2485 2479
3 2479 2475 2470
3 2475 2481 2468
3 2468 2481 2471
3 2482 2472 2471
3 1192 240 541
3 1785 1879 1503
3 2693 2885 224
3 1669 2020 3191
3 2121 2248 3199
3 2482 2471 2481
3 2486 2476 2472
3 2482 2486 2472
3 2382 1071 2398
3 560 388 1710
3 647 1216 2477
3 424 525 897
3 2477 608 1341
3 2055 1909 487
3 2339 211 206
3 280 2412 2434
3 2332 206 2078
3 3408 1551 1504
3 2484 2489 2474
3 2489 2485 2474
3 179 2475 2479
3 179 2481 2475
3 2486 2490 2476
3 2490 282 2476
3 2487 1319 1273
3 280 863 2412
3 608 2487 1341
3 1341 2487 1290
3 2215 473 609
3 2018 1990 2893
3 1699 1163 2008
3 179 2482 2481
3 2317 259 140
3 2373 2385 1167
3 2195 1694 2211
3 2449 1232 2473
3 1192 207 2393
3 165 2489 2484
3 1291 2479 2485
3 1291 179 2479
3 164 2486 2482
3 1648 191 1496
3 238 2132 1983
3 1750 1496 2441
3 1228 2151 2299
3 228 1033 221
3 334 3200 2248
3 1098 2485 2489
3 1084 179 1291
3 164 189 2486
3 1035 897 331
3 89 100 82
3 148 121 2358
3 369 107 75
3 1273 2541 2487
3 251 105 634
3 1406 1831 448
3 209 2105 1964
3 228 221 334
3 2105 83 1964
3 2527 2569 2512
3 2515 2579 2577
3 2548 2496 1797
3 2347 2550 2418
3 340 357 773
3 2520 2581 2569
3 1126 2360 2503
3 2499 364 2502
3 2507 1137 281
3 853 854 4021
3 3380 1035 646
3 421 493 2843
3 2509 1077 1076
3 2509 2614 1110
3 1954 2420 2717
3 2512 2534 1083
3 2599 1213 2542
3 2503 2518 272
3 1161 1309 1310
3 1010 1036 993
3 2614 2516 2619
3 2578 2505 2568
3 1174 1190 2516
3 2599 2555 2524
3 2526 2524 2527
3 3244 239 2528
3 2991 3393 1670
3 1150 1174 2614
3 2531 2580 84
3 2619 1111 1110
3 372 1621 1105
3 2566 2384 2592
3 2580 688 84
3 2534 1115 1066
3 1240 2521 1230
3 309 273 271
3 320 322 1896
3 3455 3414 3473
3 1083 1065 1064
3 1240 1255 2521
3 2548 545 1141
3 823 2259 800
3 745 688 713
3 925 948 906
3 4016 826 2508
3 80 318 2070
3 2466 1954 2717
3 1066 1065 1083
3 2524 2555 2527
3 545 1130 1141
3 3143 664 2179
3 2439 3248 3092
3 3403 3443 1729
3 2554 1136 841
3 859 2771 337
3 1113 272 1079
3 2189 585 3475
3 906 880 925
3 426 522 450
3 2188 2570 3740
3 3859 1609 904
3 2562 2573 2655
3 3849 3837 3858
3 1094 2509 1110
3 1118 303 646
3 2514 2568 2515
3 2542 1236 2559
3 2523 1107 2554
3 1221 2623 2606
3 375 2715 632
3 2550 2572 2571
3 2569 1115 2534
3 445 486 2210
3 2516 2544 2497
3 2343 2572 2550
3 2515 2568 2579
3 925 2577 948
3 1010 993 970
3 1126 2503 1113
3 2517 2556 2588
3 2580 2531 1898
3 1157 1283 785
3 2464 2517 1609
3 2513 2396 2496
3 2580 324 688
3 2574 1010 2568
3 688 745 520
3 1263 2386 1993
3 2569 2534 2512
3 438 539 417
3 2587 2492 177
3 2384 687 2592
3 786 1802 1688
3 653 297 563
3 2516 1126 2619
3 1896 2540 2591
3 2375 1966 2598
3 2375 2418 1966
3 2556 281 2384
3 2592 2523 2578
3 272 2518 2565
3 2518 2500 2529
3 2592 1107 2523
3 2188 2866 2754
3 2566 2578 2603
3 2557 380 1802
3 909 2563 851
3 2576 2532 2513
3 1213 2599 1212
3 1698 2209 2234
3 496 312 455
3 2504 2056 2525
3 924 1208 925
3 2520 2576 2581
3 2496 2396 1797
3 2583 2564 2594
3 1774 1137 2507
3 2594 2575 2600
3 2519 2567 2600
3 2575 2519 2600
3 2586 451 546
3 1256 1295 1257
3 1284 1283 1881
3 2508 452 910
3 2599 2524 2538
3 2614 2619 1110
3 924 925 905
3 2546 2177 38
3 1792 2252 1513
3 2604 177 2609
3 2516 2497 1126
3 2256 520 2257
3 1256 2544 2521
3 2691 2608 695
3 429 177 1970
3 726 809 425
3 2576 1141 2581
3 1069 2465 2314
3 1896 246 2540
3 1970 428 429
3 2610 2298 2611
3 1212 2599 2538
3 1036 1001 993
3 2526 2538 2524
3 1123 1124 281
3 2504 2525 2501
3 1290 2487 1272
3 1674 362 1569
3 1912 2332 2078
3 2347 2418 2294
3 387 307 325
3 2622 2586 377
3 2647 2634 2635
3 2634 2605 2635
3 2653 2605 273
3 588 2612 2654
3 549 568 645
3 386 1674 1109
3 851 2587 823
3 2295 2221 2296
3 2554 1107 1136
3 872 1707 1656
3 2563 2492 2587
3 2564 2609 2575
3 2679 2586 2622
3 2651 2624 2621
3 1966 2418 2550
3 375 632 323
3 2612 2613 2654
3 2529 2527 2565
3 1319 2487 608
3 2795 2609 2564
3 3745 3736 2615
3 1295 1280 305
3 200 15 201
3 2375 2221 2295
3 936 2257 1325
3 2514 2515 2506
3 230 231 2649
3 2562 426 2573
3 2581 1115 2569
3 1258 1259 1221
3 580 1108 581
3 2673 3405 3627
3 231 233 2648
3 2360 2500 2518
3 2281 2622 404
3 1175 2419 1112
3 1325 1990 2372
3 1258 2539 2544
3 3859 2507 1609
3 418 323 1058
3 2947 2956 599
3 2646 2736 3928
3 2645 2776 2655
3 1258 2606 2539
3 2632 2613 2617
3 3570 3510 3446
3 2540 2612 588
3 2510 2118 2668
3 2624 2586 2679
3 2648 233 2647
3 2582 248 3558
3 1137 1123 281
3 2579 1010 970
3 2758 273 255
3 1256 1255 1295
3 229 2617 2613
3 2665 2648 2647
3 2648 2665 2649
3 2603 2578 2514
3 2647 233 2634
3 544 2655 822
3 544 2562 2655
3 2650 248 2582
3 2658 2650 2582
3 1611 464 2363
3 173 789 944
3 2647 2635 2670
3 2188 3740 3746
3 2500 2526 2529
3 2655 2776 2736
3 2645 2651 2776
3 2111 2163 3029
3 2612 229 2613
3 229 230 2617
3 3427 3638 3415
3 2602 1835 2535
3 520 1325 2257
3 2236 441 2280
3 340 2118 2510
3 2514 2578 2568
3 2562 522 426
3 2634 233 2605
3 2659 2658 2582
3 2660 2650 2658
3 2657 2660 2658
3 2503 2360 2518
3 2622 2281 2672
3 2663 1208 2081
3 1754 2625 2603
3 841 1150 2614
3 230 2649 2617
3 857 1477 1478
3 2649 231 2648
3 2649 2665 2700
3 2497 2360 1126
3 875 857 2787
3 2658 2659 2657
3 2667 2660 2657
3 1859 2667 2657
3 2667 2650 2660
3 1097 1811 1119
3 272 2565 1064
3 2594 2564 2575
3 357 3456 1887
3 2632 2778 2692
3 2665 2670 2779
3 231 247 233
3 2396 2541 1273
3 2594 2600 2639
3 2583 2594 2639
3 2023 2583 2639
3 2617 2649 2700
3 2615 3746 3745
3 2560 448 213
3 2163 2753 3029
3 2671 1440 3005
3 2677 2650 2667
3 1190 1209 2521
3 276 2510 2668
3 3871 2654 2632
3 2589 3436 1342
3 1887 3627 1926
3 231 230 247
3 1258 2544 1256
3 2640 3150 752
3 2677 2328 3204
3 2599 2520 2555
3 2609 177 429
3 1926 3627 747
3 2639 2600 1600
3 2542 2559 2520
3 2568 1010 2579
3 2621 2624 2679
3 2573 2645 2655
3 822 2655 2646
3 2625 2588 2603
3 2507 2464 1609
3 1031 498 981
3 2676 2667 1859
3 2676 2677 2667
3 747 3627 2678
3 324 2580 1900
3 246 2612 2540
3 710 419 2668
3 2632 2654 2613
3 2647 2670 2665
3 1921 181 277
3 2602 3741 600
3 452 2508 2492
3 751 3394 3380
3 2505 2574 2568
3 2629 2628 2662
3 380 2699 1688
3 306 287 322
3 2464 2507 281
3 1138 2678 1228
3 2555 2569 2527
3 3985 1211 2680
3 810 726 425
3 2676 2415 2677
3 2415 2328 2677
3 3204 2328 724
3 2588 2566 2603
3 1228 2678 2681
3 2575 2609 2519
3 841 2614 2509
3 2761 2019 2751
3 2774 2103 1870
3 2347 2343 2550
3 1941 2687 1890
3 2515 2577 2663
3 2505 2523 2554
3 2541 2396 2513
3 2627 2611 2302
3 297 332 173
3 2581 1141 1115
3 882 1594 1567
3 1161 1273 1319
3 2605 271 273
3 2525 2424 2406
3 2418 2375 2295
3 2628 2675 2662
3 304 2651 2645
3 2573 304 2645
3 304 2624 2651
3 1257 1304 1296
3 1252 2024 2684
3 2685 2689 1859
3 2067 2047 4044
3 1859 2689 2676
3 2698 2415 2676
3 1754 2603 2506
3 2525 2056 2424
3 862 891 851
3 273 309 2348
3 2538 2526 2623
3 3871 2632 2201
3 2693 2687 1941
3 2687 2695 1890
3 1890 2695 2683
3 2683 2696 2182
3 2696 79 2182
3 2696 2037 79
3 2497 2544 2360
3 2406 2424 2610
3 2685 2682 2697
3 653 563 1219
3 2501 2525 2406
3 2406 2610 2680
3 2778 2617 2700
3 2632 2617 2778
3 2628 2627 2675
3 2635 2605 2653
3 1243 1567 1900
3 2676 2689 2698
3 2508 910 853
3 851 2563 2587
3 1896 322 246
3 2746 71 2924
3 1204 479 669
3 2687 2694 2695
3 2539 2623 2500
3 428 2519 429
3 2679 2708 2621
3 2653 273 2758
3 2574 1076 1036
3 2690 1158 2187
3 2697 2689 2685
3 2697 2698 2689
3 1158 2198 2187
3 1113 2503 272
3 126 1034 1218
3 1926 747 243
3 1066 1083 2534
3 1294 1549 1092
3 2118 710 2668
3 255 273 2348
3 2421 2493 2478
3 1677 3413 2533
3 2198 2445 1925
3 2703 120 2037
3 2360 2539 2500
3 1179 2564 2583
3 2588 2556 2566
3 467 1398 1091
3 84 2256 2056
3 687 1107 2592
3 1857 3463 617
3 2610 2611 2628
3 2632 2692 2201
3 2652 2621 2708
3 2708 2679 2622
3 2652 2651 2621
3 1191 2688 2180
3 923 1614 1628
3 2701 2698 2697
3 2698 1894 2415
3 132 2386 1263
3 809 1448 1162
3 84 2056 2504
3 3459 1449 2445
3 2518 2529 2565
3 2566 2556 2384
3 822 2646 3942
3 2424 2298 2610
3 1784 1751 3423
3 2693 2694 2687
3 2712 2696 2683
3 2520 2569 2555
3 1221 2606 1258
3 1449 2707 318
3 2610 2628 2629
3 380 2557 2537
3 3062 222 249
3 451 2586 2624
3 2665 2779 2700
3 2718 2156 2688
3 2728 2158 2156
3 2718 2728 2156
3 2728 172 2158
3 2574 2554 1076
3 1076 841 2509
3 281 1124 2384
3 2771 859 2772
3 1190 2521 2516
3 2699 1835 2602
3 2693 2711 2694
3 2694 2712 2695
3 2712 2683 2695
3 2703 2037 2696
3 1426 2329 2703
3 267 520 745
3 2574 1036 1010
3 2500 2623 2526
3 2639 1600 2023
3 2751 2019 2774
3 2708 2622 2672
3 1191 2718 2688
3 2709 2698 2701
3 2709 1894 2698
3 2531 84 2504
3 2501 2531 2504
3 2554 841 1076
3 1079 272 1064
3 429 2519 2609
3 2716 2693 224
3 2693 2716 2711
3 2696 1426 2703
3 2506 2603 2514
3 2565 2527 1083
3 450 522 497
3 2505 2554 2574
3 270 271 2605
3 2532 2541 2513
3 1790 114 1659
3 2521 2544 2516
3 2513 2496 2548
3 3145 2738 2682
3 2735 1783 1263
3 2576 2559 2532
3 1344 3408 1527
3 2532 1272 2541
3 3593 2618 690
3 2798 2157 2558
3 2772 124 130
3 1600 2600 2567
3 2724 224 2216
3 2724 2725 224
3 2711 2755 2694
3 2694 2755 2712
3 2733 2696 2712
3 246 229 2612
3 2360 2544 2539
3 2663 2506 2515
3 426 304 2573
3 2019 2103 2774
3 3193 2650 3204
3 2635 2653 2670
3 2718 1191 2727
3 2585 172 2728
3 2520 2559 2576
3 2513 2548 2576
3 1527 3408 1504
3 2738 2739 2701
3 2697 2738 2701
3 2739 2709 2701
3 2709 2750 1894
3 2724 2729 2725
3 2725 2760 224
3 224 2760 2716
3 2696 2733 1426
3 2763 2978 2749
3 3882 1982 3808
3 2655 2736 2646
3 459 904 1994
3 2750 2759 1894
3 1894 2759 2006
3 2006 2759 2720
3 2578 2566 2592
3 2278 2731 2277
3 2640 752 801
3 1831 1527 2054
3 2752 2666 3144
3 3634 2122 3214
3 2755 2733 2712
3 2733 1201 1426
3 3910 320 3904
3 3042 3258 2114
3 2611 2627 2628
3 2517 281 2556
3 1296 1304 1315
3 1221 2538 2623
3 2256 2257 543
3 2565 1083 1064
3 2429 2425 2397
3 2576 2548 1141
3 2709 2739 2750
3 2759 2761 2720
3 2751 398 2720
3 2761 2751 2720
3 2751 1444 398
3 2751 2263 1444
3 1416 3386 283
3 2722 250 2721
3 3294 2278 3343
3 2054 73 1906
3 2716 2764 2711
3 2747 610 1997
3 1960 2354 113
3 1996 2757 2030
3 2757 2718 2727
3 2728 2758 2585
3 1142 2548 1797
3 2075 2739 2738
3 2662 2675 3716
3 2614 1174 2516
3 3606 2083 1936
3 2760 2764 2716
3 2764 2755 2711
3 2755 2766 2733
3 1997 610 2014
3 2606 2623 2539
3 1083 2527 2512
3 2024 1252 1863
3 455 1017 1105
3 2769 2747 1997
3 2180 2688 2312
3 2795 2564 1179
3 2758 2728 2718
3 1174 1199 1190
3 1280 1295 1255
3 2526 2527 2529
3 821 613 3474
3 2771 3184 2429
3 2397 2771 2429
3 1037 1036 1077
3 3204 2650 2677
3 2458 1754 2506
3 1195 1196 1589
3 2773 2750 2739
3 2075 2773 2739
3 2774 2263 2751
3 2774 210 2263
3 2214 2756 2186
3 2638 2714 3399
3 2866 2188 3746
3 375 378 2715
3 2729 2760 2725
3 2764 2765 2755
3 1116 1115 1141
3 290 2598 1966
3 2743 1471 2744
3 2744 2778 2745
3 2778 2769 2745
3 1996 2522 2747
3 2770 2718 2757
3 2770 2758 2718
3 2508 826 2492
3 1036 1076 1077
3 936 543 2257
3 2773 444 2750
3 2774 1870 210
3 1394 3752 3751
3 3418 3447 3377
3 2858 2570 2754
3 2736 2760 2729
3 2736 2776 2760
3 2760 2776 2764
3 2765 2766 2755
3 2766 1201 2733
3 3283 3406 2768
3 1471 2778 2744
3 2700 2747 2769
3 2779 1996 2747
3 2670 2757 1996
3 2653 2770 2757
3 2578 2523 2505
3 2517 2464 281
3 2772 3155 3184
3 2771 2772 3184
3 1152 2329 1426
3 2772 130 3155
3 2750 2039 2759
3 710 2125 419
3 64 63 1285
3 1607 2730 298
3 3405 2734 2151
3 2764 2652 2765
3 3744 1691 1692
3 2133 3389 1995
3 1161 1319 1309
3 3510 3379 2777
3 1471 2692 2778
3 2670 1996 2779
3 2653 2757 2670
3 2507 3859 1774
3 493 2394 3057
3 2773 2780 444
3 1972 3496 2131
3 1504 1551 73
3 3382 3374 2781
3 2776 2651 2764
3 2651 2652 2764
3 2652 2708 2765
3 2708 2766 2765
3 2766 2708 1201
3 2708 2672 1201
3 2778 2700 2769
3 2700 2779 2747
3 2770 2653 2758
3 655 2318 873
3 2730 496 454
3 2974 3272 2926
3 3052 2856 3215
3 2345 937 1425
3 2926 3272 2129
3 2320 3102 3015
3 3034 2792 3022
3 2558 2730 2796
3 1304 1257 1295
3 1607 2796 2730
3 2802 2803 2798
3 2792 2833 1825
3 253 2449 2798
3 3022 2792 1825
3 2796 2806 2797
3 2803 300 2798
3 1825 2833 2049
3 2806 1607 2801
3 2806 2811 2797
3 2811 2802 2797
3 2802 2809 2803
3 2803 2805 300
3 1232 253 148
3 2810 2806 2801
3 2808 2809 2802
3 2809 2494 2803
3 2803 2494 2805
3 1276 453 2184
3 2807 2801 2804
3 2807 2810 2801
3 2811 2808 2802
3 113 129 1960
3 1442 2366 1024
3 1963 695 2804
3 2809 2812 2494
3 2494 2498 2805
3 2814 2806 2810
3 2806 2814 2811
3 2811 2815 2808
3 2808 2816 2809
3 2812 2498 2494
3 2815 2816 2808
3 2822 2807 2608
3 2822 2810 2807
3 2822 2818 2810
3 2810 2818 2814
3 2809 2816 2812
3 2812 2499 2498
3 2814 2818 2811
3 2819 2817 2812
3 2816 2819 2812
3 2817 364 2499
3 2812 2817 2499
3 2691 695 1786
3 2818 2825 2811
3 2811 2825 2815
3 2816 2823 2819
3 2824 2608 2691
3 2824 2822 2608
3 3040 3216 2813
3 714 789 1281
3 2815 2823 2816
3 2823 2826 2819
3 2819 2826 2817
3 2827 2822 2824
3 2815 2828 2823
3 2821 2419 2817
3 2826 2821 2817
3 162 1868 2763
3 2822 2827 2818
3 2842 2828 2815
3 2825 2842 2815
3 2828 2829 2823
3 2829 2830 2826
3 2823 2829 2826
3 2826 2830 2821
3 2126 2827 2824
3 2827 2825 2818
3 1990 1325 519
3 2798 2558 2802
3 2298 1922 2302
3 2522 1996 2030
3 2073 3800 2743
3 1049 2126 2824
3 2862 2827 2126
3 2829 2835 2830
3 2830 2419 2821
3 521 2179 2126
3 2825 2863 2842
3 2842 2852 2828
3 2852 2835 2829
3 2828 2852 2829
3 2835 2536 2830
3 2830 2536 2419
3 2895 3058 2837
3 2791 3227 3026
3 2949 2987 2948
3 3318 1772 2315
3 2951 3008 3228
3 2329 2335 2334
3 120 2329 2334
3 2333 120 2334
3 611 274 1334
3 2480 2179 521
3 2827 2862 2825
3 2852 2853 2835
3 959 948 2577
3 3243 2913 2035
3 2179 664 2126
3 2862 2863 2825
3 2853 2536 2835
3 2005 2004 3296
3 1334 274 1616
3 2863 2852 2842
3 2852 2868 2853
3 2987 2065 2948
3 2876 2754 2866
3 2876 2859 2754
3 2878 2860 2858
3 2859 2878 2858
3 3150 3430 3559
3 1461 4050 35
3 664 2862 2126
3 2868 2536 2853
3 2302 2432 2433
3 2622 377 404
3 3736 2873 2615
3 2875 2876 2866
3 2877 2878 2859
3 3742 3282 3743
3 2871 2862 664
3 2863 2886 2852
3 2868 2881 2536
3 1922 1737 2432
3 2893 2259 2016
3 2063 1177 2836
3 2838 2854 3303
3 2883 2889 3736
3 3736 2889 2873
3 2873 2874 2615
3 2874 2875 2866
3 2615 2874 2866
3 2884 2859 2876
3 2884 2877 2859
3 2886 2887 2852
3 2852 2887 2868
3 2868 2887 2881
3 2881 2735 2536
3 2536 2735 1993
3 2889 2874 2873
3 2874 2898 2875
3 2891 2884 2876
3 2449 253 1232
3 2862 2900 2863
3 2883 2906 2889
3 2889 2897 2874
3 2897 2898 2874
3 2898 2890 2875
3 2875 2890 2876
3 2890 2891 2876
3 185 1595 2420
3 2900 2910 2863
3 2863 2910 2886
3 2887 2735 2881
3 3492 2053 764
3 1922 2372 103
3 2264 2181 2713
3 1688 375 572
3 2895 2838 3063
3 2799 2905 2882
3 2905 2896 2883
3 2882 2905 2883
3 2883 2896 2906
3 2897 2916 2898
3 2898 2908 2890
3 2891 2877 2884
3 1410 2878 2877
3 1410 2879 2878
3 1410 2864 2879
3 1409 3225 2864
3 1890 2182 2899
3 2181 2036 2713
3 664 2925 2871
3 2925 2862 2871
3 2862 2925 2900
3 2910 2887 2886
3 2887 2911 2735
3 3461 881 2166
3 2899 2182 2892
3 2892 2182 1939
3 2182 79 1939
3 2889 2906 2897
3 2907 2908 2898
3 2923 2891 2890
3 2923 2918 2891
3 2918 2877 2891
3 2918 1410 2877
3 1409 2864 1410
3 1890 2899 2902
3 2910 2911 2887
3 2009 294 475
3 1835 382 2535
3 1177 475 2909
3 103 2831 1737
3 2912 2921 2914
3 2999 4050 1461
3 2179 2480 3143
3 430 2732 404
3 643 2052 2850
3 2922 2905 2799
3 2896 2929 2906
3 2897 2931 2916
3 2916 2932 2907
3 2898 2916 2907
3 2917 2908 2907
3 2908 2923 2890
3 2560 1410 2918
3 690 3181 698
3 2925 2941 2900
3 2900 2941 2910
3 2911 2950 2735
3 1941 945 2693
3 395 223 1824
3 1824 223 1072
3 1765 424 1035
3 2919 2920 2912
3 2920 2921 2912
3 2928 2060 2921
3 2832 2049 2895
3 2922 2936 2905
3 2936 2929 2896
3 2905 2936 2896
3 2937 2930 2906
3 2929 2937 2906
3 2906 2930 2897
3 2897 2930 2931
3 2907 2932 2917
3 2917 2939 2908
3 2908 2939 2923
3 2070 2918 2923
3 2865 3220 3229
3 1074 2849 1464
3 3272 2974 1117
3 2910 2933 2911
3 2911 2933 2950
3 2950 1783 2735
3 294 2522 2030
3 152 1991 2181
3 2919 2935 2920
3 2579 970 959
3 158 159 1849
3 1941 2902 1931
3 2931 2938 2916
3 2916 2938 2932
3 2923 80 2070
3 3557 1464 2849
3 2925 2959 2941
3 2941 2942 2910
3 2910 2942 2933
3 3109 3098 2847
3 2928 2921 2920
3 2935 2928 2920
3 3282 857 1478
3 329 2936 2922
3 2936 2937 2929
3 2937 2946 2930
3 2930 2946 2931
3 2946 2938 2931
3 2932 2939 2917
3 2947 599 2939
3 2923 1925 80
3 3088 3310 3267
3 2064 2940 2062
3 2674 3377 3437
3 2713 2055 2173
3 1662 2989 663
3 2401 3214 2850
3 663 2989 664
3 945 1931 488
3 2713 2036 2055
3 2944 2928 2935
3 2943 2944 2935
3 2944 744 2928
3 329 2954 2936
3 2954 2945 2936
3 2945 2966 2936
3 2936 2966 2937
3 2946 2955 2938
3 2938 2956 2932
3 2932 2947 2939
3 3259 3049 3068
3 3247 1834 3282
3 2989 2968 664
3 2958 2925 664
3 2968 2958 664
3 2958 2982 2925
3 2925 2982 2959
3 2942 2960 2933
3 2840 3022 1825
3 2977 2952 3339
3 2036 2306 1909
3 2430 2943 2935
3 2963 2944 2943
3 3094 2978 2964
3 2965 329 328
3 2964 2965 328
3 329 2965 2954
3 2972 2945 2954
3 2966 2946 2937
3 2938 2955 2956
3 2956 2947 2932
3 2299 599 2956
3 2306 353 1911
3 1911 353 2119
3 2836 2962 473
3 1662 92 2989
3 2959 2942 2941
3 2960 2950 2933
3 2864 2860 2879
3 1657 2977 3339
3 2064 2607 2953
3 2980 2943 2430
3 2980 2963 2943
3 2963 2970 2944
3 2970 743 2944
3 2965 2971 2954
3 2946 2981 2955
3 2956 2955 2299
3 2404 2312 1919
3 488 2100 95
3 2798 300 253
3 2109 2014 2063
3 2959 2975 2942
3 2975 2960 2942
3 2009 2522 294
3 2233 1152 1426
3 1300 3239 2204
3 2899 1333 2902
3 2132 236 106
3 2971 2964 2978
3 2971 2965 2964
3 2945 2972 2966
3 2985 2986 2966
3 2966 2986 2946
3 2986 2981 2946
3 2981 2299 2955
3 2450 427 1169
3 2018 2893 1938
3 2831 2018 1938
3 1765 2287 1764
3 92 147 2989
3 2975 2990 2960
3 2990 290 2960
3 2960 290 2950
3 2969 2952 2977
3 2702 2596 2430
3 2984 2963 2980
3 2984 2970 2963
3 2970 2749 743
3 2971 3003 2954
3 2954 3003 2972
3 2972 2985 2966
3 290 3078 2598
3 2452 2939 599
3 67 1194 68
3 1177 2009 475
3 2009 1177 472
3 3010 2958 2968
3 3010 2982 2958
3 2982 2975 2959
3 290 2571 2950
3 2979 2978 72
3 2969 2977 2466
3 224 2885 2216
3 2749 2970 2984
3 2979 2971 2978
3 2979 2993 2971
3 2993 3003 2971
3 3003 2985 2972
3 2981 802 1724
3 828 301 1349
3 2836 1177 2962
3 2962 1177 2909
3 2119 353 2836
3 2989 3000 2968
3 2968 3000 3010
3 2982 3001 2975
3 3001 2990 2975
3 2016 2604 2795
3 2977 3314 2466
3 2478 2493 2484
3 2596 3012 2980
3 3012 2992 2980
3 2992 2984 2980
3 66 2483 1194
3 3003 3004 2985
3 2985 3005 2986
3 802 2986 3005
3 802 2981 2986
3 174 3251 2048
3 2995 3706 3009
3 1938 1810 266
3 1152 2335 2329
3 2763 2749 162
3 2108 2924 2335
3 1152 2108 2335
3 2108 3838 2924
3 2982 3010 3001
3 2650 3193 248
3 2547 2320 3042
3 600 2699 2602
3 2433 2120 2627
3 3002 2984 2992
3 3002 2749 2984
3 3002 2820 2749
3 72 2993 2979
3 2985 3004 3013
3 2985 3013 3005
3 2790 2974 2926
3 2571 290 1966
3 3302 3259 3097
3 2834 2073 1991
3 1154 1997 2014
3 1938 2379 1810
3 2039 1810 2146
3 2243 266 444
3 464 1611 147
3 147 1611 2989
3 2989 3018 3000
3 3001 290 2990
3 91 368 1044
3 3019 2466 3314
3 2596 1433 3012
3 72 3003 2993
3 3003 2098 3004
3 3013 2671 3005
3 2870 3219 3020
3 1154 2014 2109
3 2136 313 1942
3 1942 2583 1943
3 118 1616 1940
3 2298 2302 2611
3 1334 1616 118
3 2067 1241 2607
3 3000 3018 3010
3 2627 2302 2433
3 2181 1895 2306
3 2145 784 898
3 3465 3012 1433
3 1850 2992 3012
3 2992 2820 3002
3 2098 3003 72
3 2668 419 2098
3 2098 419 3004
3 419 2125 3013
3 3004 419 3013
3 3013 2125 2671
3 2106 2081 2046
3 1856 129 876
3 1856 876 1940
3 1848 1334 118
3 898 784 2381
3 2080 2330 839
3 3027 3010 3018
3 3047 3027 3018
3 3010 3027 3001
3 3039 290 3001
3 2387 1186 274
3 2387 274 112
3 1186 784 2145
3 2394 1954 3019
3 1954 2466 3019
3 1850 3032 2992
3 2081 2998 339
3 2992 3032 3511
3 2992 3511 2820
3 72 2763 2510
3 276 72 2510
3 2098 276 2668
3 1880 101 1879
3 2038 3036 2530
3 3036 3030 2530
3 1928 1923 170
3 2962 2909 2404
3 668 187 669
3 1611 3038 2989
3 2989 3038 3018
3 3027 3039 3001
3 2073 1128 1991
3 480 1874 3319
3 2909 1927 2404
3 1927 2312 2404
3 609 2387 112
3 1972 935 3496
3 304 451 2624
3 2196 2319 2976
3 3229 2114 2488
3 2636 3043 3028
3 3043 3051 3025
3 3028 3043 3025
3 3025 3051 2038
3 2038 3044 3036
3 3165 1974 3031
3 166 1901 317
3 1917 293 1952
3 1892 2892 1939
3 95 2100 1635
3 488 1931 946
3 488 946 2100
3 1764 2287 1611
3 1764 1611 2363
3 2287 3038 1611
3 3038 3055 3018
3 3018 3055 3047
3 3027 3047 3039
3 2893 2016 2795
3 609 112 295
3 2215 609 295
3 2055 487 293
3 2421 3237 2493
3 3041 3066 3148
3 2325 3043 2636
3 922 1439 331
3 100 302 202
3 83 371 490
3 1895 2063 2836
3 493 123 2394
3 167 292 1891
3 292 2119 1891
3 485 292 167
3 146 2055 293
3 1175 364 2817
3 3052 3215 2440
3 3296 2967 3738
3 3051 3061 2038
3 2038 3061 3044
3 3071 672 3030
3 3071 3085 672
3 2110 2146 2019
3 490 111 317
3 2536 1993 2386
3 695 2608 2807
3 2287 3065 3038
3 3047 3078 3039
3 3057 2535 382
3 2221 192 2296
3 111 1333 166
3 1928 1638 1923
3 2994 1949 2904
3 311 1975 466
3 2833 3058 2049
3 2839 2083 3066
3 1241 3060 3693
3 3061 3084 3044
3 3044 3084 3036
3 3096 3070 3036
3 3070 3030 3036
3 3070 3071 3030
3 525 726 897
3 2049 3058 2895
3 79 120 2333
3 1890 2683 2182
3 3511 2172 2820
3 2560 1406 448
3 3065 3089 3038
3 3038 3089 3055
3 294 2727 1191
3 2335 71 2334
3 2892 1892 166
3 2550 2571 1966
3 122 220 1638
3 249 2865 3229
3 2846 3045 1974
3 3095 3083 3051
3 3051 3083 3061
3 3083 3084 3061
3 3084 3096 3036
3 3238 3298 3305
3 2995 3075 2202
3 453 1276 521
3 2054 1906 116
3 3255 3274 3243
3 3305 2838 2837
3 3305 3298 2838
3 1765 3076 2287
3 2287 3076 3065
3 3077 3055 3089
3 3055 3077 3047
3 3047 3077 3078
3 1997 2745 2769
3 1128 1154 1991
3 1263 1993 2735
3 3155 130 1889
3 3057 382 3090
3 382 2331 3090
3 3090 2843 3057
3 2063 472 1177
3 3041 2904 3066
3 1359 1394 3751
3 3045 2183 2013
3 2325 3082 3043
3 3135 3071 3070
3 3106 635 3085
3 3074 3097 2135
3 3242 3216 3221
3 3336 3086 3087
3 2282 2791 2017
3 2048 3274 3255
3 1133 2994 2789
3 3076 3100 3065
3 2813 2271 3040
3 1256 2521 1255
3 3054 2378 3267
3 3093 3103 2704
3 3094 3247 744
3 2065 1117 3288
3 3059 2848 3214
3 3096 3105 3070
3 3106 3107 635
3 3108 2040 3011
3 3233 3087 2123
3 2913 2915 2035
3 2122 3059 3214
3 3076 2561 3100
3 3100 3125 3065
3 3065 3125 3089
3 3110 3077 3089
3 3110 3111 3078
3 3077 3110 3078
3 3111 2598 3078
3 3142 3113 2331
3 3113 3090 2331
3 1889 2843 3090
3 1889 421 2843
3 2558 2797 2802
3 1904 170 403
3 878 371 83
3 3128 3101 3365
3 3091 3129 3093
3 3129 3103 3093
3 2994 2144 2789
3 2710 3390 3104
3 3082 3133 3095
3 3095 3117 3083
3 3083 3096 3084
3 3105 3135 3070
3 3135 3118 3071
3 3136 3085 3071
3 3118 3136 3071
3 2041 2040 3108
3 3224 3021 2077
3 3021 2951 3246
3 2705 2278 3294
3 3124 3100 2561
3 3111 2375 2598
3 3113 1889 3090
3 2805 2498 2376
3 3302 3097 3074
3 1133 2789 2004
3 3358 3128 3365
3 3127 3128 3358
3 3129 3091 3101
3 3104 3116 2710
3 3116 3132 3082
3 3082 3132 3133
3 3117 3134 3083
3 3134 3096 3083
3 3136 3106 3085
3 3137 3107 3106
3 2041 3108 3138
3 3267 2378 2388
3 3066 2976 3256
3 2111 3739 567
3 3123 3170 3124
3 3100 3124 3125
3 3125 3141 3089
3 3089 3141 3110
3 3111 2221 2375
3 2264 152 2181
3 3800 3844 2743
3 2198 1925 2452
3 3126 2888 2737
3 3144 3115 2752
3 2105 878 83
3 3128 3129 3101
3 3104 3130 3131
3 3131 3159 3104
3 3104 3159 3116
3 3134 3146 3096
3 3096 3146 3105
3 3137 3106 3136
3 3138 3108 3011
3 3107 3138 3011
3 310 2041 3138
3 3236 3017 3353
3 2044 3352 2344
3 3006 2123 2135
3 3230 3099 3050
3 2077 3021 3246
3 2744 1128 2073
3 2850 2994 2401
3 3141 3125 3124
3 3170 3141 3124
3 3153 3111 3110
3 3141 3153 3110
3 3111 3153 2221
3 2498 2499 2376
3 2867 3154 3142
3 2964 328 1691
3 223 3149 1072
3 3114 3975 3145
3 3144 3171 3115
3 3157 3158 3129
3 3129 3158 3103
3 3133 3160 3095
3 3095 3160 3117
3 3134 3161 3146
3 3146 3147 3105
3 3147 3162 3105
3 3162 3135 3105
3 3135 3136 3118
3 3137 3177 3107
3 3177 3138 3107
3 3148 3066 3256
3 2948 2065 3288
3 3151 3152 3150
3 3151 1867 3152
3 3009 2934 3228
3 3008 3009 3228
3 2084 1974 2788
3 3169 3123 2203
3 2305 3153 3141
3 880 906 889
3 3155 3113 3142
3 3113 3155 1889
3 248 3156 2666
3 3185 3128 3127
3 3185 3186 3128
3 3157 3129 3128
3 3186 3157 3128
3 3158 3172 3103
3 3172 2097 2152
3 3103 3172 2152
3 2152 2097 2726
3 3130 3187 3131
3 3131 3187 3159
3 3159 3173 3132
3 3116 3159 3132
3 3173 3174 3133
3 3132 3173 3133
3 3174 3175 3133
3 3175 3160 3133
3 3162 3136 3135
3 3165 2183 3045
3 3166 3178 3151
3 3179 1867 3151
3 3179 3180 1867
3 3180 3181 1867
3 74 583 3167
3 3169 3170 3123
3 2376 300 2805
3 3182 3183 3154
3 3183 3142 3154
3 3183 3155 3142
3 610 2747 2522
3 3039 3078 290
3 1134 1954 123
3 3185 3127 3171
3 1857 2139 3130
3 3160 3195 3117
3 3195 3188 3134
3 3117 3195 3134
3 3134 3188 3161
3 3161 3196 3146
3 3146 3189 3147
3 3147 3189 3162
3 3209 3176 3162
3 3176 3136 3162
3 3197 3137 3136
3 3190 3138 3177
3 801 3198 2640
3 3166 2640 3198
3 3151 3178 3179
3 3168 3169 2203
3 3192 2305 3141
3 3191 3192 3141
3 2305 2221 3153
3 3092 2453 2439
3 3183 3184 3155
3 2604 2016 2259
3 2009 610 2522
3 543 936 1922
3 3193 3156 248
3 3193 3144 3156
3 3193 3171 3144
3 1023 633 2338
3 3194 3157 3186
3 3157 3194 3158
3 3158 3194 3172
3 633 1023 2047
3 3187 2003 3159
3 2003 3206 3159
3 3159 3206 3173
3 3189 3209 3162
3 3210 3136 3176
3 3210 3197 3136
3 3197 3177 3137
3 3197 3211 3177
3 3211 3190 3177
3 3198 3199 3166
3 3166 3199 3178
3 3178 2248 3179
3 3201 3181 3180
3 3202 698 3181
3 3201 3202 3181
3 3202 3168 698
3 3168 1961 3169
3 1961 3170 3169
3 3203 3141 3170
3 3203 3191 3141
3 2553 3183 3182
3 3204 3171 3193
3 3205 580 3172
3 3194 3205 3172
3 3172 580 2590
3 747 802 1440
3 3173 3206 3174
3 3175 1878 3160
3 3160 1878 3195
3 3207 3196 3161
3 3188 3207 3161
3 2028 3146 3196
3 2028 3189 3146
3 3189 3208 3209
3 3190 3198 801
3 310 3190 801
3 3198 2043 3199
3 3199 2248 3178
3 3200 3180 3179
3 2248 3200 3179
3 1961 3168 3202
3 355 3203 3170
3 3184 3183 2553
3 2415 1894 2328
3 2056 543 1922
3 724 3171 3204
3 724 3185 3171
3 3947 580 581
3 2203 698 3168
3 243 710 773
3 2003 2002 3206
3 3206 1357 3174
3 1357 1878 3175
3 3174 1357 3175
3 3189 2028 3208
3 3209 2446 3176
3 2446 3210 3176
3 3190 3211 3198
3 3200 221 3180
3 221 3201 3180
3 221 3202 3201
3 2095 1961 3202
3 1961 355 3170
3 1669 3191 3203
3 2553 2429 3184
3 3185 1444 3186
3 3186 1444 3194
3 3292 1349 3301
3 773 710 2118
3 3195 209 3188
3 3188 209 3207
3 3207 1964 3196
3 1964 1971 3196
3 1971 2028 3196
3 2028 2027 3208
3 3208 2032 3209
3 2446 3209 2032
3 3210 93 3197
3 93 3211 3197
3 3211 2058 3198
3 2043 2026 3199
3 743 2749 2978
3 3217 3053 2833
3 1117 2164 3288
3 3277 2553 2686
3 1169 958 159
3 3239 2197 2204
3 1897 172 2258
3 3062 3140 3149
3 1072 3149 1074
3 2053 1988 765
3 2620 3213 3237
3 2841 3221 3040
3 2346 1424 2390
3 2953 2607 1241
3 2345 1424 2346
3 3223 2488 2849
3 2130 2186 2176
3 2057 3244 2528
3 3045 2013 1906
3 1792 2793 2345
3 3242 3221 3020
3 327 2974 2790
3 3140 3229 2488
3 1341 2460 2477
3 2994 2904 3041
3 2631 3811 48
3 2793 938 937
3 3311 2042 2271
3 3026 3017 3072
3 3074 2135 3163
3 938 496 937
3 3080 3218 2794
3 3238 3241 3298
3 3298 3052 2861
3 3142 2331 2867
3 2595 3069 3086
3 1300 347 3260
3 3119 2042 3311
3 2857 3217 3237
3 2794 2845 2857
3 3088 3259 3302
3 924 923 2998
3 3098 2927 2847
3 3226 2997 3241
3 3126 3311 2271
3 2857 2845 2997
3 2996 2967 3021
3 2214 3343 2756
3 1691 1834 3247
3 1854 3676 2595
3 2620 3080 2794
3 2869 2870 3020
3 3249 3245 3139
3 3324 3026 3072
3 2083 2839 1936
3 3753 1945 55
3 3239 3253 2197
3 569 1902 3835
3 3253 3254 2197
3 3226 3241 3238
3 3229 3220 2114
3 2869 3120 2845
3 3099 2872 3073
3 2870 3046 3219
3 1826 694 706
3 1072 1074 2839
3 3294 2214 2130
3 3221 3216 3040
3 3049 2948 3068
3 1906 73 2788
3 3080 2620 3092
3 873 3035 656
3 2903 3265 3037
3 3250 3067 3234
3 3230 3139 3099
3 3235 2833 2792
3 1824 3066 2904
3 3092 2620 2453
3 3099 3073 3250
3 3112 3080 3248
3 3080 3112 3222
3 3250 3234 3220
3 2997 2845 3120
3 3219 3242 3020
3 2440 3215 2841
3 1824 2839 3066
3 2872 3244 3073
3 2035 3272 1117
3 1827 3370 3367
3 3088 2949 3259
3 3260 3252 1300
3 1300 3252 3239
3 3252 3253 3239
3 1425 1424 2345
3 3073 3067 3250
3 3241 2997 3052
3 3247 3282 1478
3 3221 2841 3215
3 2307 2791 3324
3 3216 3081 3280
3 3008 3262 3256
3 2837 2838 2895
3 1208 924 2998
3 3247 1478 2060
3 3140 3223 3149
3 3020 3221 3215
3 706 694 1189
3 3046 3230 3219
3 2051 881 239
3 2820 2172 162
3 2074 3262 2951
3 2122 1950 3059
3 2787 3024 875
3 3260 3269 3252
3 3269 3261 3252
3 3268 3244 2872
3 3222 3046 2870
3 3249 3139 3230
3 3261 3253 3252
3 3330 3254 3253
3 2033 393 2894
3 2483 311 466
3 3271 2048 3255
3 3271 2065 2987
3 350 3245 3249
3 2148 1189 350
3 2222 1474 1698
3 3219 3230 3081
3 3119 2841 2042
3 1975 1787 1461
3 249 3216 3280
3 2318 391 873
3 3097 3233 3006
3 2196 2976 3066
3 886 2450 1169
3 656 3035 2408
3 3235 3217 2833
3 3242 3219 3081
3 1787 2999 1461
3 3267 1944 3054
3 3218 2845 2794
3 1536 2270 939
3 3227 1207 2033
3 2784 3148 3256
3 323 2450 886
3 2857 3226 3217
3 3296 3738 3676
3 3218 2869 2845
3 3369 200 348
3 3393 2973 3356
3 438 2894 539
3 174 2048 2983
3 939 2791 1536
3 1944 3302 3074
3 3074 3163 1827
3 1827 1944 3074
3 3139 2872 3099
3 2405 3277 2327
3 3277 3278 3270
3 2327 3277 3270
3 3273 2261 3270
3 3278 3273 3270
3 3273 2262 2261
3 3273 2161 2262
3 2620 3237 2421
3 3261 3330 3253
3 3115 3171 3127
3 2737 643 3581
3 3265 2983 3037
3 3023 3263 3098
3 1827 3163 2844
3 3226 3238 3053
3 3165 2846 1974
3 3167 3267 2393
3 2912 2914 3276
3 1807 1933 435
3 3230 3050 3081
3 3330 3333 3254
3 2483 466 2546
3 3277 2405 2402
3 374 1162 2107
3 3273 2029 2161
3 2934 1976 3279
3 1072 2839 1824
3 3274 2832 3243
3 1950 2762 3347
3 3037 2983 2987
3 1120 3023 3098
3 3097 3006 2135
3 3054 1944 1827
3 66 1194 67
3 3241 3052 3298
3 3058 3238 2837
3 3281 3283 3278
3 3277 3281 3278
3 3283 3291 3278
3 3291 3273 3278
3 3291 3284 3273
3 3273 3284 2029
3 2824 1786 1049
3 662 1189 694
3 176 174 149
3 2987 2983 3271
3 3256 2976 3008
3 3068 3232 3233
3 3268 2001 3244
3 3062 3149 223
3 3324 2791 3026
3 3279 1976 2860
3 2934 3706 1976
3 2114 3212 2488
3 3277 2686 3281
3 2642 1439 922
3 3255 1117 2065
3 1944 3310 3302
3 2144 2994 3041
3 3272 1950 2129
3 3783 3781 3854
3 3021 2967 2951
3 2833 3053 3058
3 1120 3098 2786
3 3220 3042 2114
3 937 2345 2793
3 1988 2166 2154
3 3290 3281 2686
3 3290 3283 3281
3 3291 3292 3284
3 3284 3292 2642
3 3292 3300 2642
3 2642 3300 1439
3 3267 3310 1944
3 2915 3014 2035
3 3094 1691 3247
3 3045 1906 2788
3 2840 1825 3274
3 2163 2068 2753
3 3014 2762 2035
3 3295 3290 2686
3 2543 1133 2005
3 3017 2033 2150
3 3288 1120 3232
3 2786 3109 3232
3 2135 3031 3163
3 2493 3217 3235
3 2130 2176 2914
3 3021 3224 2996
3 3865 2625 3766
3 3299 3269 919
3 1772 3299 919
3 1117 2974 2164
3 3120 3020 3215
3 1349 3292 3291
3 3292 3301 3300
3 3300 2783 1439
3 3264 749 2927
3 3259 2949 3049
3 3263 3264 2927
3 749 2595 3086
3 3006 3233 2123
3 3464 1873 338
3 2123 2183 3165
3 2964 1691 3094
3 3009 3706 2934
3 2307 2303 2017
3 3072 3351 3269
3 3351 3261 3269
3 3063 2915 2913
3 3122 3014 2915
3 2134 3347 3014
3 2338 3757 567
3 2926 2641 3417
3 2927 749 2847
3 2967 2789 2074
3 3227 3017 3026
3 3165 3031 2135
3 3086 3069 2183
3 3052 2440 3287
3 3317 3419 3464
3 3351 3330 3261
3 2074 2784 3262
3 3318 2307 3299
3 3587 2721 2007
3 2426 2783 3300
3 2077 3246 3225
3 2996 3224 1987
3 2572 1783 2571
3 2493 1096 165
3 3333 3304 3398
3 3284 2642 2029
3 3163 3031 3257
3 3063 2838 3303
3 3757 2111 567
3 3320 3438 2321
3 3228 2934 3279
3 3246 3228 3279
3 3464 2775 3309
3 3312 3309 2775
3 3042 2320 3258
3 2846 3165 3045
3 2974 327 2164
3 2949 3037 2987
3 744 3247 2060
3 3237 3217 2493
3 2999 339 4046
3 2838 3298 2854
3 2895 3063 2832
3 2854 2861 2669
3 3370 2844 3371
3 3308 3313 3121
3 3121 3313 2321
3 3218 3080 2869
3 3419 3317 3322
3 3742 2787 3282
3 2197 2988 3429
3 1419 3112 3248
3 3371 2844 3257
3 2928 744 2060
3 3581 3307 2848
3 2123 3165 2135
3 3243 2832 2913
3 2046 2081 339
3 545 2548 1142
3 173 509 506
3 3126 2271 1882
3 3309 3317 3464
3 2705 3294 875
3 800 519 782
3 1478 1477 2060
3 3314 2551 2535
3 918 764 2171
3 2869 3080 3222
3 2741 2319 2196
3 2052 2994 2850
3 1825 2049 2832
3 3370 1827 2844
3 480 3313 3308
3 3312 3315 3316
3 3316 3309 3312
3 3309 3327 3317
3 2861 3052 3287
3 2976 3009 3008
3 3240 3054 1827
3 2789 3148 2784
3 1949 1824 2904
3 222 395 2888
3 3098 3109 2786
3 395 222 223
3 2869 3020 3120
3 2978 3094 743
3 480 3319 3313
3 3313 3319 2321
3 3319 3321 2321
3 3321 3315 3320
3 3316 3327 3309
3 3167 2949 3088
3 749 1854 2595
3 2948 3288 3232
3 3318 3299 1772
3 3299 3324 3269
3 3323 3315 3321
3 3323 3316 3315
3 3269 3324 3072
3 3244 2057 3073
3 3034 3022 2840
3 1074 3149 2849
3 2792 3034 1096
3 3325 3326 3319
3 3319 3326 3321
3 3332 3338 3316
3 3323 3332 3316
3 3316 3338 3327
3 3328 3317 3327
3 3328 3322 3317
3 2129 2122 2926
3 172 1897 2158
3 2167 2001 3268
3 3255 2065 3271
3 3073 2057 3067
3 2144 3041 3148
3 3299 2307 3324
3 1874 3325 3319
3 3326 3331 3321
3 3321 3331 3323
3 3331 3332 3323
3 3328 3335 3322
3 3335 3329 3322
3 3007 2077 3225
3 3068 2948 3232
3 583 2903 3167
3 3234 3067 2547
3 2493 3235 1096
3 174 3275 3034
3 3325 3337 3326
3 3334 3331 3326
3 803 3329 3335
3 3167 3088 3267
3 2857 2997 3226
3 2847 749 3086
3 2741 3606 3615
3 3246 2951 3228
3 3167 2903 2949
3 3139 3245 3268
3 3295 3154 2867
3 1034 101 1218
3 3259 3068 3097
3 3337 3325 1874
3 3337 3334 3326
3 3331 3334 3332
3 3348 3328 3327
3 3342 803 3335
3 3224 2077 3007
3 2869 3222 2870
3 3233 3232 3109
3 149 3265 2903
3 583 149 2903
3 2967 2074 2951
3 2535 3057 3314
3 3223 3140 2488
3 2015 3340 3337
3 3334 3341 3332
3 3332 3341 3338
3 3338 3348 3327
3 3224 3007 1987
3 3336 3109 2847
3 1974 2084 3257
3 3045 2788 1974
3 2967 2996 3738
3 3149 3223 2849
3 3255 3243 1117
3 2035 2762 3272
3 3102 2166 3015
3 2349 3340 2015
3 3337 3341 3334
3 3341 3344 3338
3 3344 3348 3338
3 3349 3328 3348
3 3349 3345 3328
3 3345 3335 3328
3 2789 2967 2004
3 3232 1120 2786
3 1617 979 693
3 1950 2122 2129
3 3279 2860 2864
3 3233 3109 3087
3 1071 2382 2349
3 3057 3019 3314
3 3017 3227 2033
3 2561 3076 379
3 3057 2394 3019
3 1071 2349 2015
3 3350 3335 3345
3 3350 3342 3335
3 923 1628 3346
3 2951 3262 3008
3 2155 2161 2029
3 2164 1120 3288
3 2164 327 1120
3 1120 327 3023
3 3049 2949 2948
3 2307 2315 2303
3 3243 2035 1117
3 743 3094 744
3 2401 1133 3652
3 2794 2857 3213
3 2620 2794 3213
3 3222 2148 3249
3 1763 740 746
3 3340 2349 3337
3 3337 2349 3341
3 3352 3344 3341
3 3354 3349 3348
3 3896 404 2732
3 3097 3068 3233
3 3393 2991 2973
3 3251 3034 2840
3 2983 2048 3271
3 2196 3606 2741
3 2017 2791 2307
3 2997 3120 3215
3 3213 2857 3237
3 1096 3235 2792
3 3268 2872 3139
3 725 3963 1398
3 3347 3059 1950
3 2344 3352 3341
3 2349 2344 3341
3 3355 3350 3345
3 3285 3342 3350
3 775 1277 840
3 3265 174 2983
3 2997 3215 2856
3 3236 3333 3330
3 1753 3751 3306
3 393 2033 1207
3 2148 3222 3112
3 2994 2052 1949
3 471 838 1097
3 3352 3359 3344
3 3359 3357 3344
3 3344 3357 3348
3 3357 3354 3348
3 3360 3345 3349
3 3354 3360 3349
3 3360 3355 3345
3 3355 3362 3350
3 3362 3285 3350
3 3248 3080 3092
3 2864 3225 3279
3 3017 2150 3353
3 3058 3053 3238
3 3024 2705 875
3 132 1112 2386
3 2042 3040 2271
3 3046 3249 3230
3 149 174 3265
3 174 3034 3251
3 2837 3238 3305
3 2227 2549 3035
3 3225 3246 3279
3 3250 3220 2865
3 3310 3088 3302
3 2790 3263 3023
3 2903 3037 2949
3 2048 2840 3274
3 2083 3606 2196
3 3298 2861 2854
3 3287 2440 2841
3 3222 3249 3046
3 3274 1825 2832
3 2282 1536 2791
3 3352 3367 3359
3 3361 3354 3357
3 3360 3362 3355
3 3086 2183 3087
3 2546 466 2177
3 1949 395 1824
3 2345 2252 1792
3 3062 3229 3140
3 3072 3236 3351
3 3586 2007 250
3 2052 395 1949
3 3367 3363 3359
3 3363 3361 3359
3 3359 3361 3357
3 3364 3362 3360
3 3109 3336 3087
3 2997 2856 3052
3 2844 3163 3257
3 3294 2130 1477
3 3251 2840 2048
3 3031 1974 3257
3 3365 3356 3358
3 2537 2331 382
3 2973 3586 3477
3 2322 1772 465
3 3050 3099 3250
3 2854 2134 3303
3 2044 3367 3352
3 3361 3360 3354
3 3361 3371 3360
3 2784 3256 3262
3 2791 939 3227
3 939 1089 3227
3 1125 1321 3446
3 2083 2196 3066
3 2148 350 3249
3 3365 3393 3356
3 3557 2849 3450
3 3371 3368 3360
3 3368 3364 3360
3 3353 3333 3236
3 2847 3086 3336
3 244 2202 3075
3 2832 3063 2913
3 3063 3122 2915
3 3063 3303 3122
3 3236 3330 3351
3 1617 693 405
3 2717 1218 1217
3 1217 1218 2969
3 101 1880 2969
3 2969 1880 2952
3 2466 2717 1217
3 1880 3035 2952
3 3367 2044 1596
3 3370 3361 3363
3 3370 3371 3361
3 3257 3364 3368
3 3257 3362 3364
3 3257 2084 3362
3 3263 2927 3098
3 3050 3250 3081
3 3220 3234 3042
3 3075 2995 3009
3 2439 1419 3248
3 2926 3417 2790
3 2378 3240 1596
3 3242 3081 3216
3 3240 3367 1596
3 3367 3370 3363
3 3371 3257 3368
3 3303 3014 3122
3 3126 1882 2888
3 3112 1189 2148
3 873 2227 3035
3 3329 3415 3419
3 2882 2883 3732
3 585 2511 3495
3 3382 285 3374
3 585 3495 3373
3 3452 3376 2644
3 3182 3295 2686
3 3376 3452 3378
3 3870 2047 2064
3 3475 3373 3425
3 2085 671 3356
3 1741 3011 3439
3 36 466 2767
3 3376 3378 1729
3 466 1975 2767
3 3381 3413 3412
3 3547 3381 3412
3 3576 2781 3381
3 3576 3382 2781
3 454 1621 372
3 285 2116 3374
3 3294 3343 2214
3 3422 2085 3033
3 3515 1416 3506
3 588 2591 2540
3 3425 3384 168
3 3436 285 3382
3 417 3387 438
3 3388 2150 2894
3 438 3388 2894
3 2165 3473 2726
3 3495 2714 3384
3 615 3593 727
3 3452 711 3449
3 1975 1461 2767
3 3387 3388 438
3 3388 3353 2150
3 1936 1464 3557
3 1416 283 3506
3 3436 3391 285
3 2748 2530 3452
3 3454 2748 3452
3 3293 3387 417
3 3432 3320 3312
3 3391 3416 285
3 2714 3495 3507
3 3387 3397 3388
3 1640 3365 1408
3 2271 2813 1882
3 1662 663 1967
3 3388 3397 3304
3 1408 3365 768
3 158 1849 1558
3 3416 3403 3064
3 3025 2748 3435
3 3293 3397 3387
3 3397 3398 3304
3 3121 2321 3438
3 1973 3500 1913
3 3025 3435 1819
3 2706 3409 1577
3 3409 3402 3293
3 1577 3409 3293
3 3415 3638 3419
3 2633 2552 3399
3 2643 1963 2804
3 3104 649 1857
3 3781 3822 3854
3 3402 3410 3397
3 3293 3402 3397
3 3410 3411 3397
3 3411 3398 3397
3 2866 3746 2615
3 3489 3431 3426
3 3116 3082 2710
3 3379 3570 3404
3 3254 3398 3411
3 3390 3426 649
3 3372 3064 3498
3 3427 3415 3498
3 3401 3489 3390
3 2710 3401 3390
3 3150 2640 3166
3 3409 3421 3402
3 3402 3421 3410
3 2988 2197 3254
3 3104 3390 649
3 2511 3383 2723
3 3343 2278 2277
3 303 3400 646
3 585 614 2511
3 2277 3060 2067
3 3115 671 2752
3 3060 2277 2731
3 2723 319 3400
3 2939 2452 1925
3 2706 3297 3409
3 3421 3424 3410
3 3424 3434 3410
3 3434 3411 3410
3 3411 2988 3254
3 2111 3029 3739
3 284 1677 2533
3 3702 150 3422
3 2511 3507 3495
3 752 2189 2041
3 3434 3428 3411
3 3411 3428 2988
3 3559 585 2189
3 3430 614 585
3 3559 3430 585
3 2638 3399 2775
3 1118 3438 2633
3 2633 3432 2552
3 3422 150 2752
3 2752 150 2666
3 3427 1784 3423
3 1879 2408 1880
3 3297 3433 3409
3 3441 3424 3421
3 3428 3429 2988
3 3024 2787 3721
3 2589 3443 3403
3 3423 3638 3427
3 2062 2940 3628
3 3464 3419 1873
3 2661 2638 2775
3 1583 1873 3638
3 3423 1583 3638
3 1729 1784 3403
3 3028 3435 3431
3 614 3430 615
3 3430 3593 615
3 3433 3441 3409
3 3409 3441 3421
3 3434 2117 3428
3 3428 2117 3429
3 3593 3440 727
3 3395 3546 3396
3 857 3294 1477
3 3442 341 3435
3 3442 3454 2644
3 3424 3441 3434
3 3407 1741 3439
3 614 615 2511
3 804 2557 1802
3 2734 1158 2690
3 1773 786 1244
3 2707 3504 3444
3 3393 3365 1640
3 3488 3372 3498
3 3416 3372 3472
3 2782 3416 3472
3 2781 3374 2597
3 3440 2203 751
3 1836 3433 3297
3 3451 2961 3434
3 3441 3451 3434
3 2961 2117 3434
3 3438 1439 3121
3 3504 2707 1449
3 285 2782 2116
3 3457 3478 3392
3 2537 2777 2331
3 3473 3445 2704
3 3414 381 3445
3 3506 284 2533
3 2644 3454 3452
3 751 2203 3394
3 3150 3166 3151
3 1965 3449 1751
3 298 2730 372
3 1342 3436 3576
3 1134 1149 185
3 1424 1425 2157
3 3418 3478 3462
3 917 2068 2163
3 3418 3462 3447
3 3448 2674 2597
3 3479 2601 3547
3 3479 3547 827
3 3449 711 1741
3 1836 821 3433
3 3453 3451 3441
3 3744 1692 2799
3 1149 184 185
3 413 3293 417
3 821 1836 955
3 3385 3329 803
3 3479 827 3458
3 3394 2203 3123
3 821 3469 3433
3 3433 3469 3441
3 3451 2133 2961
3 3283 3290 3404
3 283 284 3506
3 283 827 3412
3 1751 3407 1583
3 881 3461 2528
3 3461 2057 2528
3 1905 3385 803
3 3452 3449 3378
3 3469 3389 3453
3 3441 3469 3453
3 3389 3451 3453
3 3291 2768 1349
3 3460 168 2661
3 2681 3405 2151
3 3475 3425 3375
3 3412 3413 1677
3 2157 1425 2626
3 3412 1677 284
3 2558 2157 2626
3 3378 3449 1965
3 2748 3454 3442
3 3294 857 875
3 2748 3442 3435
3 3314 2977 1657
3 3473 3414 3445
3 3439 2040 3375
3 1461 35 2767
3 3025 2038 2530
3 3461 3366 2057
3 379 3076 1765
3 3124 3394 3123
3 2491 3286 636
3 3627 3405 2678
3 3466 3491 3521
3 3481 3491 3470
3 3467 3466 3486
3 3448 2116 3377
3 2704 3445 3530
3 821 3474 3469
3 1857 3130 3104
3 3379 3295 2867
3 3526 3443 2589
3 3468 3515 3529
3 3515 3467 3529
3 3042 3234 2547
3 3102 3366 3461
3 3067 2057 3366
3 3566 3456 3471
3 3546 3468 3505
3 3356 2973 3477
3 2177 466 36
3 338 3439 3460
3 3474 3389 3469
3 255 2585 2758
3 3028 1819 3435
3 3381 2781 2597
3 3526 2589 1342
3 3102 2320 3366
3 239 1957 2051
3 2981 1724 2299
3 3511 3476 2172
3 3527 3386 3414
3 1850 1851 3032
3 222 1882 249
3 2800 1995 3389
3 3474 2800 3389
3 2636 3028 3431
3 3477 3586 250
3 827 283 3386
3 3445 381 3396
3 3541 3450 3212
3 1584 498 321
3 2664 3482 3444
3 3546 3505 3487
3 3091 2704 3530
3 3477 2085 3356
3 3062 249 3229
3 2636 3431 3489
3 3401 2636 3489
3 803 3342 1905
3 613 2800 3474
3 2914 1206 2130
3 3386 381 3414
3 3093 2704 3091
3 2664 3447 3462
3 2113 3870 2064
3 2053 3484 1988
3 3484 3015 2166
3 3484 2320 3015
3 959 2577 2579
3 2618 3181 690
3 2641 2122 3634
3 3491 2597 3470
3 3091 3530 3542
3 3390 3489 3426
3 2800 570 1995
3 1437 1929 2185
3 645 1188 1843
3 2919 3276 2175
3 3418 2116 3472
3 2053 3493 3484
3 3494 2320 3484
3 3505 696 3456
3 2155 2029 1762
3 3466 3521 3486
3 3510 786 3446
3 3566 3487 3456
3 303 1118 2633
3 2152 3473 3103
3 1748 2800 613
3 2185 3512 1437
3 1437 3512 3496
3 3377 3447 2664
3 3492 3493 2053
3 3493 3502 3484
3 3497 2320 3494
3 2914 2175 3276
3 3444 3490 1344
3 3408 3457 2491
3 3457 3286 2491
3 1882 222 2888
3 2530 711 3452
3 819 1062 2800
3 1748 819 2800
3 3565 3311 3581
3 3432 3438 3320
3 3499 3500 1973
3 937 496 2626
3 3501 3493 3492
3 3503 3497 3494
3 3504 1449 3459
3 3258 2320 3497
3 3482 3490 3444
3 2768 3291 3283
3 2172 1868 162
3 2801 1607 198
3 3467 3486 3529
3 2319 3009 2976
3 2726 3473 2152
3 3512 3499 3496
3 3496 3499 2131
3 3501 3502 3493
3 3502 3494 3484
3 3519 3503 3494
3 3081 2865 3280
3 2777 804 3510
3 3566 768 3091
3 319 751 3400
3 881 2051 2154
3 3064 3427 3498
3 2169 3517 2185
3 2185 3517 3512
3 3512 3518 3499
3 3513 1913 3500
3 3513 3501 1913
3 3519 3494 3502
3 3514 3519 3502
3 3520 3497 3503
3 3497 3520 3258
3 1344 3490 3408
3 3404 3570 3446
3 2041 2189 3375
3 3466 2533 3491
3 3506 2533 3466
3 1217 2969 2466
3 3463 3473 2165
3 4004 3056 691
3 3501 3513 3502
3 696 3505 3627
3 3446 786 1773
3 3510 804 786
3 3521 3481 2734
3 804 2777 2557
3 3468 3529 3509
3 3082 3401 2710
3 3463 3455 3473
3 2547 3067 3366
3 3507 2511 303
3 3527 827 3386
3 2131 3499 1973
3 3517 3528 3512
3 3518 3522 3499
3 3499 3522 3500
3 3500 3533 3513
3 3513 3523 3502
3 3502 3523 3514
3 3535 3519 3514
3 3503 3519 3520
3 3520 3212 3258
3 192 2221 2305
3 3627 3505 2673
3 1431 1204 1933
3 2557 2777 2537
3 3468 3509 2673
3 2552 3432 3312
3 1433 3508 3465
3 3508 1851 3465
3 150 3558 3516
3 1104 2169 1985
3 3528 3518 3512
3 3522 3533 3500
3 3533 3534 3513
3 3513 3534 3523
3 3523 3525 3514
3 3540 3535 3514
3 3519 3536 3520
3 1867 3181 2618
3 1584 515 486
3 881 2528 239
3 3301 2426 3300
3 3481 3470 1158
3 3455 3527 3414
3 2800 1062 570
3 3456 696 1887
3 3011 635 3107
3 1104 3531 3517
3 3517 3531 3528
3 3535 3536 3519
3 3520 3541 3212
3 2172 1907 1868
3 2673 3509 3405
3 2445 3437 3459
3 3437 2445 1158
3 1882 2813 249
3 2558 2626 2730
3 1321 3404 3446
3 2678 3405 2681
3 2533 2597 3491
3 607 2901 2160
3 2124 3543 1984
3 3586 2973 3524
3 1984 3543 1104
3 3523 3539 3525
3 3525 3540 3514
3 3529 3521 3405
3 3521 2734 3405
3 3509 3529 3405
3 1158 3470 3437
3 3521 3491 3481
3 3566 3471 3476
3 1851 1670 3032
3 2722 2085 250
3 2666 3156 3144
3 2189 3475 3375
3 2775 2552 3312
3 3531 3538 3528
3 3538 3532 3528
3 3532 3544 3518
3 3528 3532 3518
3 3518 3544 3522
3 3534 3545 3523
3 3545 3539 3523
3 3536 3541 3520
3 3481 1158 2734
3 1987 3738 2996
3 3486 3521 3529
3 2768 3406 714
3 2511 615 3383
3 3458 827 3527
3 2124 3537 3543
3 1104 3543 3531
3 3531 3548 3538
3 3550 3533 3522
3 3544 3550 3522
3 3552 3541 3536
3 3081 3250 2865
3 2669 3287 2841
3 3119 2669 2841
3 3032 1640 3476
3 3380 379 1035
3 3406 1321 714
3 3543 3548 3531
3 3533 3550 3534
3 3534 3550 3545
3 3554 3555 3525
3 3539 3554 3525
3 3525 3555 3540
3 3540 3551 3535
3 3551 3556 3535
3 3556 3552 3536
3 3535 3556 3536
3 3553 3541 3552
3 636 3362 2084
3 2661 338 3460
3 338 2661 3464
3 2691 1786 2824
3 11 1914 13
3 671 3115 3358
3 3032 3476 3511
3 2005 3296 3264
3 1920 917 2111
3 3406 3404 1321
3 3543 3567 3548
3 3544 3549 3550
3 3545 3554 3539
3 3551 3540 3555
3 3553 3557 3450
3 3541 3553 3450
3 2041 3375 2040
3 3286 3285 636
3 2643 2801 1080
3 1584 321 1081
3 1640 3566 3476
3 330 3705 2995
3 3383 727 319
3 2079 3560 3537
3 3543 3561 3567
3 3548 3562 3538
3 3538 3562 3532
3 3563 3555 3554
3 3254 3333 3398
3 2172 3471 1907
3 3471 3456 1907
3 3296 1854 749
3 2079 3537 1962
3 248 2666 3516
3 3565 2669 3119
3 1096 3034 373
3 3478 3488 3392
3 2601 3381 3547
3 3516 3558 248
3 3381 2597 3413
3 653 979 333
3 3560 3571 3537
3 3537 3571 3543
3 3543 3571 3561
3 3532 3562 3544
3 3550 3568 3545
3 3555 3564 3551
3 3551 3569 3556
3 3556 3575 3552
3 213 1987 3007
3 3530 3546 3487
3 2669 2861 3287
3 752 3559 2189
3 3567 3577 3562
3 3548 3567 3562
3 3562 3578 3544
3 3544 3578 3549
3 3549 3568 3550
3 3568 3573 3545
3 3573 3591 3545
3 3591 3554 3545
3 3563 3574 3555
3 3555 3574 3564
3 3564 3569 3551
3 3569 3575 3556
3 2797 2558 2796
3 2664 3444 3504
3 3480 2664 3504
3 3480 3504 3459
3 3437 3480 3459
3 937 2626 1425
3 3472 3478 3418
3 3561 3594 3567
3 3594 3577 3567
3 3577 3589 3562
3 3549 3578 3572
3 3572 3568 3549
3 3582 3573 3568
3 3574 3579 3569
3 3564 3574 3569
3 3579 3575 3569
3 3575 3585 3552
3 584 3553 3552
3 3585 584 3552
3 3553 584 3557
3 764 1916 3492
3 2134 2854 2669
3 2134 2669 3565
3 3263 2790 3417
3 3633 2401 3652
3 1558 1157 158
3 3379 3510 3570
3 3530 3487 3566
3 319 727 751
3 2112 1968 2079
3 2079 1968 3560
3 3594 3561 3571
3 3589 3578 3562
3 3591 3583 3563
3 3554 3591 3563
3 3563 3583 3574
3 3580 3575 3579
3 3580 3584 3575
3 3584 3585 3575
3 1950 3272 2762
3 3475 585 3373
3 2848 3565 3581
3 711 672 1741
3 3542 3530 3566
3 3312 3320 3315
3 3419 3322 3329
3 3578 3590 3572
3 3572 3590 3568
3 3568 3590 3582
3 3456 3487 3505
3 2737 3581 3311
3 3565 2848 2134
3 3576 3436 3382
3 1109 901 147
3 3430 2618 3593
3 1968 3597 3560
3 3597 3598 3571
3 3560 3597 3571
3 3571 3598 3594
3 3588 3599 3577
3 3594 3588 3577
3 3599 3600 3577
3 3577 3600 3589
3 3595 3590 3578
3 3582 3596 3573
3 3573 3596 3591
3 3591 3602 3583
3 3583 3592 3574
3 3574 3592 3579
3 3585 3605 584
3 3605 1936 584
3 2848 3347 2134
3 2643 2804 2801
3 3320 2321 3321
3 3404 3290 3379
3 1118 1439 3438
3 1936 3557 584
3 3601 3595 3589
3 3595 3578 3589
3 3583 3602 3592
3 3592 3603 3579
3 3603 3580 3579
3 3603 3611 3580
3 3604 3584 3580
3 3611 3604 3580
3 3606 1936 3605
3 3705 3706 2995
3 2850 3307 643
3 3450 2849 2488
3 3626 2092 1930
3 2848 3059 3347
3 3082 2325 3401
3 2807 2804 695
3 3593 690 3440
3 1989 3612 1968
3 1968 3612 3597
3 3589 3600 3601
3 3595 3607 3590
3 3590 3607 3582
3 3592 3602 3608
3 3592 3608 3603
3 3605 3585 3584
3 3604 3605 3584
3 3482 3462 3490
3 3581 643 3307
3 3307 3214 2848
3 2134 3014 3303
3 1640 1408 3566
3 3392 3488 3498
3 3082 3095 3043
3 3600 3613 3601
3 3601 3609 3595
3 3595 3609 3607
3 3607 3610 3582
3 3582 3610 3596
3 3596 3610 3591
3 3610 3602 3591
3 3461 2166 3102
3 1850 3012 3465
3 2230 65 64
3 1849 1678 1558
3 3416 3064 3372
3 3598 3621 3594
3 3621 3588 3594
3 3621 3622 3599
3 3588 3621 3599
3 3599 3622 3600
3 3607 3609 3610
3 3615 3605 3604
3 3515 3506 3467
3 3506 3466 3467
3 3214 3307 2850
3 3347 2762 3014
3 3676 3069 2595
3 3440 698 2203
3 3612 3640 3597
3 3616 3598 3597
3 3640 3616 3597
3 3622 3617 3600
3 3600 3617 3613
3 3614 3609 3601
3 3609 3619 3610
3 3625 3602 3610
3 3602 3630 3608
3 3608 3631 3603
3 3611 3620 3604
3 3620 3615 3604
3 3615 3606 3605
3 3378 1965 1729
3 3468 2673 3505
3 1989 3628 3612
3 3612 3628 3640
3 3598 3616 3621
3 3613 3623 3601
3 3601 3623 3614
3 3614 3618 3609
3 3609 3618 3619
3 3624 3610 3619
3 3602 3625 3630
3 3603 3631 3611
3 2188 2754 2570
3 3445 3546 3530
3 3286 1905 3285
3 3025 1819 3028
3 1670 1640 3032
3 3391 3403 3416
3 3615 2740 2741
3 3617 3636 3613
3 3613 3636 3623
3 3619 3629 3624
3 3610 3624 3625
3 3630 3631 3608
3 3632 3615 3620
3 3632 2740 3615
3 3431 3458 3483
3 2337 3435 2601
3 3431 3479 3458
3 2337 2601 3479
3 2754 2859 2858
3 3400 3380 646
3 3640 3647 3616
3 3616 3635 3621
3 3621 3635 3622
3 3614 3623 3618
3 3618 3642 3619
3 3631 3637 3611
3 3611 3637 3620
3 250 2085 3477
3 3379 3290 3295
3 3152 1867 2618
3 2401 3633 3214
3 303 2723 3400
3 3435 341 3526
3 3635 3641 3622
3 3636 3618 3623
3 3642 3629 3619
3 3631 3646 3637
3 3637 3639 3620
3 3639 3632 3620
3 2319 2741 2740
3 2768 714 2719
3 3633 3634 3214
3 3546 3395 3468
3 1989 2062 3628
3 3647 3665 3616
3 3616 3665 3635
3 3636 3648 3618
3 3648 3642 3618
3 3642 3643 3629
3 3629 3643 3644
3 3644 3624 3629
3 3625 3645 3630
3 3650 3646 3631
3 3630 3650 3631
3 616 1699 2008
3 3476 3471 2172
3 3395 3515 3468
3 3408 2491 1551
3 3641 3653 3622
3 3622 3653 3617
3 3624 3657 3625
3 3625 3657 3645
3 3645 3650 3630
3 3646 3651 3637
3 3637 3651 3639
3 244 3632 3639
3 244 3075 3632
3 3075 2740 3632
3 3075 2319 2740
3 3225 1409 3007
3 3101 3091 768
3 2705 2731 2278
3 3652 2641 3634
3 1349 2768 2719
3 285 3416 2782
3 3301 1349 2426
3 3064 1784 3427
3 3464 2661 2775
3 3628 2940 3640
3 3665 3673 3635
3 3635 3673 3641
3 3653 3660 3636
3 3617 3653 3636
3 3660 3648 3636
3 3648 3649 3642
3 3649 3643 3642
3 3650 3655 3646
3 3638 1873 3419
3 1268 3961 3967
3 2961 2141 2117
3 1408 768 3566
3 3091 3542 3566
3 827 3547 3412
3 2511 2723 303
3 3422 2752 671
3 2879 2860 2878
3 3673 3656 3641
3 3641 3656 3653
3 3654 3643 3649
3 3643 3654 3644
3 3657 3624 3644
3 3657 3658 3645
3 3645 3659 3650
3 3655 3664 3646
3 3664 3651 3646
3 2671 2125 1440
3 1857 3455 3463
3 2543 3652 1133
3 3377 3480 3437
3 3648 3661 3649
3 3644 3654 3657
3 3658 3659 3645
3 3650 3659 3655
3 3664 244 3639
3 3651 3664 3639
3 3009 2319 3075
3 3060 1241 2067
3 3373 3495 3384
3 3373 3384 3425
3 2543 3417 2641
3 3652 2543 2641
3 672 635 3011
3 381 3395 3396
3 310 3138 3190
3 3640 3672 3647
3 3656 3660 3653
3 3660 3667 3648
3 3661 3662 3649
3 3649 3662 3654
3 3662 3668 3654
3 3654 3668 3657
3 3659 3663 3655
3 3436 2589 3391
3 3375 3425 168
3 3460 3375 168
3 348 349 65
3 1349 2719 828
3 1784 3064 3403
3 3483 3527 3455
3 2157 2390 1424
3 3640 2940 3672
3 3672 3665 3647
3 3678 3656 3673
3 3648 3667 3661
3 3662 3680 3668
3 3657 3668 3658
3 3669 3670 3658
3 3670 3663 3659
3 3658 3670 3659
3 3663 3675 3655
3 3655 3675 3664
3 2151 2734 2690
3 2445 2198 1158
3 3407 3439 338
3 1128 2744 2745
3 3445 3396 3546
3 3439 3375 3460
3 3587 2007 3586
3 2991 3666 2973
3 1439 2783 3121
3 2730 2626 496
3 3656 3678 3660
3 3679 3661 3667
3 3661 3679 3662
3 3668 3669 3658
3 3670 3681 3663
3 3664 3682 244
3 244 3682 2202
3 1751 1741 3407
3 3264 2543 2005
3 2674 3437 3470
3 525 809 726
3 3101 768 3365
3 3399 2552 2775
3 3391 2589 3403
3 3449 1741 1751
3 2641 2926 2122
3 2549 2227 435
3 375 1176 572
3 2940 2953 3672
3 3678 3674 3660
3 3660 3674 3667
3 3679 3680 3662
3 3680 3687 3668
3 3681 3675 3663
3 3664 3675 3682
3 3498 3415 3385
3 1494 745 713
3 3490 3457 3408
3 1567 1243 882
3 3480 3377 2664
3 1416 3515 3395
3 2633 3438 3432
3 2085 3422 671
3 848 390 1017
3 1851 1850 3465
3 3692 2549 435
3 3691 3692 435
3 3678 3685 3674
3 3679 3667 3674
3 3668 3687 3669
3 3669 3687 3670
3 3670 3687 3681
3 3696 3688 3675
3 3675 3688 3682
3 330 2202 3682
3 1342 3576 3381
3 3296 749 3264
3 3011 2040 3439
3 2601 1342 3381
3 405 1411 1187
3 3033 2722 3684
3 3691 435 427
3 2458 2663 2081
3 2953 3693 3672
3 3672 3693 3665
3 3665 3693 3673
3 3674 3685 3679
3 3679 3686 3680
3 3686 3699 3680
3 3699 3714 3680
3 3700 3687 3680
3 3714 3700 3680
3 3687 3694 3681
3 3681 3695 3675
3 3701 330 3682
3 3126 2737 3311
3 1857 649 3455
3 3385 3415 3329
3 649 3483 3455
3 1907 340 1868
3 3384 2638 2661
3 190 2582 150
3 2133 2141 2961
3 16 15 200
3 3692 3035 2549
3 2801 198 1080
3 1942 1179 2583
3 3693 3697 3673
3 3697 3698 3678
3 3673 3697 3678
3 3698 3685 3678
3 3685 3686 3679
3 3700 3694 3687
3 3694 3695 3681
3 3688 3701 3682
3 3435 1342 2601
3 665 1122 666
3 1854 3296 3676
3 2060 1206 2921
3 752 2041 310
3 3777 2456 3689
3 3369 16 200
3 3703 3692 3691
3 2953 1241 3693
3 3704 3685 3698
3 3699 3686 3685
3 3704 3699 3685
3 3700 3715 3694
3 3710 3695 3694
3 3715 3710 3694
3 3696 3675 3695
3 3701 3705 330
3 3426 3431 649
3 1218 101 2969
3 3470 2597 2674
3 3478 3472 3488
3 2952 3035 3339
3 3558 150 2582
3 3708 3691 427
3 3734 3703 3691
3 3708 3734 3691
3 1880 2408 3035
3 2922 2799 1692
3 3721 3709 3697
3 3693 3721 3697
3 3717 3704 3698
3 3711 3688 3696
3 3711 3701 3688
3 2114 3258 3212
3 3457 3392 3286
3 3308 3121 2783
3 2806 2796 1607
3 3103 3473 2704
3 3483 3458 3527
3 3707 3716 2773
3 2773 2075 3707
3 3692 3339 3035
3 804 1802 786
3 3697 3709 3698
3 3704 3713 3699
3 3701 3725 3705
3 690 698 3440
3 2813 3216 249
3 3472 3372 3488
3 2644 3443 3526
3 3377 2116 3418
3 947 2243 2780
3 2064 2047 2607
3 3626 1969 2092
3 1657 3692 3703
3 3692 1657 3339
3 2068 2880 2753
3 3709 3717 3698
3 3713 3714 3699
3 3714 3723 3700
3 3715 3700 3723
3 3710 3718 3695
3 3695 3718 3696
3 3718 3711 3696
3 3724 3725 3701
3 3711 3724 3701
3 3705 3725 3706
3 2787 857 3282
3 2685 829 3420
3 3406 3283 3404
3 1118 331 1439
3 3763 2111 3757
3 421 1889 130
3 3720 3708 2450
3 3720 3734 3708
3 3124 2561 3394
3 3060 3721 3693
3 3721 3735 3709
3 3722 3704 3717
3 3732 3713 3704
3 3732 3714 3713
3 3723 3710 3715
3 3723 3718 3710
3 3718 3724 3711
3 3726 3706 3725
3 1692 329 2922
3 2644 3376 3443
3 3443 3376 1729
3 671 3358 3356
3 3392 1905 3286
3 3462 3478 3457
3 3152 2618 3150
3 2675 2120 947
3 3728 3720 2450
3 3734 1657 3703
3 2175 2914 2176
3 2730 454 372
3 1784 1965 1751
3 3060 3024 3721
3 3729 3709 3735
3 3709 3729 3717
3 3731 3704 3722
3 3732 3733 3714
3 3737 3724 3718
3 3726 1976 3706
3 1962 3537 2124
3 1965 1784 1729
3 3716 2675 947
3 2 3885 3
3 2715 3728 2450
3 947 2773 3716
3 2731 2705 3060
3 2705 3024 3060
3 3729 3730 3717
3 3730 3722 3717
3 3732 3704 3731
3 3736 3733 3732
3 3733 3723 3714
3 2939 1925 2923
3 168 3384 2661
3 1839 1910 879
3 3462 3457 3490
3 3392 3498 1905
3 2643 1080 321
3 2116 2782 3472
3 3677 3795 3689
3 2998 923 3346
3 2882 3732 3731
3 2883 3736 3732
3 3745 3723 3733
3 3736 3745 3733
3 3745 3746 3723
3 3737 3718 3723
3 3746 3737 3723
3 3724 2570 3725
3 3725 2570 3726
3 3726 3747 1976
3 1933 1807 1431
3 1195 1589 1774
3 3498 3385 1905
3 3634 3633 3652
3 2449 2157 2798
3 2780 2773 947
3 3741 3720 3728
3 3741 3734 3720
3 3888 588 3880
3 3735 3742 3729
3 3742 3743 3729
3 3729 3743 3730
3 3743 3744 3730
3 3744 3722 3730
3 3744 3731 3722
3 2570 3724 3737
3 3740 2570 3737
3 2570 3747 3726
3 1913 3501 3492
3 685 2220 3785
3 115 116 3738
3 1774 1815 1195
3 249 3280 2865
3 2664 3462 3482
3 2530 2748 3025
3 3182 2686 2553
3 1211 1210 2680
3 2153 1377 3768
3 378 3728 2715
3 378 3741 3728
3 1657 3734 3741
3 406 1657 3741
3 2551 3314 1657
3 2799 3731 3744
3 3030 711 2530
3 2882 3731 2799
3 1761 2155 1762
3 340 1907 3456
3 1325 2372 936
3 3737 3746 3740
3 3747 2860 1976
3 2638 3384 2714
3 3738 1987 115
3 3431 3435 2337
3 3451 3389 2133
3 321 1963 2643
3 1657 406 2551
3 150 3516 2666
3 2547 3366 2320
3 3721 2787 3735
3 2787 3742 3735
3 116 1906 2013
3 3276 2919 2912
3 2570 2858 3747
3 2707 3444 1344
3 2950 2571 1783
3 2714 3507 2633
3 213 115 1987
3 3805 3748 3266
3 3749 3773 3748
3 1377 1378 3767
3 3846 3827 3756
3 3785 3289 3164
3 57 3754 51
3 3793 3762 2851
3 3802 1847 1846
3 3759 2153 3760
3 3759 3802 2153
3 3849 3858 3878
3 3783 3789 3781
3 3683 27 3866
3 633 3878 2338
3 3762 2901 607
3 3801 3778 3761
3 2220 3907 3785
3 3907 3289 3785
3 955 1742 1744
3 821 955 1744
3 3792 3752 1394
3 1378 3860 3767
3 3857 3772 3712
3 955 3765 1742
3 3765 3769 1742
3 3752 3792 3770
3 6 3760 7
3 3774 3754 57
3 3266 3775 3776
3 424 897 1035
3 3777 43 45
3 3754 3788 52
3 52 3780 50
3 3805 3806 3748
3 3780 3266 50
3 2191 3782 3786
3 1049 1786 521
3 1211 3985 4000
3 3306 3750 3749
3 3306 3751 3750
3 818 1062 819
3 53 3774 57
3 1744 3786 1748
3 695 1963 145
3 1742 3786 1744
3 1208 2663 2577
3 1948 2008 1163
3 1805 2160 2901
3 3769 3774 53
3 362 2480 1276
3 1839 1635 1910
3 215 349 348
3 3787 3143 2480
3 362 3787 2480
3 3787 1662 1967
3 3882 1981 1982
3 2980 2430 2596
3 3765 3803 3769
3 3803 3774 3769
3 3803 3788 3754
3 3774 3803 3754
3 1674 3787 362
3 3787 386 1662
3 2238 3907 2220
3 3804 52 3788
3 44 3862 2456
3 386 3787 1674
3 3143 3787 1967
3 3807 3749 3748
3 3806 3807 3748
3 1946 3849 3870
3 3807 3306 3749
3 3961 1945 1816
3 4 3760 6
3 1805 3798 3764
3 1903 8 7
3 25 3776 3775
3 1218 2717 126
3 1816 3795 3677
3 42 3777 3689
3 42 43 3777
3 3830 3793 56
3 3773 1 3775
3 1746 1811 3936
3 3776 3815 3796
3 3266 3796 50
3 2106 2046 14
3 3847 2855 3825
3 1982 3847 3825
3 5 21 3797
3 22 3797 3764
3 3762 3793 3794
3 1377 1846 1378
3 3266 3776 3796
3 3782 53 54
3 2338 3878 3757
3 236 71 146
3 1951 1946 2112
3 1951 3837 1946
3 3786 3782 3819
3 3786 3819 1748
3 586 3690 3827
3 44 46 3862
3 24 23 3832
3 2919 2702 2430
3 2201 1471 3868
3 1210 2406 2680
3 1195 1253 1196
3 607 2160 2457
3 3813 3803 3765
3 3803 3804 3788
3 3804 3780 52
3 3804 3805 3780
3 1163 1025 2069
3 822 587 544
3 3485 2742 2173
3 2233 1201 2672
3 56 3793 3862
3 3770 3751 3752
3 3749 3750 3821
3 3750 3751 3821
3 2785 2742 3485
3 3866 12 3683
3 3769 53 2191
3 3769 2191 1742
3 3832 3798 1805
3 3777 45 2456
3 3793 2851 3862
3 3289 3626 1930
3 1811 1097 838
3 2213 1811 838
3 3817 2264 2742
3 2264 2713 2742
3 1051 3812 607
3 1934 3759 3809
3 3814 2200 3840
3 3869 3765 955
3 3869 3813 3765
3 3858 3839 3851
3 3792 1394 3816
3 2209 3907 2238
3 2785 2746 2742
3 428 1970 2637
3 1483 1482 1469
3 13 1914 2106
3 1914 2458 2106
3 776 17 16
3 3818 3806 3805
3 3776 25 3833
3 3818 3807 3806
3 3841 3306 3807
3 3936 2213 3626
3 3773 3821 1
3 3689 2456 3790
3 3802 1846 1377
3 459 1808 3859
3 2742 2746 2924
3 3759 1934 3048
3 3826 3289 3907
3 1194 2546 1605
3 3817 3831 1818
3 1736 2001 2167
3 2519 428 3979
3 3800 2834 1908
3 3827 3951 3756
3 3936 1811 2213
3 1699 3791 1025
3 1699 1025 1163
3 2855 3719 1902
3 3847 1982 1981
3 2742 2924 3838
3 2742 3838 3817
3 3817 3838 3831
3 3033 3922 3702
3 882 1614 1594
3 3833 25 0
3 3954 3776 3833
3 3883 3804 3834
3 3801 3836 3778
3 3815 3776 3954
3 3831 3842 1818
3 3842 3843 3800
3 1818 3842 3800
3 3840 3856 3761
3 3883 3805 3804
3 3883 3818 3805
3 3782 54 1945
3 3770 3792 3821
3 3756 2901 3846
3 3836 3840 3778
3 3808 3835 3855
3 4030 3837 2091
3 3756 1805 2901
3 3759 3048 3802
3 3819 3782 1945
3 3818 3841 3807
3 776 16 3369
3 3838 3799 3831
3 3843 3844 3800
3 2567 2519 3979
3 3797 3810 2584
3 23 22 3798
3 3832 23 3798
3 3845 3306 3841
3 1790 2235 114
3 3306 3845 1753
3 3827 3846 3794
3 3808 3850 3851
3 3839 3808 3851
3 3808 3855 3850
3 2108 3799 3838
3 3799 3861 3842
3 3831 3799 3842
3 3861 3852 3842
3 3842 3852 3843
3 3843 3853 3844
3 1000 1502 758
3 2153 3802 1377
3 22 5 3797
3 2092 1969 2684
3 9 3755 18
3 3882 3808 3839
3 3864 633 3870
3 3928 2736 3906
3 152 1818 1908
3 3878 3858 3851
3 3864 3849 3878
3 3878 3851 3757
3 0 24 3832
3 3852 3853 3843
3 3853 1471 3844
3 3759 3760 4
3 1377 3767 3768
3 971 970 993
3 3056 805 753
3 3825 2855 1902
3 1945 3753 1816
3 3856 3857 2495
3 3856 2616 3857
3 3789 19 10
3 3799 3867 3861
3 3868 1471 3853
3 3768 3767 3758
3 3772 2230 264
3 2407 1808 459
3 2200 3915 2616
3 3826 3626 3289
3 1676 336 3917
3 3182 3154 3295
3 1954 185 2420
3 2233 2108 1152
3 2495 3857 3712
3 3849 3864 3870
3 3764 3797 2584
3 2081 2106 2458
3 1903 3768 8
3 1946 3870 2113
3 1091 955 1836
3 2407 1378 967
3 278 3206 1202
3 3856 2200 2616
3 3870 633 2047
3 3915 2593 2616
3 1022 1032 178
3 48 3811 47
3 1994 3865 3766
3 3824 3231 2230
3 2501 2406 1210
3 2108 2233 3799
3 3852 3873 3853
3 3873 3868 3853
3 1914 3766 1754
3 3761 2495 3874
3 1091 3869 955
3 1378 2407 3860
3 2662 2630 2629
3 3779 3369 348
3 879 2330 1839
3 3824 2230 3772
3 3758 3755 9
3 2880 1285 4049
3 3799 3879 3867
3 3879 3872 3867
3 3872 3861 3867
3 3875 3852 3861
3 3875 3873 3852
3 3868 3876 3871
3 3289 336 1676
3 3801 3761 3874
3 3963 3803 3813
3 3869 3963 3813
3 3963 3917 3803
3 1456 1438 433
3 3727 673 587
3 2753 2297 3029
3 1769 3886 2002
3 2092 2684 2024
3 2092 4015 1930
3 3860 2407 3755
3 2407 459 3755
3 2076 3799 2233
3 3799 2076 3879
3 3875 3861 3872
3 3873 3876 3868
3 3876 3880 3871
3 3880 2654 3871
3 1908 2834 152
3 1982 569 3808
3 3834 3804 3803
3 3917 3834 3803
3 376 2003 3187
3 3800 1908 1818
3 18 3079 11
3 2002 3886 1202
3 3886 3848 278
3 1202 3886 278
3 1456 1450 1438
3 3794 3846 2901
3 2330 2080 1839
3 3244 2001 2012
3 753 805 806
3 3231 3683 3779
3 278 3848 3881
3 3079 1914 11
3 2631 586 3811
3 1897 1960 2158
3 1210 3823 2501
3 1091 1398 3869
3 3881 3887 839
3 1022 178 999
3 3231 3779 3784
3 1486 412 1476
3 2591 588 3888
3 3877 2724 2216
3 3879 3875 3872
3 3897 3873 3875
3 3897 3884 3873
3 3873 3884 3876
3 3876 3884 3880
3 3880 588 2654
3 596 1448 809
3 3187 3889 376
3 86 89 879
3 461 1553 409
3 3308 2783 2426
3 2080 3887 1839
3 10 27 3822
3 10 3822 3781
3 2672 2076 2233
3 3891 3875 3879
3 3892 3884 3897
3 3884 3888 3880
3 3304 3333 3353
3 18 1994 3079
3 3187 2139 3889
3 3683 776 3779
3 12 17 776
3 3883 2082 3818
3 2082 3841 3818
3 672 3085 635
3 3881 3894 3887
3 3877 3895 2724
3 3764 2584 3915
3 3231 3784 2230
3 3496 935 1437
3 3755 1994 18
3 1108 3955 581
3 3879 2076 3891
3 3891 3897 3875
3 3755 459 1994
3 2957 3829 3820
3 1 3821 3885
3 3889 1769 376
3 3900 3881 3848
3 3886 3900 3848
3 3895 3877 1839
3 3895 2729 2724
3 95 1635 1839
3 2165 617 3463
3 3850 3763 3851
3 2625 3865 2588
3 1805 3764 2457
3 2160 1805 2457
3 2281 3896 2076
3 2076 3896 3891
3 3898 3888 3884
3 3892 3898 3884
3 3893 3905 3886
3 3886 3905 3900
3 3900 3894 3881
3 3894 3901 3887
3 3887 3901 1839
3 3901 3895 1839
3 3902 3897 3891
3 3904 2591 3888
3 3898 3904 3888
3 3951 3833 0
3 3812 3762 607
3 2588 3865 2517
3 3889 3899 1769
3 1769 3899 3886
3 3886 3899 3893
3 3388 3304 3353
3 3850 3863 3763
3 3791 4030 1025
3 2584 3810 3783
3 1051 607 2457
3 616 3791 1699
3 3954 3833 3951
3 3967 3677 3791
3 3896 2732 3891
3 2732 3902 3891
3 3903 3892 3897
3 3903 3898 3892
3 728 110 468
3 1482 1483 1521
3 3771 3812 1051
3 3690 3815 3954
3 3889 3911 3899
3 3900 3927 3894
3 3914 3895 3901
3 3914 3906 3895
3 3906 2729 3895
3 2495 1920 3863
3 3820 3828 3771
3 3751 3770 3821
3 3815 3690 3796
3 264 2068 917
3 1896 3904 320
3 3908 3897 3902
3 3908 3903 3897
3 3903 3909 3898
3 50 2631 49
3 1857 3918 2139
3 2139 3911 3889
3 3911 3924 3899
3 3924 3912 3899
3 3899 3912 3893
3 3893 3912 3905
3 3905 3913 3900
3 3927 3919 3894
3 3894 3919 3901
3 3919 3920 3901
3 1818 152 3817
3 297 944 563
3 27 12 3866
3 3828 3812 3771
3 3753 3689 3795
3 3420 829 2659
3 3909 3910 3904
3 3898 3909 3904
3 3829 3828 3820
3 50 3796 2631
3 2209 3826 3907
3 190 2659 2582
3 3802 3048 1847
3 617 3918 1857
3 3975 2738 3145
3 2139 3918 3911
3 3913 3927 3900
3 3920 3914 3901
3 3928 3906 3914
3 3172 2590 2097
3 586 3793 3830
3 1816 3753 3795
3 3753 42 3689
3 1748 3819 3961
3 3819 1945 3961
3 1817 3902 2732
3 1817 3908 3902
3 1817 3921 3908
3 3916 3903 3908
3 3921 3916 3908
3 3916 3909 3903
3 1748 3961 992
3 3702 3922 190
3 3918 3929 3911
3 3912 3925 3905
3 3925 3926 3913
3 3905 3925 3913
3 3927 3934 3919
3 3928 3914 3920
3 3825 1902 569
3 1982 3825 569
3 47 3830 56
3 3945 3834 3917
3 3048 686 1872
3 3909 433 3910
3 3874 2495 3863
3 1431 1807 391
3 3922 3923 190
3 190 3923 2659
3 3950 3883 3834
3 3945 3950 3834
3 617 3929 3918
3 3913 3926 3927
3 3919 3930 3920
3 3079 1994 3766
3 2112 1946 2113
3 2685 1859 829
3 1469 1817 2174
3 1454 1469 2174
3 1817 1469 3921
3 3916 433 3909
3 3719 3829 2957
3 351 3961 1268
3 3923 3420 2659
3 3929 3931 3911
3 3911 3931 3924
3 3932 3925 3912
3 3924 3932 3912
3 3930 3940 3920
3 3941 3928 3920
3 3940 3941 3920
3 1168 2082 3883
3 1456 3921 1469
3 1456 3916 3921
3 1456 433 3916
3 2097 2165 2726
3 586 3794 3793
3 586 3827 3794
3 2596 125 1433
3 3684 3922 3033
3 1244 572 219
3 464 147 901
3 1322 3841 2082
3 617 2165 3929
3 3932 3937 3925
3 3937 3938 3925
3 3925 3938 3926
3 3926 3939 3927
3 3919 3934 3930
3 3857 2616 3772
3 2091 1951 2112
3 1902 3719 2957
3 2657 829 1859
3 1483 1469 1454
3 2721 3684 2722
3 3935 3922 3684
3 3935 3923 3922
3 3935 3946 3923
3 3946 3420 3923
3 2165 2590 3929
3 2590 3931 3929
3 3947 3944 3931
3 3931 3944 3924
3 3944 3953 3924
3 3924 3953 3932
3 3927 3939 3934
3 3930 3948 3940
3 3941 3942 3928
3 3854 3822 3231
3 3837 2190 3858
3 2209 3936 3826
3 3829 2456 3828
3 264 2230 2068
3 837 680 956
3 2200 3764 3915
3 3671 3666 2991
3 3508 3671 2991
3 2721 3943 3684
3 839 3887 2080
3 2590 3947 3931
3 3953 3937 3932
3 3926 3938 3939
3 3934 3939 3930
3 3939 3948 3930
3 1394 1359 512
3 3847 1981 2190
3 3756 3832 1805
3 1994 904 3865
3 633 3864 3878
3 3784 65 2230
3 3779 776 3369
3 3935 3684 3943
3 3946 3952 2685
3 3420 3946 2685
3 1471 2201 2692
3 3952 2682 2685
3 2630 3716 3890
3 2165 2097 2590
3 3958 3939 3938
3 3941 3949 3942
3 2625 1754 3766
3 3362 636 3285
3 3858 2190 3882
3 3809 3759 4
3 3 3809 26
3 2157 2473 2390
3 3587 3943 2721
3 4015 3950 3945
3 3947 2590 580
3 3947 3955 3944
3 3956 3957 3938
3 3937 3956 3938
3 3948 3941 3940
3 3263 3417 3264
3 1898 1900 2580
3 3778 3840 3761
3 3837 1951 2091
3 1 3885 2
3 3950 1863 3883
3 3524 3959 3586
3 3959 3587 3586
3 3587 3960 3943
3 3943 3960 3935
3 1863 1168 3883
3 3784 3779 348
3 3868 3871 2201
3 3955 3953 3944
3 3964 3937 3953
3 3937 3964 3956
3 3957 3958 3938
3 3948 3966 3941
3 3941 3966 3949
3 3942 3949 822
3 3949 3727 822
3 2682 2738 2697
3 3762 3794 2901
3 3954 3827 3690
3 3809 4 26
3 3782 2191 53
3 3749 3821 3773
3 3959 3960 3587
3 3114 3946 3935
3 3145 2682 3952
3 3939 3958 3948
3 2553 2425 2429
3 3289 1930 336
3 2153 3768 3760
3 3863 1920 3763
3 2973 3959 3524
3 3114 3952 3946
3 3114 3145 3952
3 3947 581 3955
3 3955 3962 3953
3 3962 3964 3953
3 3965 3948 3958
3 569 3835 3808
3 3796 586 2631
3 1484 3936 2209
3 1484 1746 3936
3 3422 3033 3702
3 2213 1969 3626
3 3666 3959 2973
3 3960 3114 3935
3 376 1769 2002
3 3955 1108 3962
3 1599 3957 3956
3 3971 3958 3957
3 3966 3948 3965
3 3796 3690 586
3 3928 3942 2646
3 1920 264 917
3 3969 3959 3666
3 3969 3973 3959
3 3959 3978 3960
3 3978 3970 3960
3 3960 3974 3114
3 3964 3933 3956
3 3971 3957 1599
3 3966 3972 3949
3 3949 3968 3727
3 14 13 2106
3 3784 348 65
3 3671 3969 3666
3 1599 3956 3933
3 3949 3972 3968
3 3822 27 3683
3 808 1000 758
3 3835 1902 3801
3 0 3832 3756
3 4015 2092 3950
3 3043 3095 3051
3 3978 3959 3973
3 3970 3974 3960
3 3030 672 711
3 2473 2157 2449
3 3971 3979 3958
3 3979 3965 3958
3 3986 3966 3965
3 1902 2957 3836
3 3801 1902 3836
3 2957 3820 3836
3 3837 3849 1946
3 2458 1914 1754
3 2953 2940 2064
3 3991 3970 3978
3 3975 3707 2075
3 2662 3716 2630
3 270 2605 233
3 237 236 146
3 2567 3971 1599
3 3979 3986 3965
3 3980 3966 3986
3 3966 3980 3972
3 3972 3988 3968
3 3988 3727 3968
3 1025 4030 2069
3 3677 2855 4030
3 3835 3801 3874
3 2175 3976 2919
3 2919 3976 2702
3 3976 3977 2596
3 2702 3976 2596
3 2596 3977 125
3 3981 3671 125
3 3982 3973 3969
3 3983 3975 3114
3 3975 3983 3707
3 3983 3890 3716
3 3707 3983 3716
3 484 506 798
3 484 384 506
3 2630 3985 2629
3 3780 3805 3266
3 2567 3979 3971
3 3972 3987 3988
3 2495 3712 1920
3 2175 3989 3976
3 3977 3981 125
3 3982 3969 3671
3 3981 3982 3671
3 3990 3978 3973
3 3982 3990 3973
3 3992 3970 3991
3 3983 3114 3974
3 3993 3984 2630
3 2630 3984 3985
3 521 1276 2480
3 3972 3980 3987
3 3836 3820 3840
3 3828 2851 3812
3 3989 2175 2176
3 2186 3989 2176
3 3989 3996 3976
3 3990 4008 3978
3 3992 3974 3970
3 3992 3983 3974
3 3993 2630 3890
3 3984 3994 3985
3 3994 4000 3985
3 1984 1104 1985
3 2174 477 1454
3 2190 4030 3847
3 2738 3975 2075
3 2616 3824 3772
3 2457 3814 3840
3 3820 3771 3840
3 3981 3977 3976
3 3997 3978 4008
3 3997 3991 3978
3 3999 3890 3983
3 3999 3993 3890
3 3993 3994 3984
3 51 3754 52
3 45 44 2456
3 3987 4004 3988
3 4004 691 3988
3 1051 2457 3840
3 3748 3773 3775
3 3997 3995 3991
3 29 3992 3991
3 3995 29 3991
3 29 3998 3992
3 4010 3999 3983
3 1211 4000 1210
3 3727 587 822
3 3266 3748 3775
3 428 3986 3979
3 3986 4003 3980
3 3980 4003 3987
3 1746 1484 1698
3 3783 3854 2593
3 3771 1051 3840
3 1742 2191 3786
3 2729 3906 2736
3 4002 2186 2756
3 4002 3989 2186
3 59 3981 3976
3 3996 59 3976
3 4006 3982 3981
3 4007 3990 3982
3 30 29 3995
3 31 3998 29
3 4010 3992 3998
3 4010 3983 3992
3 4000 4001 1210
3 4001 3823 1210
3 4003 4004 3987
3 3835 3874 3855
3 4017 4002 2756
3 3343 4017 2756
3 4002 3996 3989
3 59 4006 3981
3 4013 4008 3990
3 30 3995 3997
3 4008 30 3997
3 31 4009 3998
3 4009 4010 3998
3 428 2637 3986
3 3986 2637 4003
3 4011 3996 4002
3 4011 4005 3996
3 4005 59 3996
3 4006 4007 3982
3 4007 4013 3990
3 41 30 4008
3 41 28 30
3 32 4009 31
3 4028 3994 3993
3 3994 4020 4000
3 4020 4001 4000
3 2455 1750 2448
3 1676 3917 3963
3 2637 4016 4003
3 4016 3056 4004
3 4003 4016 4004
3 2457 3764 3814
3 336 3945 3917
3 4017 4018 4002
3 4018 4011 4002
3 4012 4005 4011
3 4014 4008 4013
3 4014 41 4008
3 32 4026 4010
3 4009 32 4010
3 4026 3999 4010
3 4026 4027 3999
3 4027 3993 3999
3 4027 4028 3993
3 4028 4020 3994
3 4001 4020 3823
3 46 56 3862
3 1206 2060 1477
3 336 1930 3945
3 1930 4015 3945
3 3811 586 3830
3 2531 3823 1898
3 4016 4021 3056
3 1967 663 3143
3 2616 2593 3824
3 4023 4017 3343
3 4019 4011 4018
3 4019 4012 4011
3 4005 60 59
3 70 4006 59
3 70 4007 4006
3 4029 3823 4020
3 4029 1898 3823
3 1600 2567 1599
3 2092 1863 3950
3 2139 3187 3130
3 3792 3816 3809
3 3858 3882 3839
3 3821 3792 3809
3 1430 603 1122
3 2277 4023 3343
3 4024 4019 4018
3 4031 4025 4019
3 4025 4012 4019
3 4025 4022 4012
3 4022 4005 4012
3 4022 60 4005
3 33 4026 32
3 1899 1898 4029
3 3844 1471 2743
3 3719 3790 3829
3 3885 3821 3809
3 433 320 3910
3 2508 2545 4016
3 2545 4021 4016
3 4021 805 3056
3 3816 1934 3809
3 3760 1903 7
3 3951 0 3756
3 685 725 1398
3 4030 2190 3837
3 4023 4018 4017
3 61 60 4022
3 69 4007 70
3 69 4013 4007
3 4032 4014 4013
3 4014 4032 41
3 4032 40 41
3 4035 4020 4028
3 3811 3830 47
3 1268 3791 616
3 437 956 680
3 4037 4024 4018
3 4024 4031 4019
3 4033 61 4022
3 4038 4013 69
3 4038 4032 4013
3 4039 4027 4026
3 4035 4029 4020
3 1268 3967 3791
3 2545 853 4021
3 2593 3231 3824
3 1934 3816 3048
3 21 3789 3783
3 3967 1816 3677
3 3677 3689 3790
3 2281 2076 2672
3 4036 4018 4023
3 4037 4034 4031
3 4024 4037 4031
3 4033 4025 4031
3 4033 4022 4025
3 4039 4028 4027
3 3954 3951 3827
3 1398 3963 3869
3 3164 3289 1676
3 21 3783 3810
3 725 1676 3963
3 4037 4018 4036
3 62 61 4033
3 39 40 4032
3 4038 39 4032
3 4043 4035 4028
3 1243 1899 4029
3 3712 264 1920
3 725 3164 1676
3 3845 3841 1506
3 2593 3854 3231
3 3761 3856 2495
3 20 19 3789
3 3767 3860 3758
3 4030 2855 3847
3 4037 4045 4034
3 4045 4040 4034
3 4041 4031 4034
3 4040 4041 4034
3 4041 4033 4031
3 4046 4026 33
3 4039 4043 4028
3 1243 4029 4035
3 992 3961 351
3 3814 3764 2200
3 2069 4030 2091
3 3961 1816 3967
3 2092 2024 1863
3 4044 4023 2277
3 4044 4036 4023
3 4047 39 4038
3 4048 4046 33
3 4026 4042 4039
3 1628 4035 4043
3 1628 1243 4035
3 3790 2456 3829
3 8 3768 3758
3 49 2631 48
3 2855 3790 3719
3 4045 4037 4036
3 2297 4033 4041
3 2297 4049 4033
3 4042 4026 4046
3 4042 4043 4039
3 882 1243 1628
3 2713 2173 2742
3 3797 21 3810
3 3739 4041 4040
3 3029 2297 4041
3 63 62 4033
3 4049 63 4033
3 4047 4038 68
3 4050 4046 4048
3 3826 3936 3626
3 3789 10 3781
3 1202 3206 2002
3 3822 3683 3231
3 3029 4041 3739
3 3346 1628 4043
3 146 71 2785
3 1614 882 1628
3 2584 3783 2593
3 2584 2593 3915
3 3758 3860 3755
3 2456 3862 3828
3 2047 4036 4044
3 4045 2338 4040
3 1285 63 4049
3 68 1605 4047
3 1605 39 4047
3 1605 37 39
3 4050 4048 34
3 35 4050 34
3 2999 4046 4050
3 4046 339 4042
3 3346 4043 4042
3 339 3346 4042
3 3851 3763 3757
3 2851 3762 3812
3 3079 3766 1914
3 3712 3772 264
3 3855 3863 3850
3 3855 3874 3863
3 3828 3862 2851
3 3791 3677 4030
3 2067 4044 2277
3 1023 4036 2047
3 1023 2338 4045
3 4036 1023 4045
3 2338 567 4040
3 567 3739 4040
3 1194 1605 68
3 1605 2546 37
3 2546 38 37
3 3985 2680 2629
3 2629 2680 2610
3 3933 3964 4051
3 3964 3962 4051
3 3962 1108 4051
3 1108 102 4051
3 102 2423 4051
3 2423 2023 4051
3 2023 1600 4051
3 1600 3933 4051
