OFF
4052 8100 0
0.3739399 -0.5762724 0.2630159
0.368948 -0.6262122 0.3065452
0.3294185 -0.6260095 0.3174356
0.2913184 -0.6231936 0.326246
0.2326001 -0.6253269 0.3543732
0.2264563 -0.5758458 0.3091051
0.2122487 -0.6228204 0.3479413
0.1817003 -0.6263509 0.3637595
0.1422562 -0.6264149 0.3742552
0.1032387 -0.625679 0.3840362
0.1248167 -0.5773603 0.3277606
0.01604133 -0.6271722 0.3667354
0.02449974 -0.5826189 0.3116011
-0.02120555 -0.6289535 0.3416162
-0.05162596 -0.6309695 0.2993561
-0.06420157 -0.6269482 0.2744395
-0.02313614 -0.5899253 0.2511016
-0.002582109 -0.5857655 0.2896817
0.060072 -0.6255829 0.3747352
0.1474294 -0.5754831 0.3307578
0.1642715 -0.5775417 0.3169343
0.1869375 -0.5756645 0.3199421
0.2544448 -0.5774137 0.2970949
0.3059739 -0.5753552 0.2866738
0.3455034 -0.5755684 0.2757728
0.403155 -0.5958239 0.2672184
0.2513409 -0.6238763 0.3377976
0.05862138 -0.5794936 0.3159849
-0.2109918 -0.614266 0.004335665
-0.2533372 -0.6394705 0.037508
-0.2277593 -0.6252843 0.01083147
-0.2668622 -0.6454437 0.0970902
-0.2567505 -0.6407292 0.1328971
-0.247908 -0.6385639 0.1705813
-0.1602307 -0.6364199 0.1871035
-0.1267064 -0.6344681 0.1924047
-0.07750252 -0.6224257 0.1349024
-0.08624892 -0.6110234 0.04606241
-0.07355597 -0.614458 0.07097899
-0.1109948 -0.6098288 0.02070851
-0.150151 -0.6152579 -0.001616156
-0.195067 -0.6181165 -0.008197291
0.4079335 -0.612986 -0.04608415
0.3914327 -0.609818 -0.03249523
0.359807 -0.6346707 0.003397026
0.3736945 -0.622543 -0.02452747
0.3622922 -0.6368146 0.02524171
0.3870168 -0.6313747 0.08349061
0.3938006 -0.6256469 0.09905281
0.4194212 -0.6250603 0.1230948
0.4489989 -0.6305854 0.1341344
0.5095944 -0.611962 0.1102631
0.4939149 -0.6277483 0.1407156
0.54522 -0.6128367 0.02113516
0.5075039 -0.6094981 -0.02918866
0.444775 -0.6186925 -0.05330526
0.3652468 -0.6380839 0.04637173
0.5447187 -0.6070876 0.05473414
0.4708009 -0.610746 -0.05531054
-0.1391967 -0.6346173 -0.1562782
-0.09867523 -0.5864375 -0.172331
-0.08511829 -0.588016 -0.1485131
-0.05654313 -0.588624 -0.1031811
-0.03181854 -0.5897974 -0.07776319
0.01093213 -0.5913013 -0.009711912
0.02384909 -0.5947146 0.07313359
-0.01052855 -0.6315775 0.08004538
-0.02331748 -0.634724 0.02244712
-0.06843612 -0.6375719 -0.04196694
-0.09412072 -0.6381372 -0.06599822
-0.1328502 -0.6361853 -0.1144341
-0.6253367 0.1808461 0.09058371
-0.0300693 -0.4520948 -0.2369371
-0.05397259 0.1301703 -0.3137454
0.1307792 0.3706856 -0.02542344
-0.4288946 0.8210616 -0.4320672
-0.4102498 0.8158455 -0.4556504
-0.524625 0.6642342 0.1066686
-0.6802044 0.2543159 0.01557798
-0.6326644 0.07997445 0.1334518
-0.07430258 -0.06719975 -0.3514296
-0.4465794 0.662325 -0.03679376
-0.5731676 -0.1987265 -0.01407445
-0.6358644 -0.06430915 -0.003952086
-0.3395106 -0.5336924 0.3656901
0.9466799 -0.2590446 0.04588108
-0.6071398 -0.1522745 0.03904394
0.007753597 0.301237 0.1647041
0.01131616 0.2960427 0.1817703
-0.5753329 -0.183559 0.03919328
-0.1478684 0.8024167 -0.06932612
-0.01715234 0.2834137 0.2037643
-0.4645202 0.571917 -0.3382353
-0.6005694 0.1645586 -0.03717775
-0.436265 0.6626343 -0.06423827
-0.6015614 -0.1376723 0.1240334
-0.2748299 0.6289712 0.1800957
-0.2862643 0.6385177 0.191242
-0.3117462 0.6403737 0.2288623
-0.6056145 0.5306703 -0.01767967
-0.604484 -0.1525412 0.01772194
0.1404749 0.9949763 -0.3436538
-0.2659555 -0.3995738 0.02956157
-0.3207165 -0.4975761 0.2328088
-0.3816534 0.8286132 -0.5837853
-0.4850956 0.8751825 -0.5446931
-0.6602796 0.2110852 0.02659633
-0.4534379 0.812411 -0.3797274
0.1940733 0.3904504 0.0439718
-0.4886048 0.78198 -0.3315262
-0.4057486 0.6232219 -0.5732363
-0.6502319 -0.02039583 0.05968333
-0.6637782 0.4877915 0.09965012
-0.6442587 0.6181982 0.05663275
0.9320031 -0.2586607 0.1146363
0.01008951 0.1013712 -0.3434832
0.02069186 0.116624 -0.3408166
-0.6180515 0.1515456 0.05873403
-0.6471921 0.5315769 0.04620107
0.225059 0.3895011 0.1324065
-0.6011561 0.1368154 0.1442781
-0.4763811 0.9239383 -0.6328612
-0.6618796 0.4436968 0.08915444
-0.0008328282 0.9310208 -0.1991782
-0.1594627 0.8022887 -0.07345399
-0.2083146 -0.6357372 -0.2476354
0.1132544 0.9865392 -0.2799971
-0.395125 0.649344 -0.126871
0.1129877 0.316522 0.2176519
-0.657165 0.6046626 0.05640876
-0.1212666 0.8521645 -0.1361401
-0.349633 0.6590823 0.1837969
-0.5001777 0.8248266 -0.4433735
0.07771414 0.361022 0.03261214
-0.3661232 0.6335471 -0.1937277
0.2144567 0.3759761 0.1752212
-0.5653278 -0.2136273 -0.00335477
-0.4658321 0.7955155 -0.3381287
-0.4942579 0.9100614 -0.6089685
-0.1673025 0.7649352 -0.04284158
-0.3019864 0.6652582 0.03046821
0.2189579 0.3904184 -0.02375949
-0.08735818 0.2995091 0.2096948
0.2615593 0.401074 0.05326219
-0.2154077 0.5628292 0.008271546
-0.4305799 0.6259421 -0.5926276
-0.6781031 0.2264981 0.1009514
-0.4570218 0.5541041 -0.3065883
-0.4515819 0.9310848 -0.6550045
0.2655058 0.3875385 -0.08322436
-0.4465794 -0.6097114 -0.1067543
0.03371546 0.3328096 0.1112551
-0.6749992 0.2554999 0.2396246
0.3302399 0.4070901 0.01740194
0.1635036 0.3220152 0.2462804
0.1975079 0.3499503 0.2159666
-0.4289373 0.6623995 -0.01491709
-0.4584404 0.6708794 0.114135
0.182831 0.7532555 -0.282109
0.19226 0.7630152 -0.2996658
0.4727209 0.2780272 0.2776287
-0.195163 0.4324225 0.01656995
-0.1112295 -0.4835819 -0.2329798
-0.4880075 0.6659194 0.1505073
0.4506736 0.3804027 0.1376223
0.501872 0.3571288 -0.07131006
-0.647384 0.00836064 0.059566
-0.6976013 0.3415238 0.08969843
-0.4167136 0.2455909 -0.1883199
-0.6441734 0.4724852 0.03591871
-0.6840762 0.3702911 0.0363027
0.7534698 0.09950461 -0.06046238
-0.6130704 0.6155636 0.1968525
-0.1720383 0.5667971 -0.1012825
0.3194668 0.3942477 -0.07827518
0.2133047 0.8121123 -0.3370301
0.3082032 0.4016927 -0.03660177
-0.2342551 -0.3430527 0.2551548
-0.07964647 0.8524631 -0.105997
0.4612972 0.3818427 0.1110844
-0.4127778 0.5854419 0.3309498
-0.3878292 0.8110778 -0.5239684
0.3091738 0.4027487 0.1012287
0.2562368 0.3979276 0.0972502
0.06779443 0.9570575 -0.2171723
0.06667447 0.9730782 -0.2255774
0.002409741 0.3394867 -0.04146562
0.2104461 0.8123578 -0.3583841
0.3745585 0.3414278 0.2482323
0.4168506 0.3755282 0.1864742
-0.458227 -0.6297535 -0.0896455
0.6300601 0.217133 0.2346861
-0.4899381 0.6568531 -0.06785416
-0.3769388 0.800326 -0.5356267
0.2781348 0.394173 0.1361504
0.7600403 0.06978814 -0.08162441
0.7501632 0.1147041 0.003343694
0.1047853 0.3667606 0.07351758
-0.3994449 0.7196352 -0.7073549
0.1741486 0.3487024 0.2075509
-0.05251129 -0.6179565 0.2503656
-0.06062836 -0.6261802 0.2368833
-0.6096891 -0.1380669 -0.01431977
0.2430212 0.3615234 0.2162759
-0.3102955 0.6311257 0.2449364
-0.3985595 0.6495146 -0.08138976
-0.3682991 0.7090328 -0.2927327
0.03683004 0.348553 0.01786059
-0.1922404 0.4198256 0.1218255
-0.6119183 -0.1095878 -0.02529544
-0.2846323 -0.4129814 -0.001914814
-0.3873705 0.6818337 -0.2017168
0.2169206 0.3223991 0.2661625
-0.01096586 0.04003972 -0.3458084
-0.4456301 0.6787297 -0.1144128
-0.01811231 -0.6260095 0.1310838
-0.6342537 0.09391531 0.005914283
-0.271918 0.6420376 0.08806647
0.7922206 -0.1230914 -0.07076607
-0.06935339 0.6417387 -0.1778562
-0.6514373 0.4580432 0.04668105
-0.6432454 0.4280173 -0.04925205
0.4457884 0.04336762 -0.3429072
0.435442 0.03452517 -0.3548642
-0.5863405 -0.1125424 0.2074442
-0.327895 0.6415682 0.2385366
0.1856362 0.3766802 0.149302
0.7943645 -0.2191952 0.1263373
-0.6527811 0.4281452 -0.02795136
-0.5515895 0.3310602 0.4602473
-0.5621493 0.3464944 0.4624552
-0.5693811 0.3740883 0.4613779
-0.361174 0.6419523 -0.4420935
-0.5614346 0.4215428 0.4507969
0.2983688 0.3862799 0.1743359
-0.6104251 0.5158653 -0.01757301
-0.6671061 0.2117678 0.05856336
-0.6759911 0.2258793 0.04780103
-0.6173903 0.1659558 0.04798235
0.6840106 -0.1005748 -0.284093
-0.01395243 0.3450652 0.04632907
-0.427284 0.7000732 -0.1701017
-0.3081515 0.660341 0.07476554
-0.07286268 -0.3815476 -0.2118498
0.2133687 -0.08533254 -0.4990625
-0.6400883 0.07977184 0.01663396
-0.5408485 0.31585 0.4523648
-0.5509603 0.3919757 0.4675751
-0.4468354 -0.5750245 -0.0875229
0.511909 0.02662142 -0.3401446
-0.3574408 -0.6177645 -0.1869439
-0.4526379 0.8751825 -0.5632739
-0.2507346 0.4456488 0.2215664
-0.4676028 0.9325995 -0.6775745
-0.6485574 0.03714912 0.03809464
-0.5512482 0.6000654 0.2920924
-0.650008 0.2244714 -0.02699139
0.1458614 0.3506435 0.1819516
-0.2205382 0.7175873 -0.01460776
-0.2938373 0.670986 0.01773259
-0.2503293 0.6448427 0.03407343
-0.3648219 0.8093072 -0.602142
-0.6432347 -0.04921626 0.05981133
-0.612185 0.151055 0.01610064
0.1107158 -0.5871202 -0.1097622
-0.2907441 0.6274033 0.2208945
-0.260505 -0.5190901 0.12622
-0.269966 -0.4731608 0.2998788
-0.5299795 0.3620566 0.4739428
-0.5297129 0.4366784 0.4545088
-0.5295635 0.4811144 0.4272242
-0.5297129 0.5261478 0.391972
0.01566799 -0.2130833 0.3641115
-0.5396113 0.5753728 0.3350884
-0.6726525 0.5170707 0.09944747
-0.6181902 -0.1226221 0.06017398
-0.04060765 -0.4568627 -0.217279
-0.3877438 0.7934144 -0.4474054
-0.5445178 -0.2438557 0.02881493
-0.5437072 0.6299953 0.2428352
-0.4260894 0.7985129 -0.3699464
-0.005931341 -0.5461293 0.4556927
0.4040616 0.3163086 0.2722743
-0.2657955 -0.2095742 -0.2787491
-0.2552358 -0.1934786 -0.2893621
-0.3095275 -0.0395846 -0.3223425
-0.04162093 0.3407345 0.1149777
-0.5195052 0.3314015 0.4641511
-0.5192492 0.3771814 0.4744548
-0.5192385 0.4072073 0.468055
-0.5179266 0.6768206 -0.2320092
-0.5100121 0.6570452 -0.01261316
-0.6980918 0.3564888 0.1323425
-0.6954786 0.2695475 0.09014641
-0.6493787 0.4885063 0.2595813
-0.6602796 0.4583203 0.08913311
-0.5679091 -0.1986519 0.04992362
-0.1002218 0.6034146 -0.1223378
-0.3888105 0.7504183 -0.725477
-0.6356617 -0.007116244 -0.01499175
-0.4946207 0.9144241 -0.6597936
-0.2400363 0.5265956 -0.08614694
-0.6159076 -0.137203 0.0496463
-0.4175243 0.4170736 -0.1852053
-0.4705787 -0.03576608 0.3449761
0.1738712 -0.3687374 0.4757881
-0.5086895 0.3467611 0.4695163
-0.5086042 0.4370304 0.4551061
-0.5085936 0.4814877 0.4289095
-0.5083482 0.5703171 0.3550771
-0.5649758 0.2109145 -0.1097516
-0.04012764 -0.633572 0.1525979
-0.3409826 0.8295946 -0.7441431
-0.2342764 -0.4767234 0.1151483
-0.09258473 0.2904428 0.2193799
-0.6652609 0.2253035 0.005199639
0.2651965 0.4008288 0.008666201
-0.6398002 -0.03577673 -0.01472509
-0.0746866 -0.05186151 -0.3522722
-0.481341 0.4321879 -0.1748163
-0.4980232 0.2565345 0.4648125
-0.4022821 0.6622397 -0.6525832
-0.4981405 0.2866989 0.471543
0.07907943 0.7204992 -0.2436995
-0.3109568 -0.5619475 0.3986385
-0.4979699 0.4071327 0.4655378
-0.4871435 0.5850579 0.3414562
0.2123874 0.2233408 -0.2781625
0.002388408 -0.4694597 -0.3451471
-0.00100349 -0.4549854 -0.3334888
0.1705007 -0.07022899 -0.505153
-0.4008315 0.4995564 -0.1787095
-0.07865448 0.613505 -0.1008238
-0.05526317 0.6300379 -0.1004932
-0.6623809 0.3990367 -0.01713569
0.4071122 0.3982475 -0.03046862
0.6757335 -0.5989171 0.1128657
-0.2598223 0.7094702 -0.01613305
-0.3851413 0.2167917 -0.2217375
-0.1464818 -0.6280682 0.3327631
-0.08324101 -0.45778 -0.2091086
-0.3946556 -0.07274631 -0.293554
-0.4872181 0.3619819 0.4687057
-0.4764878 0.362014 0.4665617
-0.4872928 0.5258063 0.3979664
-0.4765732 0.5708077 0.3580956
-0.6181902 0.1075683 -0.02623408
0.7875274 -0.1980438 -0.08156041
0.005801639 -0.5952905 0.146902
0.002345743 -0.5948639 0.1265613
0.7085752 0.07837446 -0.1876479
0.5223834 -0.6240469 -0.1325775
0.2464771 0.3837733 0.1710293
-0.6765245 0.3713578 0.2177159
0.3050566 0.3495878 0.2389633
-0.5933269 0.5746689 -0.03941768
0.271863 0.3762429 0.1956792
-0.08334768 -0.4276262 -0.20641
-0.4767118 0.2868482 0.4769188
-0.4765092 0.3168634 0.4767161
0.3874115 -0.3989124 0.4691323
0.3554125 -0.2625752 0.5000007
-0.4241267 0.5790422 -0.4266167
0.6740375 0.1973789 0.1902927
-0.528177 0.8777105 -0.5868892
-0.3496863 0.6925746 -0.3886231
-0.6272246 0.5310329 0.01356205
0.3983231 -0.3075978 0.4941236
-0.03505046 0.2803844 0.2132147
-0.4430062 0.8441862 -0.4983692
0.9378269 -0.2449118 0.06718177
-0.6410375 -0.06381854 0.03854263
-0.3659845 0.750141 -0.7293062
0.4144187 0.3927864 -0.05800912
-0.3620912 0.592439 -0.2818851
-0.01370709 0.717406 -0.2448728
-0.5014898 -0.2771028 -0.03521514
-0.4660135 0.09797924 0.3115371
0.01806794 0.7813827 -0.2797411
-0.460947 0.5104361 -0.1777922
-0.0884355 0.7488504 -0.2418009
-0.2546705 -0.291033 -0.2142818
-0.1293197 0.7982994 -0.2100045
0.3233814 -0.4277009 0.4763534
-0.2174663 0.5293475 -0.03679376
-0.2212529 0.5139027 -0.02610608
-0.4416195 0.5704877 -0.3787355
-0.4656189 0.4476648 0.43628
0.7442007 0.1140108 -0.07106473
-0.6403441 0.09452334 0.0696777
-0.3526729 0.7586206 -0.6980965
0.2051983 0.9100081 -0.4009001
0.2001851 0.9035977 -0.4099985
0.9125796 -0.3510739 -0.08211506
-0.6335497 0.5166439 0.02508171
0.381545 0.05033273 -0.3503096
0.7584616 -0.2831719 0.2004257
0.3654921 0.04455153 0.4466157
-0.3159274 -0.4830486 -0.02249019
-0.2123358 0.4324545 0.1613336
-0.04066096 0.903011 -0.1682885
0.370868 0.4033141 -0.02846335
-0.3995088 0.5715116 -0.3702984
-0.681815 0.3118181 0.004506317
-0.4662055 0.1427565 0.3045399
0.06483986 0.6783245 -0.1638833
0.01750264 0.8445167 -0.2926047
-0.4552405 0.2718832 0.4750735
0.3873581 -0.3684387 0.4765775
0.3554978 -0.3211654 0.5079685
0.3445861 0.2497614 0.3270353
0.3128644 -0.1866201 0.5252053
-0.4555818 0.4963138 0.4093261
0.8240383 -0.4778967 -0.1227752
-0.4556245 0.5404192 0.381551
-0.2190236 0.5139666 0.005839619
0.7938845 -0.0329501 -0.03910836
0.8714502 -0.4286609 -0.1127701
0.05108028 0.6909428 -0.2092686
-0.03411182 -0.391638 -0.2265374
0.7183455 -0.4053335 0.2402006
-0.1045523 0.8668734 -0.160694
0.1698607 0.3850746 0.06594448
0.3200108 0.384104 0.1822183
-0.4320732 0.5197586 -0.2042447
-0.3634886 0.569325 -0.2393796
-0.4461954 -0.06492784 0.3518665
0.1772418 0.8291678 -0.3691251
-0.2628089 -0.3302959 0.2307395
-0.2549478 -0.3451861 0.2156786
-0.4446594 0.1578068 0.303228
0.4085735 0.04447685 0.4288029
0.2487916 -0.4758701 0.4417198
-0.4525205 0.2278526 0.4538581
0.4180132 -0.5056292 0.3999825
0.1875775 0.8533379 -0.3915884
0.3874115 0.1306183 0.3543945
0.3979391 0.1599614 0.3392802
0.865029 -0.4000858 -0.1290897
0.8568586 -0.2881104 0.1979405
-0.2082719 0.4651255 0.01650596
0.8807299 -0.2648045 0.1742612
0.7068259 0.1725797 -0.07116073
0.7993991 -0.1372777 -0.0390017
-0.3264443 -0.5725179 0.114935
-0.3748269 0.691156 -0.6020354
0.04741105 0.3119782 0.1786451
0.3327145 0.4067699 0.0792774
-0.02173886 0.05498325 -0.3394406
0.3711026 0.4028553 0.1085352
-0.4338971 -0.0351474 0.356005
-0.4445314 0.01006726 0.3544585
-0.1620226 -0.3256347 0.333723
-0.4383236 0.5989241 -0.5313495
-0.3583474 0.7972009 -0.7471297
-0.3450571 0.7984808 -0.7416899
-0.4338011 0.286795 0.4726309
0.7410648 -0.3165362 0.2229211
0.2487383 -0.02467301 0.5105391
0.03463277 -0.6169325 0.4724176
0.4299915 -0.01248136 0.468087
0.3663561 -0.3530472 0.4966302
0.3447247 -0.4751128 0.4536661
0.3447247 -0.5262153 0.3948946
-0.4661521 0.5448991 -0.2640083
0.8039429 -0.1816923 0.03556672
-0.05562583 -0.6353959 0.1318092
0.7562323 -0.5603902 -0.07008342
-0.3735256 0.6746338 -0.548821
0.7971058 -0.07767414 -0.01781833
0.4087442 0.1450925 0.346096
0.7178975 -0.4804993 0.246899
-0.6533039 0.4152284 0.2599866
-0.6560878 0.4439847 0.1425928
0.3579617 0.4073353 0.01241009
-0.6479067 0.4884209 0.2382699
-0.4232414 0.02526678 0.3558877
-0.4234548 0.1581694 0.3060013
0.4514415 0.2338685 0.3022147
0.215566 0.8441862 -0.3804847
-0.2668301 0.4768479 -0.1105942
0.259426 -0.5100558 0.4075449
0.3020594 -0.05456015 0.5091525
0.3553591 0.293344 0.2880284
-0.2048694 0.5451017 -0.03623911
-0.7026358 0.3271671 0.1217935
-0.3631899 0.7250324 -0.6552818
-0.7010357 0.2984 0.1219535
-0.6046333 -0.1088199 0.1346784
0.7393262 -0.4646171 0.2519975
-0.6445788 -0.04950427 0.01726327
0.06405055 0.3249164 0.1532059
0.08545792 0.3463878 0.1291959
-0.06575889 0.8906487 -0.1924051
0.3416528 0.3968502 0.1437235
0.4057576 0.4025248 0.01463935
-0.3520543 0.8212214 -0.7528042
-0.4125751 -0.004598918 0.3600263
-0.3987941 0.6506026 -0.6335758
0.9018279 -0.4409699 -0.06027039
0.3126937 -0.291577 0.5072858
0.3128004 -0.2620738 0.5068165
0.9525252 -0.3325998 -0.007397315
0.2807054 -0.1278273 0.5188909
0.2915424 -0.3508392 0.5014194
0.2595113 0.2644809 0.3214888
-0.1921657 0.5481097 -0.05034002
0.4404339 0.04441288 0.4235977
0.3879661 0.08759018 0.4019984
-0.1715264 0.561304 -0.06631821
0.3660894 -0.4433804 0.4716816
0.3553378 -0.4429965 0.4738255
0.3553804 -0.5563797 0.3948306
0.7711759 -0.2143633 -0.1241618
0.7929993 -0.2743828 0.1767891
-0.3686191 0.7178539 -0.7024271
0.312811 -0.4599026 0.4649404
0.2913824 0.1911818 0.357989
0.9343604 -0.4228584 0.03549205
-0.2566544 -0.4737475 0.2753355
-0.2847923 -0.4822486 0.3186942
-0.4618963 0.6003748 -0.5241497
-0.4020367 -0.03362209 0.3752258
-0.4021008 0.05524989 0.3512159
-0.4019194 0.1585001 0.3113984
-0.3950503 0.5411872 -0.2531179
0.3343357 -0.1879641 0.5073285
0.3127044 -0.3821236 0.4878837
0.3338771 0.1910965 0.3564957
0.280652 -0.09813222 0.5193601
0.2698577 -0.5249566 0.4060836
0.4243703 -0.4424098 0.4476077
0.4195598 -0.4282982 0.4592766
0.3770865 0.07331865 0.4063502
0.3129284 -0.1427602 0.5175362
-0.3960316 0.5683542 0.3308538
0.7884447 -0.1680501 -0.0921521
-0.237135 0.4948419 -0.07602458
0.7816822 -0.1537465 -0.1134208
0.9283872 -0.3643002 -0.06022772
0.733129 0.06858279 0.1952739
0.03826999 0.3483717 0.04966763
0.002111083 0.3271777 0.115223
-0.3530249 -0.5085732 0.3076439
-0.3912851 -0.1088092 0.3735619
0.03550741 0.02644004 0.3731565
-0.391189 0.09988853 0.3436641
0.3447568 -0.2476957 0.5016753
0.237528 -0.5386416 0.4226591
0.5544891 -0.02070513 0.4146273
0.3342931 -0.158077 0.5110724
0.4723902 0.08823016 0.4048463
0.280748 -0.3678308 0.4829879
0.270039 -0.3830623 0.4793186
0.3767451 0.05867377 0.4187125
0.3767558 -0.1878468 0.5081178
0.3767664 -0.2175526 0.5080538
0.3766918 -0.02616637 0.4873185
-0.2224795 0.513828 0.03776398
0.779005 -0.07912476 -0.1242151
0.7341104 0.1444098 -0.01746635
0.7833356 0.02632277 -0.02855934
-0.02838401 0.3074449 0.1674134
-0.02434145 0.646944 -0.1662192
-0.3805334 -0.06305056 0.3842069
-0.3804907 0.04048767 0.358373
-0.3804587 0.085361 0.3528905
0.09650823 -0.5955572 -0.2834744
0.5366017 -0.03047557 0.4201205
0.3642122 -0.5817869 -0.1829227
0.5650594 -0.5512279 -0.1667099
0.7737892 0.0556659 -0.02852735
-0.07305467 0.667946 -0.2055994
0.3978538 -0.4445004 0.45693
0.4241677 -0.3969285 0.4664551
0.3764465 -0.5070585 0.4218804
0.3766384 -0.5416281 0.3902547
0.270071 -0.3366103 0.4995741
0.2594047 -0.3213468 0.50463
0.4086055 0.002014216 0.4627858
-0.2991172 -0.3973018 -0.03423384
-0.3111488 -0.3820489 -0.02369549
-0.5928257 -0.1244354 0.1457287
0.1736366 0.3726269 -0.07318733
0.3842009 -0.05836802 -0.4455388
-0.5021617 0.3069863 -0.1733763
0.3721693 -0.625711 0.1527365
-0.3699097 -0.1704713 0.3503093
-0.5574561 0.2567584 0.4247817
-0.369867 -0.1235927 0.3730393
-0.3697924 -0.03282217 0.3866708
0.291361 0.03279725 0.4782094
0.7999751 -0.1671114 -0.02836735
0.5364417 0.02856266 0.4065422
0.6647684 -0.5131596 0.2264196
0.3234027 -0.09827086 0.5193921
-0.394325 0.5571441 -0.3065883
0.2592127 -0.171282 0.5295465
0.3980245 -0.4765528 0.4395865
-0.07401464 -0.1618529 -0.3027377
-0.02478944 0.7809346 -0.2681361
-0.01470973 0.3458331 0.01462868
-0.3590834 0.01164587 0.3785857
0.6755947 -0.4659077 0.2415445
0.3447781 -0.3061899 0.5092911
0.3126617 0.1016378 0.3754711
-0.1779475 0.2894615 0.1990178
0.2919903 -0.5933493 0.1073086
0.2171446 0.07178276 0.4133687
-0.6592129 0.4879196 0.1315638
-0.6610369 0.3861306 0.3240807
-0.6597463 0.4875355 0.07818943
0.02474507 0.2756593 0.2301635
0.5789044 -0.5878347 -0.1267857
-0.5132441 0.3539608 -0.1752856
-0.5134467 0.3695871 -0.1742936
0.5019787 -0.6230977 -0.1980689
-0.3703577 -0.3415702 -0.1148501
-0.3485237 -0.04744568 0.3904574
-0.3485877 0.05585786 0.3614449
-0.3485664 0.07081211 0.3599623
-0.348577 0.115024 0.3437814
0.4315701 -0.03696064 0.4799267
0.3656948 0.03129325 0.4610366
0.8677384 -0.302734 0.203615
0.3556791 0.1010938 0.3752045
0.2487383 -0.3516712 0.4986568
0.3874968 -0.05505076 0.4993607
0.2592447 -0.4277009 0.4796067
0.85704 -0.3316291 0.2198385
0.4513989 0.2636062 0.291303
0.2914464 -0.17141 0.5297598
0.06501052 0.7379279 -0.2582484
0.1429602 -0.6308202 -0.3015324
-0.4632509 0.8614016 -0.5210459
-0.5123801 0.1362075 -0.182496
-0.1287117 0.1598654 -0.3025991
-0.3378893 -0.1393149 0.3651781
-0.3379213 -0.01760128 0.3884735
-0.3484597 0.2030215 0.2956229
0.291361 -0.4423245 0.4833612
0.3765531 0.249388 0.3189395
0.3553058 0.1307462 0.3555784
0.3615243 0.08609696 -0.3246571
0.2806734 -0.3061686 0.5104858
0.5259566 -0.07444222 0.4334001
-0.416127 0.4878556 -0.1783682
0.268983 0.08114778 0.3755138
0.3234667 -0.491187 0.4378799
-0.4036687 -0.2802387 -0.1634993
-0.327319 -0.06261326 0.3858175
-0.3272657 -0.03265144 0.3875774
-0.3272443 0.1589374 0.3181928
-0.05961507 0.6242887 -0.1208979
0.3020487 -0.4265702 0.4894411
0.1869695 0.9486843 -0.3983509
0.1780418 0.9563961 -0.3960682
0.3875501 -0.5270365 0.3903614
-0.3937489 0.605612 -0.4653782
0.3444687 0.01773631 0.4791054
0.3020487 -0.4756568 0.4485676
0.270135 0.308149 0.2890417
0.7450967 0.0687428 -0.1241085
-0.4892554 0.6021241 -0.4080039
-0.4872928 0.6163743 -0.4130704
0.7502698 -0.3321305 0.2153053
0.7398701 -0.3610896 0.2271556
0.7606695 -0.4341327 0.2535015
0.2150967 0.8281866 -0.3586187
0.2057529 0.8140004 -0.3674398
0.00652695 0.3382493 0.08529324
-0.4017594 -0.5732645 -0.1571635
-0.5122308 0.09074749 -0.2025914
-0.3165886 -0.1845722 0.3611356
-0.3165567 -0.09367365 0.3746072
-0.31645 -0.04832035 0.3821483
-0.316578 0.01194453 0.3837589
-0.3165886 0.0859689 0.3602929
0.2487276 -0.2769641 0.5050246
0.3554978 -0.1586957 0.5021979
0.3660361 0.1455938 0.3491999
0.3126191 0.2789552 0.3119318
0.302006 -0.3209948 0.5107418
0.2488557 -0.4432418 0.4698363
0.3343144 -0.2328161 0.5049073
0.7668027 -0.5688593 -0.0155464
0.301846 -0.5853175 0.4051449
0.01452671 -0.4796567 0.4171872
-0.3145087 -0.5200821 0.3705113
-0.4243934 0.680991 -0.1381027
-0.5670984 0.4149936 -0.1306576
-0.3058903 -0.2157073 0.344624
-0.3058476 -0.09348162 0.3771671
0.02429708 0.6605223 -0.1483744
0.7306331 0.09834193 -0.1237885
-0.4395823 0.6416855 -0.6168083
-0.1368501 -0.3964271 -0.216543
0.115601 0.7036677 -0.2052474
-0.5565068 0.4463527 -0.1291856
-0.2952559 -0.184391 0.3623515
-0.2952666 -0.1381736 0.380271
-0.2953092 0.0119659 0.3827243
-0.2952666 0.04112765 0.3659247
-0.2952347 0.2027547 0.2885618
-0.2846003 0.2181144 0.2832606
0.2913503 -0.01039083 0.5013554
0.712991 0.127205 -0.1135488
0.9555969 -0.302734 0.07801879
0.2913824 -0.4116907 0.4907104
0.4086588 0.2935787 0.2881991
-0.0515193 -0.3968858 -0.2091726
-0.4908873 0.04647147 -0.2364464
0.7610109 -0.3320238 0.2123294
-0.284419 -0.5277725 0.3859455
-0.2211355 0.5765995 -0.1231272
-0.2843763 -0.1225474 0.3860095
-0.2846536 -0.01762258 0.3882815
-0.2845576 0.07130273 0.3650181
-0.2845789 0.08597955 0.3602929
-0.2924933 0.2341885 0.2906524
0.4301729 0.1026191 0.4008677
0.4620225 0.1598761 0.3407629
0.3340584 -0.3828169 0.4818253
0.5045706 0.0140991 0.41243
-0.3886825 -0.5071225 -0.03378585
0.712415 -0.5982664 0.02189247
-0.3747949 0.5432993 -0.2261747
-0.5134574 0.416135 -0.1645019
-0.3986555 0.6302939 -0.5472957
-0.2739232 -0.1377043 0.3838229
-0.2739232 -0.04803234 0.3843456
-0.2739339 0.04118097 0.367034
-0.2739232 0.1594388 0.3226301
0.4616705 0.02949065 0.424003
0.3981205 -0.3839689 0.4705723
0.238136 0.2054748 0.348304
0.4726889 0.2188822 0.3085718
0.5043359 -0.02276372 0.4167286
0.2487703 0.1909898 0.3566557
0.7716772 -0.3032887 0.1969165
0.7827595 -0.2744575 0.1769918
0.9109051 -0.4549427 -0.01765834
-0.2632782 -0.5414255 0.3947453
-0.116008 -0.5057892 -0.3216918
-0.1018858 -0.5098317 -0.3394193
-0.2736566 -0.4866431 0.3345977
0.7825675 -0.259738 0.1685547
-0.09453668 -0.3181575 -0.2411076
-0.4047033 0.925453 -0.6844436
0.1382136 0.1460951 -0.3239745
-0.4787492 0.6695247 0.06042998
-0.502823 0.4630456 -0.160086
-0.5547574 0.2429242 -0.1316816
-0.2632143 -0.1999212 0.3540745
-0.2631716 -0.07749276 0.3904787
-0.2632569 -0.03307816 0.3830016
-0.2632569 0.01137923 0.3733699
-0.2632889 0.0558898 0.3616796
-0.2632782 0.1738916 0.3092225
0.2487703 -0.05420817 0.5140163
0.2700177 -0.1859481 0.5327997
0.23804 0.2648648 0.3158036
0.2807373 -0.2618392 0.5107524
0.4075175 -0.2088595 0.5006621
0.6165246 -0.2880891 -0.3069083
0.6305508 -0.2566447 -0.305703
-0.149287 0.5789782 -0.05730515
0.313291 -0.5407962 0.3985425
-0.2638222 -0.4781954 -0.162134
-0.2525906 -0.1537359 0.3719086
-0.2526119 0.07069469 0.3574664
-0.2526332 0.1146934 0.3395256
-0.2525373 0.1447085 0.3295312
-0.0620683 -0.41248 -0.205098
0.4405832 0.08842219 0.4112354
0.5261913 0.1888351 0.3077825
0.01156146 -0.5857868 0.2545468
0.3020381 -0.5100558 0.4073528
-0.2050507 0.4566672 0.06128328
0.4300555 0.1598761 0.3357177
0.3447568 -0.06902378 0.5133017
0.5475667 0.1334555 0.3295846
-0.2318765 -0.4737155 0.30358
-0.404266 0.836261 -0.5453864
-0.6701994 0.5612293 0.1418568
0.1329978 0.7092462 -0.2036474
-0.1200292 0.6849269 -0.2090552
-0.2419029 -0.1080839 0.3832149
-0.1106642 0.6099957 -0.06453693
-0.1694037 0.5758209 -0.1220605
0.5260313 0.1594601 0.3276646
0.3340371 -0.04016055 0.501494
0.3340798 0.072892 0.3990545
0.3341331 0.08658758 0.3796203
0.3980885 -0.1734472 0.502742
0.3233067 0.2059973 0.3527732
0.4300342 0.1894005 0.3245181
-0.2419136 0.6864309 0.007407572
-0.174609 0.5628292 -0.04495352
-0.2312579 -0.5007974 0.3475147
-0.2308419 -0.4611612 0.2928176
-0.583002 0.2209195 -0.1027224
-0.06263363 -0.30219 -0.2525099
-0.2133171 0.1755556 -0.2916981
-0.1206905 0.7165846 -0.2195296
-0.2312472 -0.2151847 0.3514719
-0.2312472 -0.1995371 0.3611143
-0.2312365 0.04168223 0.3750018
-0.2313006 0.173753 0.3103211
-0.3767575 0.5616239 -0.2756132
-0.3712003 0.5349688 -0.196149
0.7863647 -0.003383057 0.06728844
0.2488236 0.3226231 0.2715703
0.3555084 -0.08375391 0.5149443
0.7930846 -0.4206185 0.2509629
0.7926899 -0.3745291 0.2462804
0.7926793 -0.359991 0.2408299
-0.2312792 0.6710501 0.01433003
0.5319404 -0.6152472 -0.1123542
0.5468733 -0.6043889 -0.1178473
-0.2040054 0.2650036 0.2317528
0.6424438 -0.5875468 -0.106509
-0.4279879 -0.1531172 0.3366563
-0.2142664 -0.4298555 0.2831326
-0.4141324 0.6080225 -0.5273176
-0.5159106 0.6269553 0.2682957
-0.2203249 -0.3114057 0.2860125
-0.3082369 -0.2251363 -0.272968
-0.237519 0.5542002 -0.1040557
-0.4697894 -0.6186285 -0.02555143
-0.2205916 -0.1686261 0.3735192
-0.2206769 -0.09239369 0.3890281
-0.2205382 -0.0183799 0.3771458
-0.2205916 0.01210448 0.382863
-0.2205809 0.07113206 0.3642288
-0.2206022 0.11464 0.3347044
0.09946281 0.2918508 0.2518162
0.3232214 0.1613373 0.3607089
0.7180468 -0.5120183 0.2339074
-0.5547895 -0.2283255 0.07141631
0.5375296 0.2039495 0.2977775
0.0290756 -0.4396686 0.3274939
-0.2099359 -0.123518 0.3761538
-0.2099999 -0.06268787 0.3895934
-0.2096799 -0.01849725 0.3752472
-0.2098292 0.02700541 0.3797164
-0.2100105 0.1594067 0.3226941
-0.2097012 0.2467321 0.2472937
-0.3489504 0.8094564 -0.6873235
-0.1993015 -0.5434734 0.3745005
-0.1994295 -0.4732675 0.3168276
-0.1996535 -0.4295248 0.2996761
0.2044517 0.7798892 -0.3051803
-0.1992802 -0.2310135 0.3435788
-0.1992695 -0.2001984 0.3563677
-0.1992589 0.0850943 0.3513226
-0.1992908 0.1740197 0.3143744
-0.04041562 -0.5610729 -0.415161
-0.1984055 0.6869748 -0.00180815
-0.1971789 0.7565728 -0.04135896
-0.2192582 0.5303822 -0.004858725
-0.1887631 -0.5296818 0.3655621
-0.1888485 -0.4585906 0.3127957
-0.4451288 0.790289 -0.3309716
-0.1885605 -0.2152806 0.3515465
-0.1886138 -0.1239234 0.3706819
-0.1886352 -0.09321498 0.381679
-0.1887098 -0.0484803 0.3787457
-0.1881125 0.01128325 0.3710446
-0.1885605 0.0558898 0.3616582
-0.1886245 0.1152161 0.3453601
-0.1886138 0.2319273 0.2603493
-0.2770059 0.5785941 0.1977379
0.1864042 0.9373033 -0.4065746
0.5044106 0.116304 0.3742339
-0.02975996 -0.5759844 -0.4177636
-0.6542531 0.5898365 0.03540673
-0.1886565 0.7333841 -0.02558343
-0.6196302 -0.09375892 0.04936897
-0.5769329 -0.183431 0.09254634
-0.1779475 -0.5436974 0.3718766
0.6513182 -0.1437842 -0.3013724
-0.2394603 -0.612442 0.3994278
-0.1778195 -0.1550585 0.3577544
0.3340477 -0.3357144 0.5099844
0.3340691 -0.3512125 0.50383
0.137659 0.755186 -0.2827064
0.5391936 0.06397493 0.3925906
-0.6488666 0.5606747 0.02453772
-0.1673452 -0.5295965 0.3634075
-0.1673131 -0.4871231 0.3315151
-0.1672278 -0.4429751 0.3189075
-0.1672705 -0.1551012 0.3554611
-0.1672385 -0.1249474 0.358629
-0.1668758 -0.0344541 0.3626716
-0.1670892 0.04090361 0.3622769
-0.1672385 0.1155041 0.348432
-0.4039353 0.5141908 -0.1896958
-0.6702527 0.5756396 0.09918079
-0.1565615 -0.2449864 0.3541598
-0.1565295 0.1153653 0.3469173
-0.4213855 0.549315 -0.3067803
-0.03895435 0.8769637 -0.1255058
-0.1560068 0.7182059 -0.0332632
0.0007991055 -0.6068742 0.4742415
-0.162268 -0.5940106 0.3804203
-0.1458631 -0.5446894 0.3615196
-0.1459804 -0.4574493 0.3260646
-0.1460018 -0.3817823 0.3327951
-0.1568815 -0.3670414 0.3304272
-0.1458951 -0.2756521 0.346096
-0.1457991 -0.1842309 0.3641968
-0.1459378 -0.1252566 0.3545331
-0.1458311 -0.0949216 0.3603249
-0.1457885 0.1300209 0.337627
-0.1458311 0.1740623 0.3119424
-0.1536282 0.3036051 0.1858555
0.1388216 -0.5831628 -0.20673
0.6197031 -0.3479379 -0.3055217
0.8034949 -0.211334 -0.02965798
-0.1459698 0.7494902 -0.04200961
-0.1352821 0.7968489 -0.06277698
-0.3669977 0.5085375 -0.1689071
-0.160732 -0.6160792 0.3749378
-0.1472711 -0.6104047 0.3726766
-0.1352288 -0.5597076 0.3626929
-0.1352928 -0.4868458 0.3335204
-0.1353568 -0.4273916 0.3266513
-0.1352928 -0.2603779 0.3505439
-0.1352821 -0.06502382 0.3589063
-0.1353035 -0.04986702 0.3599303
-0.1352928 0.01017388 0.3551838
-0.1350688 0.1889419 0.2965509
-0.1352715 0.2321619 0.2657785
-0.1353461 0.2758619 0.2251504
0.6046529 -0.4396152 -0.3050843
-0.3365134 -0.4950269 0.2969455
-0.3541555 0.8583297 -0.7539881
-0.3454731 0.860047 -0.7420632
0.9276406 -0.2657965 -0.03722041
-0.6081212 0.6208115 0.0008797687
0.238136 0.1469911 0.3750765
-0.1353888 0.7653406 -0.04946538
-0.13813 0.7345468 -0.04715078
-0.1330528 0.593623 -0.1331429
-0.616057 -0.07911411 0.1557764
-0.6187875 -0.09378028 0.09201302
-0.3514249 -0.5843362 0.1585923
-0.1245731 -0.5158049 0.347888
-0.1245411 -0.3355223 0.3457547
-0.1246051 -0.1691594 0.3661594
-0.1244025 -0.1092891 0.3660101
-0.1246264 -0.004694967 0.358853
-0.1246051 0.05511118 0.3506292
-0.1244025 0.09974989 0.3365177
0.6382733 -0.6097007 -0.06256365
0.3661854 0.1859873 0.348304
0.7745997 0.05601787 0.01402071
0.2032783 0.7842519 -0.3330515
-0.1139281 -0.5311857 0.3462774
-0.1139281 -0.3662414 0.3377869
-0.1139281 -0.2901585 0.3512479
-0.1138321 -0.1394322 0.3632795
-0.1144187 0.08539295 0.3421708
-0.1139388 0.2617078 0.2405419
-0.1067603 0.3059302 0.2023671
0.4197838 0.1305863 0.3711939
0.09489762 -0.5963784 0.4751695
0.2914357 -0.2009344 0.5309865
-0.1136934 0.7971689 -0.06478225
-0.1031764 -0.5316978 0.3428961
-0.1032511 -0.5168182 0.3391843
-0.1032831 -0.2150566 0.3540318
-0.1032724 -0.1545358 0.3625222
-0.1031338 -0.1237207 0.3711086
-0.1033684 -0.04910963 0.370138
-0.1032191 0.1291143 0.3178836
0.7742584 0.04086094 0.07793345
0.824433 -0.5371909 -0.00644801
0.01212676 0.658453 -0.1306256
0.3233814 0.003998122 0.4924703
-0.4030287 0.6319898 -0.5937477
0.4405726 0.2189675 0.3135636
-0.09269139 0.8288692 -0.08565629
-0.09252073 -0.4277222 0.3220541
-0.09255274 -0.3357783 0.3450934
-0.09268074 -0.3052299 0.3496479
-0.09261671 -0.09374826 0.3742445
-0.0924354 -0.0339101 0.3700633
-0.09222207 0.01116584 0.3712366
-0.0925634 0.1734117 0.2987908
-0.09299005 0.7971262 -0.07568326
0.5248047 -0.6259136 -0.1103489
-0.08200371 -0.4873578 0.3278886
-0.08196105 -0.2300536 0.3540638
-0.08209973 -0.09382302 0.3726552
-0.08175841 -0.00337234 0.3770711
-0.08190773 0.05582584 0.3614022
-0.08189709 0.2317246 0.2551868
-0.07091071 0.8449754 -0.09803992
-0.2379777 0.2494093 0.257288
-0.07120937 -0.4583027 0.3166996
-0.07126269 -0.3209521 0.3420535
-0.07140137 -0.170226 0.3525385
-0.07157203 -0.124158 0.3657968
0.9212194 -0.4390286 -0.007066659
-0.06057501 0.261409 0.2389953
0.780605 -0.1091718 -0.09213076
0.291393 0.2208662 0.3488053
-0.0712947 0.8291039 -0.09252542
-0.07053741 -0.4930749 0.337819
-0.0603937 -0.3677347 0.3235687
-0.06067102 -0.26057 0.3473227
-0.06066038 -0.2003371 0.3514505
-0.06061771 -0.07972208 0.3608049
-0.06066038 -0.06437319 0.3627889
-0.06080971 0.129381 0.324262
-0.3440971 0.7918357 -0.7322714
0.9006441 -0.4707503 -0.006938671
0.08165002 0.955596 -0.2340572
0.23804 0.01885626 0.4900597
-0.06056436 0.8292746 -0.1026904
-0.06010573 0.8454768 -0.1030531
0.09849218 -0.6326441 -0.3086362
-0.1814461 0.3391773 0.1697814
0.470897 -0.6280362 -0.2400836
-0.04989802 -0.1407015 0.3491679
-0.04986604 -0.03304614 0.379279
-0.04986604 0.02685612 0.378831
0.8142253 -0.3748918 0.2426218
0.8141294 -0.360055 0.2397846
-0.4089805 0.6307525 -0.6031341
-0.06002036 0.8608469 -0.1109142
-0.6272993 0.4719627 -0.02825002
0.1326565 0.9963309 -0.3167107
-0.4341317 0.5091349 -0.1845973
-0.039253 -0.4443297 0.3042306
-0.03901834 -0.4294715 0.3024387
-0.03930635 -0.3381036 0.3176169
-0.03916767 -0.2616473 0.335451
-0.03926365 -0.08013801 0.3573064
-0.039317 0.0566685 0.3736685
-0.03937032 0.1590334 0.3158889
-0.03945568 0.2031388 0.2826099
-0.03932768 0.2468815 0.2486696
0.8871404 -0.4716036 -0.04922006
0.3661961 -0.1440614 0.5009607
-0.03926365 0.8611135 -0.1198739
-0.02764802 0.8932833 -0.1389773
-0.459283 0.6120971 -0.5513703
0.3337491 0.3240631 0.2654585
0.2744229 -0.592144 0.06399253
-0.02858666 -0.3996165 0.3015001
-0.02866131 -0.2316321 0.3351097
-0.02877865 -0.1561891 0.3443148
-0.02883197 -0.1107077 0.3510986
-0.02856532 0.01202986 0.3814016
0.01408937 0.6854816 -0.2137591
0.1089345 0.7140567 -0.2311346
-0.3560221 0.6757646 -0.2820344
-0.327095 -0.5421081 0.158379
-0.01831499 0.9083015 -0.1546889
0.5407402 -0.5981491 -0.1332282
0.1295312 0.3681471 0.113591
-0.01901893 -0.1407549 0.3533491
-0.0176963 -0.07918872 0.3676741
-0.01764299 -0.06379724 0.3729966
-0.01777099 -0.0334941 0.3753538
-0.01797366 0.07153742 0.3685807
0.2922997 0.08019842 0.379631
-0.1891898 0.5783275 -0.009743911
-0.2002615 0.4319852 -0.01526908
0.3869101 0.01815231 -0.4015508
0.248717 -0.1134064 0.5138137
0.3972245 0.005534007 -0.4094972
0.3972672 0.4050315 0.04193454
-0.02192021 -0.4396045 0.3013934
-0.007349948 -0.4153706 0.2927643
-0.007221986 -0.2319628 0.3311632
-0.008629943 -0.1868975 0.3444321
-0.4097912 0.6888521 -0.6813503
-0.3909757 0.684095 -0.6760598
0.4644332 0.3798907 -0.039823
-0.006688635 -0.1076572 0.3827349
0.437714 0.3927437 0.08719185
-0.00718997 0.01243515 0.3861802
-0.007296633 0.07133474 0.3670234
-0.00742463 0.1595347 0.3203155
-0.2271087 0.5466165 0.02702297
0.9242592 -0.290745 -0.0608357
0.3764465 0.2200555 0.334939
0.713791 -0.5783843 -0.07999246
-0.01197914 0.8767717 -0.1450038
0.7222281 0.1585535 0.08869579
0.003316397 -0.3700386 0.2977881
0.003380395 -0.324088 0.3068866
0.4508442 0.3782055 -0.07504328
0.7533205 -0.4824619 0.247475
0.4635265 0.384872 0.005444964
0.003519041 0.1006245 0.3570824
0.2016784 0.7960169 -0.294482
0.9409521 -0.348482 -0.03941768
0.8494455 -0.5205834 0.01460735
0.006281641 0.9333675 -0.1794988
0.50344 -0.5203808 -0.3369767
-0.3520436 0.757202 -0.7201758
0.7992818 -0.157981 0.1091005
0.0246704 -0.4655344 0.3975292
-0.2869576 -0.3893021 0.02355642
-0.4325638 0.5574108 -0.3448911
0.01390806 -0.3997337 0.3003694
0.01422805 -0.3389249 0.3079639
-0.5245397 0.8320158 -0.4991585
0.01247877 -0.2319308 0.3424802
0.4229091 0.398461 0.06656312
0.01370542 -0.01772927 0.3848895
0.01405739 -0.002924319 0.3830869
0.2715536 0.2499213 -0.2642109
-0.3859412 0.4325932 -0.1805121
0.7903646 -0.4516468 0.2458751
0.1804631 0.2485667 -0.2622803
0.1909907 0.8455088 -0.3206999
0.709727 -0.3981124 0.2415125
0.02478773 -0.5204874 0.4512556
0.02494773 -0.4920616 0.438008
-0.1750462 0.6039267 -0.1468064
0.02358244 -0.292569 0.3296699
-0.3573234 0.6418242 -0.4208355
-0.6871907 0.2849069 0.324646
0.3799663 0.3800721 0.1884901
0.0246384 0.01245652 0.381999
0.02472373 0.02644004 0.3724633
0.02489441 0.08627834 0.368954
0.2292616 0.07174003 -0.3521549
0.02668634 0.9510095 -0.2069966
0.03614739 0.9422418 -0.1895572
0.0356994 -0.4539614 0.3686233
0.03216883 -0.546268 0.4787427
-0.09474998 -0.2714389 -0.2592191
-0.639139 0.0219922 -0.01508775
-0.3249404 0.6497493 0.2081269
0.0281583 -0.003745679 0.390532
0.03552874 0.07184672 0.3771351
0.03519809 0.1601214 0.3336164
0.03508076 0.2182636 0.282418
0.03515542 0.2324712 0.2673677
0.7128204 -0.2644205 -0.2306759
0.05932536 0.9398311 -0.2103245
0.03610472 0.9249304 -0.1872426
0.04549111 0.9562147 -0.2055673
0.05745875 -0.4395725 0.3575411
-0.6768125 0.3260683 -0.006149353
-0.5653064 0.1645052 0.2081162
0.04607776 0.1307569 0.3533598
-0.6873509 0.2991785 0.3139157
0.7682746 -0.08141804 0.1977698
0.280556 0.1320795 0.3763991
0.1657755 0.7348773 -0.2524246
-0.127709 -0.1003295 -0.3210199
0.05679743 -0.4906857 0.4497623
0.05682943 -0.4778221 0.4315655
0.1658395 0.08114778 0.3718233
-0.3663685 0.592567 -0.3241878
0.4834512 -0.6196312 -0.271848
-0.4130871 0.6230087 -0.5814493
0.4066749 0.3930744 0.1367263
-0.3685657 0.6753271 -0.2394863
-0.06173769 0.3191673 0.1709866
0.5686753 -0.5806457 0.2609786
0.1697754 0.7694896 -0.3068976
0.05871738 0.7060142 -0.118274
0.3981098 -0.2780521 0.4923636
0.09597492 0.6956038 -0.1978983
0.06835973 -0.4531721 0.3759938
0.06824242 -0.4226984 0.3751298
-0.5275477 0.8627349 -0.5572261
-0.005803345 0.6895881 -0.2223135
-0.6461894 0.4442728 0.2171506
0.9479173 -0.2737962 0.01377538
-0.2464041 -0.4157012 0.1575044
-0.470984 0.82552 -0.4168676
0.06736776 0.1164214 0.3643782
0.06730378 0.1898059 0.3253393
0.06715446 0.2190743 0.3038146
0.06700513 0.262849 0.2660345
0.7833248 -0.03388873 -0.1029891
-0.6707433 0.5318115 0.1207162
0.07043969 0.6898333 -0.1390413
0.4938189 -0.0738662 0.4422638
0.7198814 0.08240644 -0.1669872
0.08088204 -0.4070402 0.3953639
-0.6399709 0.5439606 0.2404566
0.00676161 0.3437319 0.02255378
0.07806613 0.08708892 0.3767618
-0.05363124 -0.6374972 0.03804132
0.08846582 -0.5188448 0.469463
0.08859381 -0.5046692 0.4620819
0.08861514 -0.4912617 0.4480556
0.08861514 -0.4653531 0.4003877
0.08858314 -0.4511135 0.392196
-0.3799041 0.6253021 0.2837299
-0.5418831 0.1199946 0.2461631
-0.5393659 -0.2443997 -0.003194775
0.9553304 -0.3618895 0.03536407
0.2044517 0.8324744 -0.3831727
0.8247104 -0.3167283 0.2190918
-0.09332073 -0.5630888 -0.3987455
0.9300511 -0.3346904 -0.06043039
-0.1204026 -0.613338 0.3619996
0.09929215 -0.4503776 0.4002597
-0.3950396 -0.6111834 0.3200168
-0.3938557 -0.6198444 0.3099158
0.09944148 -0.1281153 0.5153922
0.09937748 -0.1132463 0.5166935
0.824657 -0.2881211 0.2002551
0.4841125 0.005566023 0.424963
0.2323228 0.08091309 0.3803883
0.1051693 0.9981548 -0.3029084
0.114001 1 -0.2954633
-0.01069921 0.6457921 -0.1431266
0.7087991 0.1715664 0.12702
0.1100118 -0.1889134 0.4950195
0.1101612 -0.08386055 0.5150509
0.1100652 0.1310982 0.3609756
0.1099798 0.204952 0.32663
0.1100225 0.2776965 0.2732983
0.3017714 -0.5553557 0.4046863
0.3556258 -0.1137157 0.5126297
-0.095006 -0.2242191 -0.2809464
0.1207315 -0.478974 0.4163446
0.1210302 -0.4322128 0.4300828
-0.4374491 0.9375166 -0.6802517
-0.4431129 0.936642 -0.6972325
0.1208275 -0.1425575 0.5172055
0.1206888 -0.09821748 0.5197228
0.1206569 -0.06922639 0.5107204
0.1318565 -0.01082813 0.4950729
0.1205608 0.1756943 0.3439841
0.1206995 0.2341779 0.3100651
0.1313339 -0.4644251 0.4110968
0.1310565 -0.4011844 0.4478956
0.1206569 -0.6155992 -0.3828847
-0.3816747 0.6094838 0.2991641
-0.2766752 -0.6136046 0.4024463
-0.1084669 0.6378564 -0.1794455
0.769352 -0.124446 0.1984311
0.1314405 -0.2033663 0.4986035
0.1314085 -0.1278273 0.5190935
-0.2300632 0.5128788 -0.06547557
0.1176169 0.06742018 0.3738819
0.1314512 0.1015418 0.3702873
0.1312059 0.1164534 0.3616156
0.6483636 -0.4904937 0.2456191
0.1420002 -0.4930429 0.4285469
0.1422775 -0.4156906 0.4466583
0.1313659 -0.3704973 0.4549994
0.1317605 -0.3395329 0.4660071
0.1418829 -0.324184 0.4745082
0.1316219 -0.3094112 0.4712976
0.1421495 -0.2633325 0.4892491
0.1420962 -0.1730739 0.5075845
0.1420109 -0.08392464 0.512331
0.1420855 -0.02515305 0.5039153
-0.5099269 0.7877824 -0.3770502
0.1422989 0.1902325 0.3431521
0.1416802 0.2490788 0.3028973
0.1420109 0.2786031 0.2872285
0.8322088 -0.5218527 -0.0489854
0.5079198 -0.6243989 -0.1551689
0.1527305 -0.4789207 0.4163232
0.1528799 -0.4312848 0.4404292
0.1527305 -0.1282966 0.5129177
0.1420215 0.01804568 0.4748175
0.1535732 0.0671108 0.3840042
0.1528479 0.1463724 0.3636742
0.1527519 0.2345298 0.3181609
-0.4433154 0.5928016 -0.5066249
0.5580623 0.1590121 0.3195795
0.1340644 0.9715744 -0.3085509
0.1634075 -0.4937469 0.4186059
0.1635889 -0.4003417 0.4518315
-0.2272793 0.5403765 -0.08368301
0.1526985 0.7326481 -0.204298
0.1609756 0.7322534 -0.2205856
0.149808 0.7519222 -0.2114338
0.005310987 -0.5879201 -0.1106902
0.1632476 -0.279204 0.4800653
0.1623516 -0.2332534 0.490177
0.1634075 -0.1875908 0.511467
0.1633969 -0.03949927 0.511723
0.1629169 0.003987473 0.4895583
0.4742889 0.3808721 0.0397906
0.1736792 -0.4614386 0.4410798
0.1742552 -0.445471 0.448045
0.01355609 0.9088776 -0.1662832
0.1632369 -0.3382423 0.4834999
0.1739992 -0.2789373 0.4821666
0.1744686 -0.2327628 0.4966195
0.1740526 -0.09835613 0.5180694
0.1740846 -0.01020945 0.5039579
0.7753785 -0.2557701 -0.0919281
0.7721785 -0.04979227 -0.1348281
0.1842176 -0.5226101 0.4343814
0.1847083 -0.4939389 0.4161206
0.1743086 -0.3226374 0.4902944
0.1847189 -0.05464548 0.5078511
0.1847829 -0.02499304 0.5073178
0.1847722 0.0041154 0.4973128
-0.3556595 0.8261494 -0.6554525
0.1846976 0.08696085 0.3752045
0.1646128 0.1109389 0.3705433
0.1848149 0.1465645 0.3662554
0.7345796 0.1442925 0.01403137
0.1950439 -0.3993177 0.4682897
-0.2478974 0.6120437 0.06982703
0.1953319 -0.2780628 0.4923743
0.1954173 -0.2174032 0.5088859
0.1953319 -0.172146 0.5207361
0.1953959 -0.1274966 0.524384
0.1840683 0.07461998 0.3843456
0.1954493 0.2790512 0.301788
-0.215813 0.6047481 -0.1375161
0.5680567 -0.5646461 0.303292
0.1867775 -0.5483372 0.4399492
0.2060836 -0.4606813 0.4471063
-0.2846216 -0.4759234 0.2919963
0.2061049 -0.3365144 0.5009287
0.2060516 -0.1570424 0.5243626
0.2060196 -0.0688637 0.5160643
0.2061476 0.03247723 0.4755428
0.2060623 0.1017018 0.3709807
0.2061156 0.1764515 0.3625329
0.2062756 0.2495374 0.3242514
-0.6497732 -0.02022517 0.09161837
-0.6640448 0.5168893 0.06761909
0.2166113 -0.5091491 0.4143927
0.2164939 -0.4946642 0.4140086
0.2167713 -0.3668174 0.493185
0.2166006 -0.2626925 0.5003314
0.216526 -0.1872601 0.5174295
0.2167606 -0.09818553 0.5193388
0.2239177 0.05353256 0.4529621
-0.3729069 -0.1180569 -0.2984286
0.724052 0.1043151 0.1909861
-0.1390473 0.05364998 -0.3246891
0.8537121 -0.3623909 0.225737
0.2275336 -0.4757421 0.4415278
0.227299 -0.3214214 0.5055366
-0.2216582 0.2646196 0.2436778
-0.2686968 0.5412407 -0.104941
0.227523 0.1320795 0.3749378
0.2274376 0.2352231 0.335355
0.2297736 -0.5465133 0.4270536
0.2380186 -0.3979525 0.4794041
0.2381253 -0.2309281 0.5240321
0.2381466 -0.2158567 0.5278186
0.2380506 -0.1425149 0.5202348
-0.582106 -0.1837402 -0.04624414
0.2534742 0.09512066 0.3728899
0.4219491 -0.5514945 0.3865215
-0.1905444 0.3991008 0.1543045
0.556217 -0.5318898 0.3374776
0.6024023 -0.3513299 0.3686554
-0.02709337 0.7204779 -0.1111915
0.3957846 -0.09442026 0.5029127
0.5202501 -0.3955739 0.4183712
0.470417 -0.1497466 0.479596
0.5003787 -0.3524285 0.4271603
0.7270598 0.03413053 0.2329581
0.06898907 0.7357734 -0.1600327
0.6200978 0.06417761 0.3407735
0.514373 -0.2943822 0.4292722
-0.03657573 0.6889481 -0.0688888
-0.0708147 0.7501623 -0.1186793
-0.03359984 0.7504396 -0.1395107
0.946392 -0.2591194 0.06771509
0.002815062 0.7047983 -0.08696825
0.1633009 -0.6155673 0.4439598
0.1486667 -0.6088687 0.4528768
0.5933146 -0.4575027 0.3164969
0.5071198 -0.4106454 0.4177206
0.748574 0.004702066 0.2077429
0.592024 0.1199413 0.3188222
-0.06440425 0.7658845 -0.1281403
0.1151423 0.7982568 -0.2432942
0.4618199 -0.2944142 0.4657831
0.8812419 -0.3621136 0.2095242
0.8804206 -0.3335917 0.2084895
0.4299382 -0.5223327 0.3800364
0.4501189 -0.1646155 0.4871691
0.1192382 0.9400126 -0.2928394
0.09750021 0.9242158 -0.2680295
0.7307824 -0.3394476 0.2352834
0.7282972 -0.3239067 0.2507709
0.3384103 -0.5861281 0.3967932
0.8694556 -0.436586 0.1917433
0.7875381 -0.06350923 -0.09240808
0.9487385 -0.3772917 0.01403137
0.744734 -0.5749498 -0.04836675
0.1021294 0.9714569 -0.2607763
0.6125354 -0.1633356 0.3848575
0.438354 -0.4744302 0.4111181
0.4348341 -0.06506648 0.4847265
0.4222904 -0.3538578 0.4642045
0.8974335 -0.3335278 0.1956579
0.8691356 -0.4060802 0.2103775
-0.06416959 0.009235246 -0.3469284
0.8704689 -0.458612 -0.09162945
-0.2319939 -0.5066852 -0.1892265
-0.001430144 -0.003596316 -0.3631626
-0.002219453 -0.01751595 -0.3781275
0.0966469 0.6917427 -0.1749123
0.6129833 -0.3806623 0.3461067
-0.1745023 0.5780181 -0.02613808
0.4673771 -0.3822196 0.4353627
0.4593346 -0.09391899 0.4635965
-0.2656462 -0.2409652 -0.2591444
0.677952 -0.1062279 0.3298405
-0.459955 0.7411066 -0.2284573
0.6841599 0.1710437 -0.1360228
0.4687637 -0.3534738 0.4378586
0.4493296 -0.1934466 0.4863905
0.567022 -0.4263463 0.3542131
0.4336821 -0.3968538 0.4616339
-0.3888105 0.9188612 -0.73721
-0.3895038 0.8994697 -0.7418178
-0.5593333 0.1480578 0.2173959
0.426237 -0.1942359 0.4903157
0.5998851 -0.2654551 0.3655834
0.0237531 0.7200191 -0.1129728
0.669995 -0.4432951 0.2588027
0.2139127 0.8609536 -0.3898071
0.792818 -0.01799592 0.01399937
-0.204016 -0.6169325 -0.2359558
-0.4551658 0.3874426 0.4511169
0.4221624 -0.280836 0.4833612
0.04843502 0.8608257 -0.2269427
0.5867335 -0.4563294 -0.3153987
-0.4226974 0.2528119 0.4597139
-0.3439051 0.4789917 -0.1642032
-0.05176461 -0.3494846 -0.2308146
-0.2250074 0.5789353 0.03235615
-0.1779795 0.3040531 0.1841276
-0.1716436 0.7030702 -0.02068758
-0.3004718 -0.4557107 -0.02285285
-0.4287133 0.3130128 0.4704123
-0.4367983 0.3875705 0.4401518
-0.3866665 0.6172597 -0.4743379
-0.381344 0.5755329 -0.340326
-0.09585931 -0.05246954 -0.3450511
-0.4258653 0.2216555 0.4361306
-0.4383663 0.447814 0.4193419
0.5103838 0.2323219 0.2947056
-0.08785956 0.7817986 -0.08697892
-0.4064313 0.1847713 0.3127957
0.5189701 -0.2505223 0.4363973
-0.4349104 0.2132825 0.4314268
-0.4023354 0.2681608 0.4521835
-0.4008848 0.2832537 0.4543808
-0.4048953 0.3280309 0.4487489
-0.4242547 0.4026314 0.4206004
-0.1042324 -0.6328894 0.1957219
0.6871357 -0.3812277 0.2844446
-0.04925803 0.78166 -0.1436172
0.3959552 -0.01869986 -0.4271607
0.5648035 -0.3230214 0.3893694
0.6267216 -0.236592 0.348368
0.4831846 -0.2507995 0.4596393
0.4744702 -0.2220324 0.4659325
-0.4375024 0.1979549 0.4025103
-0.3937703 0.2980799 0.4461144
-0.6493039 0.242167 0.379151
0.6861652 -0.03456073 0.3233234
0.6752747 -0.006188255 0.326726
0.8978282 -0.437418 0.1577071
-0.3888318 0.2679369 0.4345841
-0.4234121 0.5081216 0.3849429
-0.06056436 -0.5503425 -0.4082386
-0.05909244 -0.5356336 -0.4009001
0.7220894 -0.007756225 0.2635172
0.30495 0.04530879 0.4657938
0.7083405 0.09083282 0.2247344
-0.3996475 0.2213036 0.3998118
-0.4164363 0.2051441 0.3936999
0.8449337 -0.4994427 0.1541978
-0.4133751 0.4930288 0.3804417
-0.4218335 0.5382433 0.3685594
0.7282758 -0.1216834 0.2714743
0.690869 -0.3075765 0.3094998
0.5966851 -0.09142303 0.3999717
-0.3777601 0.3273163 0.413294
-0.3830613 0.3573101 0.4054009
0.1196435 0.7056942 -0.1800108
0.9104463 -0.3055392 0.1771944
-0.2523879 -0.5252659 0.3818923
-0.2314285 0.5300837 0.05913934
0.6107647 0.2192343 0.2525202
0.6969061 -0.236336 0.2995588
0.6927569 -0.2069502 0.312849
-0.3767362 0.2518733 0.3966759
-0.3703364 0.282251 0.4061369
-0.4023567 0.5231504 0.3590023
-0.2554278 0.2341458 0.269437
0.1632049 0.9397884 -0.3415099
-0.09648861 0.08446503 -0.3242944
-0.3887998 0.4166257 0.3587037
0.5347137 -0.5771471 0.3442294
0.03443011 0.8133497 -0.2100472
0.1215955 0.7361147 -0.1773549
0.1573917 0.8454021 -0.294546
0.4923043 -0.1634422 0.4736762
0.4522095 -0.05066695 0.4724496
0.9578263 -0.3173256 0.0245804
-0.3566301 0.8760037 -0.6984165
-0.3596594 0.3114982 0.3830656
-0.3866772 0.4617869 0.3439521
0.5017227 -0.3235974 0.4295816
0.6069675 -0.006209554 0.3778604
0.6046956 0.007869953 0.3746605
0.5837682 0.09172879 0.3445174
-0.1462258 0.5940496 -0.04119897
-0.3874452 0.2016881 0.3218515
-0.3688964 0.2349565 0.3506612
-0.3587848 0.3565741 0.3649115
-0.3794561 0.4311213 0.3351097
0.469169 -0.4275623 0.4187872
0.6861545 -0.1636449 0.3224487
-0.07512391 0.06969209 -0.3324755
0.45862 -0.03669407 0.4630312
0.1612956 0.7673779 -0.2324039
0.5173916 -0.2066516 0.4534208
-0.3715203 0.2172824 0.3263313
-0.347553 0.3262284 0.3623836
-0.3758615 0.5225638 0.3218621
-0.3775468 0.5531228 0.3199955
-0.01502972 0.7355067 -0.1314789
0.9188302 -0.2504796 -0.03174858
-0.3299962 0.614305 0.2765622
0.5944239 -0.3367597 0.3759511
0.7260039 -0.280004 0.2664718
0.5430761 -0.4888511 0.3374563
-0.3592434 0.1733904 0.3084438
0.5273219 0.2758085 0.2632399
-0.3731523 0.1857526 0.3048066
-0.3717657 0.2011228 0.3068972
-0.3434892 0.2806191 0.3494132
-0.3687364 0.4459687 0.3129877
-0.3688431 0.5531228 0.3138624
0.05218957 0.7822787 -0.2031461
0.004276334 0.9093468 -0.1578355
0.02412642 0.9264983 -0.1766189
-0.09655261 0.1144161 -0.3109402
0.5816883 -0.2513862 0.3768044
0.41188 -0.324152 0.4870625
0.0009164524 0.8448261 -0.183392
0.6881171 0.03521846 0.2897671
0.6249189 -0.4107521 0.325478
0.569678 -0.3808436 0.3772737
0.1847083 0.7534583 -0.2544726
-0.3391053 0.2646303 0.336283
-0.3306575 0.3110075 0.3491573
-0.3347214 0.3564568 0.3435255
-0.3508169 0.4159963 0.3203368
-0.3642779 0.4914714 0.3009347
-0.3412492 0.5839487 0.2977242
0.4422578 -0.1226114 0.4763001
0.7055992 0.1332529 0.2017591
-0.272014 -0.5841975 0.4089421
0.6742508 0.03566641 0.3069185
-0.3925223 0.5884391 -0.4142757
0.5626809 0.1058617 0.3515892
0.5720246 -0.280132 0.3814123
0.1886655 0.7832171 -0.2675601
0.5852188 -0.5482839 0.2823966
-0.3444598 0.2326419 0.3093931
-0.3573127 0.4609017 0.2919963
-0.3595527 0.4759305 0.2886791
0.8221077 -0.5065465 -0.09029615
0.5116851 -0.3807903 0.4248563
0.1248061 0.722259 -0.1727683
0.4773821 -0.03631001 0.4526208
-0.3408546 0.2169196 0.2956869
-0.3410892 0.538158 0.2977775
-0.3846719 0.140666 -0.2508033
-0.3762668 0.6954119 -0.6770304
0.6722562 -0.1488506 0.3401442
0.5778164 -0.1922733 0.4093048
0.06689847 0.9084294 -0.2372251
0.4668224 -0.4906217 0.3771884
0.05880271 -0.5387162 0.4793933
-0.3020078 0.3265911 0.3344697
-0.3093889 0.3716244 0.323942
-0.3349774 0.5227026 0.2877191
-0.3313616 0.5687917 0.2931696
-0.2377964 -0.5969117 0.4024037
0.08443394 0.9821767 -0.2434542
-0.07712922 0.3439558 -0.1335055
0.4989494 -0.4747075 0.3675247
0.5448041 -0.1776284 0.4369413
-0.3172073 -0.3522259 0.1562351
-0.3081196 -0.3666254 0.1368117
0.5736779 -0.3517032 0.3833429
-0.293272 0.3114448 0.3282939
-0.3344015 0.4759626 0.2691171
-0.326135 0.5991695 0.2821513
-0.0647669 -0.6379879 0.03622804
-0.2325805 -0.5530092 0.3918973
-0.4094392 0.7343442 -0.702331
0.4750035 -0.5052025 0.3702446
0.002708398 -0.5893813 0.4790307
0.0877085 0.751613 -0.1891305
-0.4734052 0.5575814 -0.2528299
-0.307885 0.4312279 0.2887431
-0.3257297 0.5066282 0.2629732
-0.216485 -0.6115887 0.3961959
0.5582756 0.2331752 0.270397
-0.6617409 0.5462325 0.0673951
0.04398714 0.6727459 -0.1379214
0.5169009 -0.4413538 0.3944253
0.5460307 -0.1200729 0.4391386
0.4636438 -0.008524202 0.4516289
-0.3525342 0.769255 -0.7351834
-0.2835017 0.2654089 0.3044546
-0.2877682 0.3865678 0.2990147
-0.3175806 0.5219451 0.2559228
-0.3154793 0.5681517 0.2595493
-0.3125995 0.5989775 0.2644025
-0.3070742 0.6140385 0.2537362
-0.2128691 -0.624015 0.3799403
0.9193528 -0.3340717 0.1709226
0.6757655 -0.2212218 0.3257553
0.5818163 0.03586916 0.3792044
0.5268313 -0.4103041 0.4088675
0.5287725 -0.3090058 0.412462
0.5022347 -0.547132 0.3716846
-0.6070012 -0.1519972 0.08164533
0.5530491 -0.4738862 0.3332324
0.5742112 0.1906164 0.293255
-0.6755859 0.4140871 0.05739006
0.5879707 -0.1201262 0.4060196
-0.2321539 -0.5216394 -0.1948797
0.5325271 -0.3514579 0.4177525
0.4311542 0.3022718 0.2738742
-0.2619236 0.3104529 0.2991001
-0.2989039 0.5528349 0.2461524
0.8147052 -0.4065922 0.2438591
0.600109 -0.04907761 0.3864255
0.5867655 -0.5181835 0.3064599
0.6382092 0.2050801 0.23587
0.6422198 0.1624786 0.2607439
0.50024 -0.05076293 0.4294855
0.4694677 -0.5486679 0.380687
-0.2649529 0.24926 0.2746635
-0.2571345 0.3412786 0.2869725
-0.2756298 0.4312385 0.2604026
-0.2892081 0.4762612 0.2403606
-0.2953839 0.5832233 0.2323608
0.05984799 0.9078002 -0.3130094
0.5939652 -0.5183969 0.2981721
0.9081424 -0.2646338 0.1553924
0.6249936 -0.5209034 0.2490323
0.6040983 0.1628733 0.2990682
-0.4700666 0.581826 -0.3605067
0.70097 -0.1754738 -0.2309853
0.6966928 -0.1907694 -0.2307612
-0.283427 0.5374221 0.2309422
0.08144736 0.8135097 -0.2358598
0.6752747 -0.3074059 0.3243474
0.647393 -0.2647512 0.3406242
-0.5873538 0.6034787 -0.04954005
-0.2532839 -0.5668647 -0.2107938
-0.2412203 0.3259723 0.2726156
-0.2786271 0.5065643 0.2181532
-0.2777951 0.5525469 0.2204252
-0.4218654 0.5726423 -0.3937537
0.9553943 -0.2879931 0.04591308
0.6959888 -0.601573 0.06095263
-0.2659234 -0.1779271 -0.2994525
0.1775511 0.767783 -0.2463021
0.07512221 0.8450927 -0.2447875
0.5781791 -0.09141239 0.4112461
0.5488253 -0.235632 0.423395
0.5689527 -0.06295457 0.4166539
-0.2388523 0.2645556 0.2562428
-0.2405269 0.386216 0.2549308
-0.2700301 0.528505 0.1981432
-0.4202762 0.6642023 -0.1051757
0.1650075 0.7982994 -0.2648295
-0.06699615 0.717214 -0.2378224
0.5791497 0.007955353 0.3940093
0.5296685 0.1194293 0.3599943
0.002751064 -0.4760941 -0.3488057
0.02328378 -0.458036 -0.3688264
-0.22841 0.3561047 0.2536828
-0.2615396 0.4759733 0.2051083
-0.004214043 0.6735779 -0.09727194
0.08353796 0.7055129 -0.1386574
0.6526728 0.1200693 0.2757088
0.8589386 -0.4837526 0.1570457
0.4943202 -0.6251562 -0.2385263
0.8870231 -0.3915633 0.1987085
0.7685627 -0.1965079 0.1968739
0.647521 -0.2217124 0.3411362
0.0921457 0.7208405 -0.1449932
0.1374883 0.9082696 -0.3040284
0.5956826 -0.1633462 0.3979132
0.5872027 -0.2071849 0.3854336
-0.2707341 0.6116597 0.1871035
-0.2191196 0.2952 0.2475284
-0.2215302 0.3253857 0.2440831
0.7034233 0.1871072 -0.04320423
0.492027 -0.2223098 0.4541354
0.7680293 -0.1822789 0.1958605
0.4246477 -0.2518023 0.4872971
0.6612379 -0.3656334 0.3222674
0.6482249 -0.04832035 0.3623409
0.646113 -0.1059186 0.358821
0.6558834 -0.03417674 0.3547251
0.625239 -0.07782343 0.3663727
0.6166419 -0.1065053 0.3725379
0.5798963 -0.5030373 0.3155583
0.5730806 -0.4583666 0.324774
-0.2174876 0.3708671 0.2317315
-0.2229808 0.4006582 0.2243824
-0.07347067 -0.2707883 -0.2660242
0.6324174 0.07786255 0.3214141
0.6216124 0.1060857 0.3055212
0.6259323 -0.2070035 0.3663834
-0.2078346 0.3403721 0.2263237
-0.3737602 0.0496821 -0.2791545
0.6553394 -0.1776071 0.3528158
0.6995301 -0.3518205 0.2840606
0.4317621 -0.3394262 0.459298
0.6008878 -0.2366347 0.3672581
-0.204496 0.2938773 0.2123401
-0.2027574 0.3851599 0.1967992
0.7479873 0.02368816 -0.1454518
-0.3463157 -0.5250206 0.2009378
0.6195431 -0.279428 0.3564211
0.7195828 -0.07873012 0.2775327
0.7068685 -0.1642528 0.2962096
-0.480509 0.09245411 -0.2260894
0.5750432 -0.6260417 -0.06024906
-0.4395929 0.5300195 -0.2297906
0.6045676 -0.6056476 -0.09327206
0.6279696 -0.3224134 0.3495519
0.8153346 -0.4989414 0.1874768
0.7188681 -0.2081129 0.2751435
0.5504252 -0.6250816 -0.08598695
0.7187935 -0.2511088 0.2751222
0.5797364 0.2617397 0.2311022
-0.4168949 0.1098722 -0.2511873
0.7033699 -0.006924284 0.292551
0.4791314 -0.5777124 0.3751191
-0.06763613 -0.6114501 0.4089954
0.6835839 -0.2931449 0.3177129
0.6202578 0.1628733 0.2851059
0.5738378 -0.1484773 0.4228724
0.7398382 -0.07943407 0.2505149
0.9248033 -0.3488446 0.159947
0.115889 0.876857 -0.2794105
-0.3668378 0.5375074 -0.1836693
-0.3647045 0.5245157 -0.1696538
0.7719545 -0.2549594 0.182773
-0.4676454 0.5379339 -0.2332785
-0.4661947 0.5343608 -0.2054927
0.5633315 -0.1775431 0.4264563
0.413064 -0.123102 0.490177
0.8112174 -0.4364153 0.2387926
-0.4920927 -0.2919397 0.006362278
0.5288899 -0.5175862 0.3541598
0.8007857 -0.1072839 0.003493023
0.8082841 -0.2127953 -0.006597339
-0.1412873 0.6530452 -0.1848533
0.06111731 -0.5532118 0.4823479
0.5465 -0.5382255 -0.2301639
-0.01384577 0.781948 -0.1673925
-0.01642703 0.7975208 -0.1711044
-0.01718432 0.8132537 -0.1722137
0.5105331 -0.1489146 0.4626365
0.7352836 -0.03693935 0.2448724
0.7880927 -0.1379816 0.1527045
0.9179875 -0.4544734 0.05694208
-0.5208812 0.7512929 -0.3496697
-0.3632006 0.08108381 -0.2886902
0.1756418 0.9643638 -0.3763142
-0.4524352 0.6133345 -0.5605113
-0.0802544 -0.6296574 0.2546001
0.9241526 -0.4082241 0.1395636
0.4417565 -0.5072718 0.3786284
0.9286752 -0.2921957 0.1472967
-0.2496893 0.6256433 0.05329419
-0.359798 0.8994271 -0.7379673
0.6997967 0.03472778 0.2689784
0.7686053 0.0252988 -0.09237609
0.2053476 0.8441968 -0.3374141
-0.2256367 0.6100492 0.03152417
0.07637019 0.03958098 0.3852949
0.8121454 -0.4668037 0.2210651
0.7456407 -0.282308 0.2197105
0.7496833 -0.2385119 0.2257903
0.6264123 -0.4729475 0.2892978
-0.09877121 0.7171074 -0.2304839
0.9378589 -0.3782091 -0.02851667
0.02880895 0.6895347 -0.1055277
0.2786361 -0.5850722 0.1743678
0.7654587 -0.09515622 -0.1561502
0.2091769 0.8752785 -0.4015508
0.08126603 -0.6098927 0.4762574
0.103612 -0.5365829 0.469143
-0.2426282 -0.5060239 0.1048446
0.7565417 -0.4988348 0.2341421
0.6105408 -0.1205208 0.3822229
0.5014667 -0.1777244 0.468119
0.6658884 -0.06255994 0.3503093
0.1150143 -0.565798 0.4668284
0.4629399 -0.6325268 -0.07673922
-0.4492992 0.1720677 0.3277819
-0.6513199 0.2126745 0.2687224
-0.4684454 -0.1211075 -0.2609043
0.4534468 -0.2800254 0.4725562
-0.2430335 0.5957136 0.06993369
0.6563528 -0.322136 0.3344591
0.6464223 -0.3954139 0.3192915
0.3555617 0.03370381 -0.3969216
0.4065149 0.3230604 -0.1944103
0.736553 0.1138082 -0.09249341
-0.03300253 0.303669 -0.1686191
0.4536815 -0.2512689 0.4729935
0.6637552 -0.0915724 0.3469281
0.4751955 -0.3970992 0.4279496
-0.04324218 0.0852543 -0.3328275
-0.1737876 0.6411203 -0.005370701
-0.1780648 0.6566718 -0.01121587
0.01285208 -0.489139 -0.3682078
-0.05646848 0.8280479 -0.2536832
0.6956048 -0.5721445 -0.1055064
0.791026 -0.2399199 0.1407689
0.9359389 -0.3191921 0.1419529
-0.5791194 -0.1682954 0.1350837
-0.173265 0.67185 -0.02319417
-0.1569134 0.6254941 -0.01859698
-0.1645932 0.6874229 -0.02934865
0.4965602 -0.1209795 0.4613139
-0.1459271 0.6569598 -0.02099691
-0.1537775 0.6726819 -0.03186591
0.1889215 -0.6068528 0.4412612
0.1979345 -0.5924107 0.436536
-0.6516933 0.5021484 0.05711274
0.193732 0.7645298 -0.2719013
-0.1886032 -0.5586302 -0.2249908
-0.2010721 -0.5644541 -0.2192949
0.7645094 -0.1402002 -0.1455585
-0.1395806 0.6879774 -0.04914539
0.1364964 0.1175306 -0.3370301
0.746494 -0.1370536 0.2410645
-0.6654741 0.590071 0.0671711
-0.3924903 -0.3288346 -0.1246524
-0.116008 0.6729167 -0.03372185
-0.4634216 -0.6050503 -0.006000024
0.5153543 -0.4749208 0.3537758
0.5138077 -0.4895977 0.3513332
0.5384256 -0.4257276 0.3879081
0.5964931 -0.5641981 0.2401899
0.7448514 -0.2090088 0.2384299
-0.1246797 0.7033477 -0.06532624
-0.1257251 0.7187285 -0.06695819
-0.6032361 0.3678165 -0.1227858
-0.1045204 -0.4722116 -0.218527
-0.09729926 0.6877002 -0.04497485
-0.2612623 -0.4192958 0.02882559
-0.08710223 0.6729593 -0.04822809
0.2515756 -0.5899574 0.4204618
-0.3636912 0.1871925 -0.2500033
-0.2321645 0.4475688 -0.08968817
-0.07683055 0.6415042 -0.07151271
-0.06606819 0.6889908 -0.05516121
-0.08972615 0.7194325 -0.0895815
-0.5950869 -0.1534691 -0.04597748
0.1513119 0.9846938 -0.3554295
0.1436535 0.9884911 -0.3567201
0.1711726 0.7476024 -0.2296413
0.4524122 0.07768117 -0.3362194
-0.08538496 0.7343227 -0.1023171
-0.07383329 0.6255154 -0.08624294
-0.04895938 0.7037423 -0.0686008
-0.07911316 0.7659164 -0.1117568
-0.1049683 -0.3813023 -0.2137484
-0.3531529 0.7259923 -0.4100198
-0.1565295 0.8303305 -0.1480971
-0.6330804 -0.01303608 0.1604803
-0.6857616 0.4000609 0.1107431
-0.64876 0.05180465 0.08055737
-0.348449 0.6925213 -0.4313098
-0.3859732 -0.5322418 0.02084717
-0.6720659 0.3712723 0.2495336
-0.525265 0.2583584 0.4510528
-0.6230114 0.6290991 0.1370357
-0.3335588 -0.6055515 0.3920787
-0.3213459 -0.6160686 0.3948839
-0.3202366 -0.6015517 0.4001211
-0.6416775 0.007891253 0.02753497
0.3651721 -0.5862775 -0.1586141
0.1671514 -0.6275135 0.3992464
-0.6947106 0.3123408 0.05795538
-0.192699 0.1443352 -0.3002525
-0.01100852 0.1304156 -0.3288596
-0.1258957 -0.4575987 -0.2130871
-0.6663915 0.226882 0.2823966
-0.7003744 0.3129382 0.1539738
-0.5956948 -0.1673354 0.07112832
-0.6956919 0.3565741 0.1537392
-0.3736642 0.7598366 -0.3966229
0.5606649 -0.3519485 -0.3625653
-0.04668743 -0.6251562 0.4070649
-0.3517129 0.7259603 -0.4526959
0.6026903 -0.3494526 -0.3273983
-0.6845776 0.2404602 0.06898438
-0.6541677 0.5027457 0.1527579
-0.6645249 0.5319714 0.1527045
0.1979132 -0.5817336 -0.2360944
-0.3626992 0.7592606 -0.4633942
-0.3683845 -0.5223221 0.2435498
-0.673218 0.3992822 0.01487402
0.5438014 -0.522962 -0.2731706
-0.07463329 -0.09839879 -0.3349288
-0.1050323 -0.3502419 -0.2221855
-0.6524826 0.5028737 0.2062283
-0.6808017 0.3997834 0.07873342
0.5974212 -0.4856512 -0.2725413
0.647329 -0.5919306 0.1589124
-0.6372616 -0.06358391 0.102498
-0.6283765 0.4868848 0.003802339
0.2062223 0.8606016 -0.3989482
0.2849399 -0.6224471 0.4008464
-0.3514889 0.7091823 -0.4740179
0.3731613 -0.04222985 -0.4474054
0.2095502 0.7959636 -0.3154094
-0.260921 -0.4887337 0.1685654
-0.6388616 0.08018778 0.1122258
-0.6594263 0.5760874 0.04596641
-0.6371017 -0.03483809 0.1447048
-0.2246447 -0.4328314 0.08309596
-0.22873 -0.4180265 0.08310662
0.02326244 0.3033491 -0.1686831
0.4830886 -0.6217964 -0.06261698
0.3452261 -0.6324841 -0.2802424
0.6486303 -0.4057709 -0.2415663
0.4966668 -0.6040582 -0.2723813
0.3492153 0.05316994 -0.3534562
0.301686 0.1895071 -0.306823
0.3882754 -0.6332626 -0.2710267
-0.69438 0.283659 0.05813671
-0.3557341 0.6261767 -0.2605417
0.04774171 0.9648544 -0.2421636
0.7365743 -0.127262 -0.2091939
0.7366276 -0.09747081 -0.2198602
0.7140149 -0.1143023 -0.2520299
0.6818346 -0.2070249 -0.2521259
0.6244069 -0.4228477 -0.2734586
-0.6494319 0.6186889 0.0882478
-0.5831512 0.5302328 -0.06066504
0.4662571 -0.6066608 -0.3138307
-0.4207135 0.6487892 -0.6345997
-0.6310752 -0.07909274 -0.03585513
-0.4057913 0.094822 -0.262675
-0.5109401 0.6987932 -0.2227188
-0.4777251 0.5874898 -0.3915031
0.3651721 -0.612218 -0.3459471
0.6949435 -0.5362629 0.2157213
-0.2514066 -0.3293999 0.2406059
-0.636227 -0.05042161 -0.03597246
0.5779017 -0.413248 -0.3253824
0.5889734 -0.3658681 -0.3377874
-0.05238329 0.1919178 -0.2868022
-0.06939609 -0.6345107 0.1665068
0.06712244 -0.03377146 -0.4785298
-0.3498356 0.6592851 -0.3566135
0.7533311 -0.06629313 -0.1881385
-0.3570781 0.5930363 -0.2178443
0.6230417 -0.378145 -0.2845303
0.3872835 -0.6003997 -0.2212895
0.3837636 -0.5931572 -0.2085859
-0.6157582 0.1802167 -0.005274713
0.5109491 -0.5405188 -0.3256384
0.5216154 -0.5393562 -0.3148654
0.6181459 -0.4686917 -0.2515073
0.0479337 0.06976684 -0.3504163
0.6082368 -0.2433651 -0.3370727
0.3011527 -0.6266602 -0.3470671
-0.2656355 -0.4729795 0.2539708
-0.683799 0.284459 0.260712
0.677984 -0.2825426 -0.2629949
-0.5318355 0.8013821 -0.460685
0.005353652 -0.6237696 0.4535488
0.6044183 -0.5107704 -0.171179
-0.6346484 0.4872262 0.3269393
-0.6754472 0.3415985 0.3414348
-0.6333685 0.5606533 0.003973009
0.7511231 -0.1712393 -0.1669552
0.7579603 -0.1856388 -0.1562995
0.7477527 -0.02168644 -0.1879999
-0.5226304 -0.2544901 -0.01525841
-0.51478 -0.247429 -0.05691049
0.1839403 0.07138806 -0.3519523
0.1891454 0.09226214 -0.3521763
-0.3749868 -0.5074105 -0.01206917
-0.3604914 -0.635492 -0.1914131
0.5047413 -0.6030449 -0.2509953
-0.6540398 0.4152923 0.2919857
0.5934639 -0.501192 -0.2405743
0.5512679 -0.523218 -0.2519873
0.713311 -0.06963167 -0.251486
0.02611036 0.1477164 -0.3257877
-0.6751806 0.3568728 0.3135636
-0.2113118 0.4273027 -0.06247832
-0.2479187 -0.4448631 0.2218651
0.8932416 -0.2260216 -0.01026656
-0.2632036 -0.4733742 0.2113054
-0.2379884 -0.4771714 0.06752309
-0.5934122 0.6176862 -0.02812202
0.7097484 -0.3545084 -0.1982396
0.6811733 -0.3275013 -0.2418756
-0.2475241 -0.3988271 0.1047273
0.6482036 -0.5557717 0.204351
-0.5777328 0.6366724 -0.005061386
-0.6728233 0.2540706 -0.005701358
-0.6243981 0.006461996 -0.03700709
-0.6245047 -0.007926886 -0.04706546
-0.3499956 0.5603226 -0.1434786
-0.6439281 0.4884635 0.3019693
0.7192628 -0.2787667 -0.2197643
-0.6277473 0.05003407 -0.04709745
0.8953748 -0.3178056 -0.09118146
-0.3555315 0.7090221 -0.5060809
0.3087898 0.2453668 -0.2810211
-0.6845348 0.2984213 0.1967459
-0.6061906 0.1032697 0.1751785
-0.5043163 -0.08877778 -0.2388144
-0.269486 -0.5333191 0.1049833
-0.5028124 0.2038641 -0.1549662
-0.5122841 0.2124932 -0.1433612
0.4762835 0.1232584 -0.2997938
-0.6504878 0.2386151 -0.03802039
-0.1057043 0.3633153 -0.09721861
-0.6435761 0.4577977 0.01444736
-0.1033257 -0.6281642 0.3420642
0.1256594 -0.636356 -0.3198679
0.3139097 0.3510917 -0.1595527
0.4093735 0.3072102 -0.2202122
0.8727835 -0.5034639 0.04645706
0.6681923 -0.1781725 -0.273448
0.3376637 0.063303 -0.3429712
0.5969411 -0.2742548 -0.3364541
-0.01126451 0.1161121 -0.3352168
-0.688556 0.2697501 0.1647255
-0.3659312 -0.522226 0.3079105
0.6486089 -0.05709871 -0.3007218
-0.6253261 0.2091653 -0.03759374
0.7178122 -0.2190886 -0.2196042
-0.1001792 -0.5373936 -0.3752369
-0.3556915 0.7427278 -0.5166939
0.226595 -0.6272575 -0.3552802
-0.6706474 0.3713042 0.2708876
0.216238 -0.6372732 -0.3413499
0.2384773 0.3056637 -0.216831
0.6922663 -0.1609996 -0.2518699
0.1059266 -0.6400251 -0.360432
0.08851913 -0.5880907 -0.1133888
0.4644971 -0.6268096 -0.2827277
-0.04245291 -0.06610116 -0.3653279
0.54458 -0.5530518 -0.1980902
0.6948901 -0.3558844 -0.2196042
-0.6861561 0.2704434 0.314097
0.1801111 0.04323955 -0.4077479
-0.3658885 -0.6163459 0.1077885
-0.5159 0.1465324 0.2757088
0.06586383 0.02818939 -0.371109
-0.3557875 0.7093742 -0.3353021
0.4228451 -0.6104155 -0.3350568
-0.5468964 -0.2088061 0.1291106
-0.1081576 -0.6229163 0.3558238
0.5346071 -0.5978184 0.3136277
0.3350611 -0.005249685 -0.4415922
-0.07536925 0.1603774 -0.3068656
-0.3912104 -0.602437 -0.172651
0.7288518 -0.3078539 -0.1878719
-0.6088039 0.1652093 -0.005413366
0.6586993 -0.4194238 -0.2089806
-0.638243 0.05079133 -0.01530108
0.6405132 -0.4515295 -0.2093005
0.4376606 -0.6280895 -0.304967
0.6503796 -0.5657448 0.1943566
-0.3629766 0.6918919 -0.5274457
-0.3581554 0.7593032 -0.527371
-0.6098065 0.5011565 -0.0498067
0.7544723 -0.2158993 -0.1665605
-0.3109249 -0.3575056 -0.1026051
-0.02776537 -0.4372793 -0.2371824
0.6099541 -0.4996881 -0.1872319
-0.6144037 -0.1082225 0.102658
0.7292891 -0.248005 -0.2095032
0.7503659 -0.1262273 -0.1772909
-0.2321432 -0.4331407 0.06038731
-0.3501343 0.6925319 -0.3460218
-0.6185209 -0.09410024 0.006756925
-0.061919 -0.6258496 0.3861908
-0.3524063 0.6426028 -0.3458938
-0.5739995 0.1787661 0.2085429
-0.678999 0.3422705 0.292391
-0.2672461 -0.5182902 0.08383194
0.126854 -0.5861175 -0.2661522
0.3591456 -0.6347026 -0.3160813
0.282508 -0.63546 -0.3300969
0.5018933 -0.04423519 -0.3785541
-0.6431494 0.5752449 0.01440469
-0.2773152 -0.03888059 -0.3317182
0.6956475 -0.4129387 -0.1663792
-0.05125263 -0.4429111 -0.2037754
-0.679831 0.4003381 0.1641282
-0.3769281 -0.579387 0.1867621
-0.6679061 0.282699 -0.01642104
0.268759 0.1698065 -0.3277823
0.05142158 0.2283967 -0.2612777
0.4725396 -0.5913546 -0.315804
-0.04101294 -0.3648334 -0.2281267
-0.4700027 0.6156489 -0.5091955
0.6491635 -0.3452181 -0.283901
-0.6292939 0.1227145 0.037604
0.2600553 0.1962803 -0.3136814
-0.09723525 -0.6139353 -0.4115771
0.5626488 -0.3983578 -0.3584801
-0.6244726 0.1811341 0.02674566
0.6165033 -0.4987814 -0.1761176
0.3832089 0.1930804 -0.305383
0.01822791 0.2514147 -0.2426329
-0.2289219 -0.4773527 0.09402896
-0.3510943 0.659349 -0.2925727
0.5323458 -0.5388442 -0.2941727
-0.4243187 -0.3190428 -0.09265341
-0.3596807 0.7255443 -0.570111
0.6372493 -0.4668037 -0.1876052
0.5454547 -0.5679314 -0.1765869
0.7504405 -0.2610286 -0.1665925
0.2556714 0.05841778 -0.3805274
-0.6670314 0.5609519 0.08853579
-0.2429055 -0.5058532 0.09423162
-0.3592007 0.7761667 -0.5699937
0.6859625 0.1217119 -0.1913491
0.5078558 -0.5724006 -0.2941513
0.8742235 -0.348322 -0.1251004
-0.105843 -0.1932226 -0.2869835
-0.2947866 -0.3543271 -0.1315749
0.1673008 -0.622063 0.4324401
0.6572913 -0.1640289 -0.2947913
-0.3576967 0.5600026 -0.1646726
-0.6653354 0.5758741 0.1629869
-0.4103031 0.9190212 -0.7293808
-0.6571864 0.5905617 0.1629336
0.6586673 -0.2390452 -0.2840396
0.2880971 -0.5872374 0.1203322
-0.3627739 0.6047906 -0.1452385
0.5182235 -0.6013383 -0.1763202
0.1059586 -0.5837069 -0.2128098
0.2274376 0.2736966 -0.2467608
-0.3322575 -0.3510099 -0.105389
0.6300175 -0.1726579 -0.3202092
0.7185055 0.0212989 -0.1893225
-0.3577394 0.7760601 -0.5913157
0.5331671 -0.5077305 -0.304839
0.6117567 -0.4390606 -0.2945887
0.6459317 -0.2852626 -0.2939807
-0.1483911 -0.4870378 -0.2146657
-0.6804283 0.2549878 0.1648962
-0.4301212 0.1718651 0.3125077
-0.138002 -0.6349587 -0.3929963
-0.1196026 -0.6347666 -0.4095292
-0.06694283 -0.6293268 0.1048553
0.6559793 -0.3145203 -0.283997
-0.4861729 0.6015055 -0.426062
-0.649592 0.5177107 0.2273689
-0.6803964 0.3130022 0.2285423
-0.637827 0.03712776 0.1444701
0.0512616 0.174265 -0.3110682
-0.4152416 0.592887 -0.4730686
0.5674807 -0.4764034 -0.3131588
-0.1031551 -0.6376786 -0.4101585
-0.1061523 -0.1309845 -0.3122308
0.0005217805 -0.1635382 -0.4694954
-0.5124121 0.2600224 -0.1646833
0.3900141 -0.6226284 -0.2403183
0.5609636 -0.6310334 0.001221092
0.7643815 0.01035526 0.1740266
0.7139829 0.1435566 0.1743572
0.9267766 -0.4384952 0.06755509
-0.2581264 0.5131988 0.1766398
0.2943476 0.003539452 -0.4510426
0.7434434 -0.3420821 -0.1335695
-0.1063017 -0.09949751 -0.3285396
-0.2674808 0.5623385 0.1658881
0.1898174 -0.5882081 0.04322516
-0.6271606 0.2429029 0.401785
0.1882495 -0.07160493 -0.5028917
-0.5469497 0.4849435 -0.1348281
0.7455233 -0.3064779 -0.1454092
0.7776184 -0.03394205 0.1526832
0.7720506 0.0107712 0.1525872
0.7431874 0.08451834 0.1528219
0.7198067 0.1433965 0.1526939
0.8403152 -0.5157942 0.1284173
-0.3591687 0.7422585 -0.6339704
-0.2520893 0.4969005 0.1553178
-0.2623183 0.6120225 0.1553071
0.7190068 -0.5317724 0.2167026
-0.07288401 -0.6215617 -0.4258807
-0.6618049 0.4437928 0.1105085
-0.5855619 -0.1387709 0.1775891
-0.2352791 0.4645069 0.1553284
0.7893194 -0.07814346 0.1313612
0.76692 0.0405943 0.1313505
0.8513336 -0.5210634 0.04657439
-0.5104814 0.646144 -0.09324006
0.9076945 -0.4552521 0.1209401
0.9360349 -0.3930779 0.1208228
0.9425307 -0.3629242 0.1208015
-0.3550834 0.7927103 -0.6446794
0.7910686 -0.09294834 0.1207908
0.1913534 0.9069896 -0.4120571
0.9216034 -0.4388152 0.1101671
0.9480559 -0.3181575 0.1101565
0.07321294 -0.5896906 -0.01783967
-0.2195996 0.4644215 0.1123431
-0.2546172 0.5459552 0.1123644
-0.538182 0.1521642 0.2469523
0.901348 -0.4709423 0.09968212
0.9491865 -0.2884518 0.0993728
0.8439204 -0.259994 0.1762985
-0.247812 0.5791382 0.1018367
0.8678877 -0.5040826 0.08911178
0.7677627 0.05551653 0.08863179
0.737065 0.1291783 0.0886851
-0.2491027 0.545891 0.09085039
0.9515119 -0.3621882 0.07808278
-0.3270843 -0.5721339 0.126508
-0.5157613 0.649824 -0.04577482
-0.425844 0.670378 0.09462629
-0.3425079 0.6650448 0.1396916
-0.4069752 0.6667193 0.03950261
-0.6422961 0.3398493 -0.05917175
-0.4281053 0.618753 0.2987375
-0.3969702 0.6581437 -0.1432972
-0.4174922 0.8828302 -0.6119232
-0.3709337 0.9047922 -0.703195
-0.4747278 0.8454234 -0.4797137
-0.09358737 0.8609323 -0.1261991
-0.02947195 0.3444358 0.08779982
-0.3391906 -0.5071972 0.3344591
-0.3257084 -0.4944509 0.3207208
-0.6112038 0.6258352 0.1725119
-0.2356738 -0.445439 0.2595067
-0.2881628 0.6518719 0.1123431
-0.3759362 0.6297072 -0.1135701
-0.3703683 0.6211208 -0.1329722
-0.2846963 -0.4276369 -0.001712153
-0.668066 0.2551265 0.2181852
-0.4525312 0.6632848 -0.05449989
0.9186488 -0.2403146 0.1098365
0.8980948 -0.2507675 0.1493766
-0.372491 0.6415895 0.2538855
-0.2977092 0.6536426 0.1403636
0.9301684 -0.2437064 0.003802339
0.4651905 0.09156885 -0.3299476
0.9263393 -0.2331894 0.06554982
0.513253 0.2936534 0.2524029
-0.4259187 0.913592 -0.6459701
-0.4965512 0.6574184 0.1945699
0.9030012 -0.2263096 0.1041727
0.01883591 -0.6401532 -0.3773382
0.02056386 -0.6300415 -0.4042067
0.8812739 -0.2280483 0.1280013
0.8639624 -0.2406665 0.1521819
-0.4922847 0.1298396 0.2947482
0.913113 -0.2321974 -0.002565461
0.9075451 -0.2226404 0.02682032
0.8905643 -0.2154727 0.0839386
-0.4228787 0.7239337 -0.2149964
-0.4858316 0.6419629 0.2461631
-0.4787705 0.5426805 -0.1996155
0.8676423 -0.2178939 0.1068179
0.843483 -0.2362506 0.1445981
-0.4524779 0.7056303 -0.1637233
0.8838125 -0.213926 0.03393477
0.8697329 -0.2114941 0.07605617
0.8495842 -0.2214352 0.1156496
-0.46836 0.681919 -0.1226792
-0.4957619 0.6704953 -0.1320656
-0.4779918 0.6746338 -0.1100502
0.03488878 -0.5874828 -0.1839467
-0.3825706 -0.535719 0.2650318
-0.07381193 -0.2078782 -0.294546
0.8093934 -0.2486983 0.147702
-0.2848029 0.6523413 0.06799241
-0.3754135 -0.5362843 0.2328301
0.8648264 -0.2162086 0.01090614
0.8067694 -0.2412746 0.1309665
-0.5309716 0.6314245 -0.0817524
-0.6871907 0.3419932 0.1965432
0.8654557 -0.224667 -0.01652771
0.8267689 -0.2176166 0.07575751
0.812348 -0.2281976 0.1015381
-0.4353584 0.6694393 0.1532912
-0.5666825 0.6527466 0.06113395
-0.6607596 0.5175506 0.1954339
0.8281662 -0.2144273 0.04434513
0.303318 0.08186238 0.3869055
0.8211265 -0.2168593 0.02550836
0.8103854 -0.2081981 0.06932571
-0.2640889 0.6626236 0.02862293
0.1902121 0.9393939 -0.3862765
0.2557674 -0.02652899 -0.4746046
0.5722913 -0.1059186 -0.3570935
-0.2635876 0.4031008 -0.1452492
0.8065349 -0.2024384 0.05234488
0.8023643 -0.1902787 0.08235998
-0.3524382 0.6360537 0.2611279
-0.4783758 -0.1854683 -0.2090979
-0.3832426 0.6614075 0.001551748
-0.3834026 0.6481493 -0.06823815
-0.4062926 -0.5192395 -0.01948228
-0.5866604 0.1507883 0.1760105
-0.5629599 -0.1989505 0.09267434
-0.1725183 0.7832387 -0.1781548
-0.3783041 0.7454264 -0.3369127
-0.6192462 0.1371461 0.09066904
-0.6157476 0.151855 0.09083972
-0.5873005 0.1651879 0.1762025
-0.4081806 0.8536577 -0.5777695
-0.3939517 -0.1804123 -0.2765305
0.1302246 -0.6206124 -0.29349
-0.4175456 0.73716 -0.2438915
-0.392469 0.6694393 -0.1726723
-0.1439645 0.3800828 -0.001349497
-0.08518229 0.3659284 -0.04254292
-0.4911327 0.7435812 -0.2589524
-0.1630786 0.37924 -0.05583319
-0.368811 0.9036404 -0.7419565
-0.369291 0.9120669 -0.7330288
-0.4697573 0.7323176 -0.2163297
-0.524817 0.5964602 0.314417
-0.1757289 0.3871973 -0.04437754
-0.5393127 0.6551571 0.1646828
-0.3837973 0.8616895 -0.6306531
-0.07822783 0.3607019 0.06998702
-0.09041944 0.3569154 0.09706887
-0.6051772 0.6405336 0.1107325
-0.1198692 0.3683818 0.05489414
-0.06735881 0.3640727 0.01097013
-0.1432179 0.3791761 0.03045754
-0.4719226 0.8943073 -0.5858119
-0.3892371 0.655541 0.216404
0.06350657 -0.2553434 0.4231497
-0.1430472 0.3652672 0.07800811
-0.1568815 0.3844026 0.04121989
-0.4481794 0.5384246 -0.2538646
-0.1706624 0.3846373 0.1144657
-0.1562521 0.3590274 0.104802
-0.1550149 0.3251085 0.1531845
-0.4008635 0.7531062 -0.2992178
-0.4325212 0.7398266 -0.2340145
-0.3690991 0.6055373 -0.3904364
-0.1650412 0.3524463 0.1172389
-0.1578201 0.3438811 0.1204708
-0.3296869 -0.4965841 0.2541095
-0.08432898 0.3440092 0.1308918
-0.06086302 0.3586007 -0.04903873
-0.503015 0.6696741 -0.1545395
-0.5062363 0.9135707 -0.6371276
-0.1504923 0.3794214 -0.01978094
-0.02425612 0.3343347 -0.08279771
-0.2444202 -0.4755928 0.136449
-0.04722078 0.3566701 0.04978496
-0.6678206 0.5902844 0.1203535
-0.1651585 0.3928931 0.006554264
-0.09771522 0.3694271 0.03137485
-0.006624637 -0.5079865 0.4335601
-0.09689394 0.3151034 0.1898981
-0.5292755 0.816635 -0.4789884
-0.6672448 0.5026284 0.1207482
-0.02906666 0.3442973 -0.05304927
-0.4881675 0.8528578 -0.5005025
-0.3892691 0.9271381 -0.727045
-0.3241404 0.6652902 0.02240445
-0.3345401 0.6651729 0.0497743
0.04478713 0.3455666 -0.04144429
-0.02903464 0.9072135 -0.2226442
-0.1569028 0.3699497 0.08861046
0.1083479 0.05342593 0.3818923
-0.2866696 0.703433 -0.02521012
-0.1681344 0.3944182 0.05252621
-0.5643465 0.6367043 0.203903
-0.3750509 0.6662075 0.159179
0.2622846 0.08117973 -0.3411686
-0.3453024 0.6609917 -0.03146059
-0.6098065 0.6348377 0.04642506
-0.6436614 0.4733493 0.1743466
-0.3524489 0.6541438 -0.0532946
-0.3988901 -0.5946186 0.3060119
0.09561227 -0.6162286 0.4666471
0.1549491 0.9720115 -0.3805594
-0.1130108 0.3424413 0.1362997
-0.4711333 0.6247367 0.2838899
-0.4284146 0.656117 0.2182599
-0.3997221 0.7706417 -0.3447738
0.712799 0.1778595 0.02149781
-0.4082659 0.6661649 0.1785171
-0.4104845 -0.5326151 -5.537966E-06
0.6971089 0.196131 0.09222635
-0.390453 0.6701113 0.138081
-0.4975112 0.6992197 -0.1911251
-0.5306621 0.8469806 -0.5391573
0.07275429 0.9824752 -0.2474328
0.5622969 0.304213 -0.1100822
0.6655791 0.228386 0.1567577
-0.238639 -0.4019737 0.07025368
-0.3868798 -0.5524438 0.2933403
-0.3298682 0.6702181 -0.02599942
-0.2795231 0.5098388 -0.1160874
0.6633818 0.2396816 0.1104125
0.6364067 0.2446095 0.1913913
-0.2979119 0.7037743 -0.04314024
-0.1778515 -0.621807 -0.3335102
0.6493876 0.2564065 0.105058
-0.3701337 -0.5521025 0.1901754
-0.3781974 -0.5662781 0.1901754
-0.3918398 0.7794201 -0.3877912
0.6736962 0.2284607 -0.03847905
0.6623579 0.2461242 0.01869256
0.6211112 0.2715953 0.1703787
0.6188179 0.2797764 0.1543152
0.6653872 0.2269781 -0.08766156
0.5011574 0.1598014 -0.2747919
0.5872241 0.2790191 0.2033803
0.6543794 0.2480121 -0.06060104
0.6494409 0.2577824 -0.03197258
0.6373453 0.2731632 0.02437772
-0.1277623 -0.069557 -0.3232918
-0.6161849 0.07856649 -0.04767343
0.6156073 0.2916054 0.07705881
0.5601103 0.2899948 0.2239344
-0.4265267 0.9328874 -0.7128161
0.113809 0.7815641 -0.2995592
0.3224641 0.05929245 0.4399492
-0.07422793 -0.1293739 -0.3312702
0.6264976 0.2590944 -0.1027224
0.5717046 0.3210231 0.136705
0.5299138 0.3069756 0.2279663
0.3603723 -0.6342653 -0.05605718
0.2585194 -0.5882827 0.07657882
-0.08328368 -0.6129966 0.3886761
0.6043116 0.3001172 -0.01846898
0.2948809 0.06034837 0.4460717
0.6028823 0.2903789 -0.0644516
0.5643021 0.3315403 0.1035113
0.5453587 0.3332148 0.1573337
0.00606828 -0.5598356 0.4748495
0.2930143 0.06871079 0.4292189
0.06972504 0.9770355 -0.2776505
0.5701579 0.3293642 0.01456469
0.5334017 0.3446385 0.137665
0.4932536 0.3244791 0.214708
0.5506279 0.3425479 0.05286754
0.5118771 0.344265 0.1602776
0.4926776 0.3359454 0.1989858
-0.415071 0.935106 -0.7128481
0.559001 0.3325749 -0.02003693
0.5251673 0.3536943 0.1042153
0.4550574 0.3239137 0.2464617
0.2419759 0.0686148 0.4271816
0.558233 0.3241484 -0.06584889
0.5249327 0.356126 0.07367758
-0.4575871 0.5893884 -0.4864015
0.4961762 0.3610007 0.1240014
0.4754195 0.3592727 0.1773438
-0.04228225 -0.6370279 0.09765552
0.5318871 0.3393266 -0.0756086
0.5098504 0.3643073 0.02247912
0.4448711 0.3634433 0.1967245
0.1774338 0.05258334 0.4368986
0.4735742 -0.04413915 -0.4003454
0.5111944 0.3600299 -0.02258619
0.4114854 0.3493423 0.2305368
-0.1073043 0.1448686 -0.3079429
-0.2024481 -0.3264773 0.2983961
0.5242927 0.3369693 -0.09350672
-0.5214359 0.883097 -0.6288186
0.2098275 -0.5844855 -0.09213076
0.06863708 0.0251708 0.3945213
0.06922372 -0.3173576 0.38954
-0.5273663 0.8842489 -0.6173736
-0.5285396 0.8835982 -0.6072726
0.06220527 -0.2245923 0.4384666
-0.3724163 -0.5917706 0.3548745
-0.518428 0.8933687 -0.5978329
0.04837102 -0.2568581 0.3931773
-0.3578141 -0.5484973 0.3541598
-0.04482083 -0.4911017 0.3734979
-0.08807288 -0.5770937 0.3876948
0.02887294 -0.5608169 0.481676
-0.1914191 -0.2963235 0.3168169
0.001812425 -0.4260902 0.2943322
-0.06186565 -0.4576733 -0.2091406
-0.4598803 0.3708351 -0.1896425
0.01287344 -0.09052713 0.4232777
0.06930906 0.01083523 0.4244297
-0.07326796 -0.5327004 0.3866495
-0.09036613 -0.5481346 0.3739672
0.06012534 -0.3336877 0.368698
-0.02165353 -0.5746298 0.457218
0.03806733 -0.2115154 0.401785
-0.2677688 -0.3465087 0.1981538
0.04583243 -0.05959466 0.4648232
0.1108651 -0.3751265 0.4397999
-0.6493466 0.4287319 0.3279526
-0.03580779 -0.5054052 0.3939346
0.04493646 -0.1173209 0.4824652
-0.3780161 -0.5504812 0.315281
0.04591776 -0.1627702 0.4677884
0.0336728 -0.1328938 0.4640658
0.6726295 -0.09908144 -0.2909088
0.02776364 -0.180711 0.4111607
-0.5012551 -0.0150733 -0.2428036
-0.3420599 -0.590864 0.3849749
0.1071213 0.01274452 0.4617619
-0.2553318 -0.1624289 -0.3035377
0.003497708 -0.0476377 0.3897854
-0.05483655 0.8535191 -0.2457368
-0.5357927 0.7951529 -0.4673834
-0.1213412 0.780444 -0.2199882
0.06501052 -0.1467173 0.4933449
0.09014043 -0.2688257 0.457186
-0.548059 0.2574091 0.4291442
0.1178409 0.02666409 0.4507436
0.07483423 -0.07320492 0.4964595
0.2019877 0.1325382 -0.337222
0.1040494 -0.3151496 0.4446957
-0.2049867 -0.2662871 0.326182
-0.05986038 -0.6357906 0.05451015
0.5768458 -0.07492218 -0.3462991
0.05180559 0.02485084 0.3812737
0.1791404 0.9026591 -0.4059453
-0.5056603 0.7139074 -0.228468
0.02188649 0.8906807 -0.2882102
-0.3200019 0.3172687 -0.1815147
-0.2932933 0.7075821 -0.07229136
-0.008427266 -0.4644465 0.3654981
0.04104324 -0.08857518 0.4705509
-0.02763734 -0.5453827 0.4473623
-0.1315062 0.7484023 -0.2167137
-0.3991462 0.857711 -0.7287835
0.09291368 -0.01557471 0.4768121
-0.02216552 -0.03578738 -0.3599627
-0.4867382 0.513764 -0.1664005
-0.4271773 -0.07914606 0.3634182
-0.184902 -0.37022 0.3124651
-0.249988 -0.3922353 0.1821757
0.001044448 -0.1365737 0.3913533
-0.05167931 -0.5460333 0.4259976
-0.2988932 -0.3428075 0.1839569
-0.06718814 -0.5057252 0.3649648
0.03341681 -0.06024529 0.4471597
0.02145983 -0.1319551 -0.4888655
-0.5144386 0.7282643 -0.2800611
-0.5033031 0.7434851 -0.2767652
-0.4424622 -0.09411096 0.3492853
-0.04348753 -0.478302 0.3556104
-0.2594917 -0.3619429 0.1765438
0.06664247 -0.002316423 0.4423811
-0.1100775 -0.5635155 0.3515785
-0.05737511 -0.5327964 0.4009424
-0.0976086 -0.535015 0.3511625
-0.3234471 -0.5762724 0.3960572
0.03428078 -0.01793195 0.4150113
-0.4699174 -0.6180525 -0.08333103
-0.2475881 -0.3960752 0.1351477
0.1617863 -0.5874614 0.1718186
-0.5991296 0.6021134 0.2434645
-0.4534485 0.05018336 0.3404002
-0.2128265 -0.4007044 0.2807327
-0.04162093 -0.5745232 0.4470637
-0.3628593 0.00457407 -0.2952926
-0.3241937 -0.3616335 -0.07182204
-0.5435792 0.239063 0.423811
-0.03914634 -0.5183115 0.4126967
0.1316645 -0.5893601 0.1288866
-0.2544145 -0.378881 0.1568111
0.1070893 0.1513857 -0.3294676
-0.1880912 -0.6255829 -0.2924127
-0.2768032 -0.1308992 -0.3227372
-0.5087002 0.6692473 -0.1786881
0.06146929 -0.1023027 0.4956062
-0.273838 -0.3632975 0.1599576
-0.3621127 -0.1642528 -0.2891382
-0.01416576 0.8127311 -0.2773092
-0.07170003 -0.5619156 0.4011237
-0.2356844 -0.4026137 0.2430911
-0.5550668 0.503983 0.3979771
0.09443897 -0.2535302 0.4675004
0.1615196 -0.6377959 -0.3516003
-0.447486 0.6597864 -0.5949103
-0.2509693 -0.360247 0.2122334
-0.4044474 -0.598277 0.2653091
-0.3904744 -0.5708539 0.2540455
-0.5663091 0.3006397 0.4309468
-0.5833113 0.315146 0.4319175
0.03270216 -0.4253117 0.32343
0.003967027 -0.2156326 -0.4626796
0.1534879 -0.5884001 0.01662329
-0.6069372 0.3292042 0.425059
-0.5773915 0.3681791 -0.1432226
0.02576904 -0.3810357 0.3139904
0.6025623 0.2646942 -0.1318096
-0.5036017 0.006803319 0.3167209
-0.4916233 0.07826784 0.3025987
0.0777888 -0.2085502 0.4676391
-0.4701413 0.007432651 0.3432694
-0.05659648 -0.5750032 0.4315868
-0.3890345 0.8728572 -0.7423618
-0.391669 -0.5727739 0.226569
-0.4073379 -0.599525 0.2522642
-0.4072205 -0.6152899 0.2395393
-0.3944103 -0.6248789 0.2214171
0.3992511 -0.6290815 0.1419529
-0.6071826 0.2864963 0.4270642
-0.3857492 0.4015754 -0.1861759
-0.5793754 0.4461501 0.4239497
-0.6012094 0.4741918 0.3845482
-0.4677308 -0.168114 -0.2361051
-0.2517693 -0.3054113 0.2747702
-0.3849066 0.2768431 -0.1884159
-0.2636836 -0.380097 0.1351264
-0.5763462 0.2579744 -0.1233512
0.2339014 0.163108 -0.3354728
-0.3375906 0.5313101 -0.1348281
-0.4192202 0.6884148 -0.6745238
-0.4160097 -0.01266274 -0.2729253
-0.502503 -0.07934874 0.3180329
-0.4611923 -0.1678687 0.3099051
-0.6004734 0.4313132 0.4151606
-0.600324 0.4024822 0.4309362
-0.6033106 0.3732668 0.4347974
-0.4487873 -0.5671633 -0.06421693
-0.5142894 -0.05061363 0.313937
-0.5215425 -0.03668335 0.3058732
-0.5903296 0.517444 0.3574024
-0.5780208 0.2580064 0.4279602
-0.4652989 -0.1233901 0.3276539
-0.3762242 0.7188885 -0.7088909
-0.4663014 -0.5923039 -0.03296455
-0.4644668 -0.6098288 -0.05217463
-0.460467 -0.6277269 -0.05365726
-0.45011 -0.5798883 -0.04943338
-0.3742829 0.2616863 -0.1952103
-0.4019087 -0.6026183 0.2191452
-0.1073256 -0.6088795 0.3644528
-0.1921337 -0.008161512 -0.3255104
-0.6146277 0.4020022 0.414894
-0.4149323 -0.5607955 -0.1128341
-0.459859 -0.577019 -0.02474079
-0.04070363 -0.4274556 -0.2064847
0.4221838 0.1821367 -0.2988232
-0.6170809 0.4449342 0.3860202
-0.04683676 -0.3471593 -0.250046
-0.5111534 0.1217119 0.2769781
-0.1478257 -0.3338371 -0.2350171
-0.2236208 -0.1002228 -0.3254357
-0.3825279 -0.5936799 0.169536
-0.4498646 -0.5752805 -0.005050719
-0.4385264 -0.5473666 -0.01706102
-0.116104 -0.2867664 -0.2530326
-0.4837623 0.03571987 0.326086
-0.4027728 -0.610298 0.2951322
-0.1163174 -0.2397599 -0.2751226
-0.426388 -0.6195565 0.04123056
-0.6280886 0.03083465 0.169152
0.6607153 -0.5398042 0.2120308
-0.4428995 -0.6204205 0.02043118
-0.3208552 0.6684793 -0.07193937
-0.6193635 -0.04132323 0.1777811
-0.6613142 0.5571761 0.1866555
-0.4338224 -0.6038235 0.0251777
-0.116712 -0.1466853 -0.3036871
-0.4495339 0.6291525 -0.5858972
-0.6419548 0.2713927 0.4010917
-0.5978388 -0.0848099 0.1875728
-0.6097106 -0.02587836 0.1978338
-0.611577 0.01755506 0.1982711
-0.6060945 0.0749826 0.1910714
-0.4227507 -0.6028423 0.04411047
-0.4005115 -0.5465453 0.02061251
-0.04602611 0.7808599 -0.262419
-0.6283126 0.372339 0.3992784
-0.4124364 -0.5878988 0.04846234
-0.170993 -0.6347346 -0.3400059
-0.5854126 0.1184906 0.1992418
-0.2646969 -0.3542311 -0.1841173
0.04500046 -0.6074502 -0.4045907
0.7714319 -0.5293298 -0.09503201
-0.1174266 -0.006678941 -0.3425445
-0.5125188 0.06370829 0.2936709
-0.394229 -0.5597716 0.04483578
-0.4757945 -0.2382239 -0.1652592
-0.5883138 -0.03966993 0.2219505
-0.5918123 0.03292518 0.2232624
-0.6709033 0.2547745 0.1862502
-0.4064739 0.3236577 -0.1902185
0.03933663 0.7653192 -0.2736186
-0.579546 -0.08253792 0.2298969
0.1004655 0.9957334 -0.2777252
-0.6215501 0.5734849 0.2515282
-0.2688461 0.5725996 -0.1120982
-0.3186686 -0.4931282 -0.002224138
-0.3654405 -0.638148 -0.1790935
-0.3765762 -0.6386278 -0.1808641
-0.460083 0.4168389 -0.1804268
-0.5618506 -0.1561464 0.2143347
-0.5670558 -0.1257473 0.2337261
-0.3101248 -0.3568124 -0.1128768
-0.6328884 0.5445899 0.2633359
-0.6086118 0.5877458 0.2533522
-0.5518029 -0.1550158 0.2322648
-0.3883625 0.7810733 -0.7321861
0.02985423 -0.6228523 -0.4037907
-0.4784931 0.1589587 0.3110571
-0.5694024 0.04801815 0.2456084
-0.1486683 -0.1620129 -0.3019698
-0.5303849 0.780412 -0.4246541
-0.5176706 -0.1239874 0.2895751
0.3938326 0.08476369 -0.3204225
-0.3782401 -0.6167406 0.0906264
-0.3752748 -0.6017756 0.08741583
0.2880651 -0.05670407 -0.4736233
0.2886944 -0.04029919 -0.4716393
-0.6517892 0.2336552 0.19409
-0.671586 0.2556065 0.3554717
-0.6772072 0.2844803 0.3601863
-0.6777511 0.2988479 0.3601009
-0.6196515 0.1946163 0.1441074
-0.6541785 0.3856079 0.3491146
-0.4903434 -0.04532313 -0.2519979
-0.1296289 -0.5041146 -0.2791438
-0.3422945 -0.545852 0.06806707
-0.2907654 -0.4785793 0.01475668
-0.4102712 -0.5643261 -0.1395213
0.05710676 -0.5865335 -0.1803841
0.002153748 -0.124958 -0.4739859
-0.5569227 0.005406079 0.2645305
-0.08035041 -0.6363026 -0.4204409
-0.6254753 0.5163561 0.3170516
-0.5971028 0.5738263 0.2873245
-0.2999385 -0.5058638 0.03983326
-0.5448484 -0.1094811 0.2712716
-0.2824457 -0.492371 0.03703868
0.3191362 0.2230636 -0.2999005
-0.08819016 -0.4788781 -0.2360091
-0.5426832 -0.06605843 0.2827913
-0.5403579 -0.008769545 0.2785781
-0.5409018 0.0346318 0.2776821
-0.09036613 -0.6198871 0.1682881
-0.2904347 0.5885565 -0.1138154
-0.656877 0.328191 0.3840149
-0.5985961 0.5457844 0.3196222
-0.2179783 0.7664711 -0.06511291
-0.1916431 0.7972543 -0.09224809
-0.348161 -0.6004211 0.1205562
-0.2620303 -0.4490549 0.03046821
-0.3423266 0.2925014 -0.1910824
-0.5331687 -0.09453761 0.2890738
-0.2061066 0.7158167 -0.1678511
-0.6516291 0.2998932 0.3947772
-0.6331338 0.4154736 0.3724206
-0.3309456 -0.5866401 0.1266573
-0.3089623 -0.1162329 -0.3188333
-0.2881949 -0.02362775 -0.3293929
-0.3014958 0.4821917 -0.1455585
0.2254324 0.04422086 -0.4082812
-0.659725 0.2112878 0.1138684
0.1577117 0.2490894 -0.2627603
-0.003488765 -0.5483586 -0.4101158
-0.0342718 0.1612414 -0.2969353
0.2303495 0.06364433 -0.3647305
0.214414 0.2063707 -0.3028977
0.9011773 -0.2520049 -0.05183331
0.4237304 0.3546435 -0.1435212
-0.351297 0.8728678 -0.7500842
0.5944133 0.2495161 -0.1579101
-0.2492093 -0.4299302 0.1897381
-0.4087459 0.8100324 -0.7027364
-0.4210548 0.8402076 -0.6919633
-0.4599763 0.9149893 -0.6915581
0.02921427 -0.413216 -0.3866392
0.5786377 -0.5699472 -0.1437665
-0.4194762 0.7048302 -0.681425
-0.4415449 0.8550124 -0.6707693
-0.4770851 0.8998538 -0.6706946
-0.4307932 0.6742606 -0.6484233
-0.5082416 0.8992565 -0.6487647
-0.4324891 0.7498423 -0.6380983
-0.4388783 0.6592636 -0.6272827
-0.4559551 0.8246773 -0.6281679
-0.4764665 0.8541378 -0.6286053
-0.438249 0.6895988 -0.6162216
-0.4493419 0.7948755 -0.617139
-0.5193666 0.8692947 -0.6172776
0.5015414 0.07267867 -0.3339474
-0.4447234 0.7349202 -0.5951449
-0.4596777 0.7948009 -0.5958489
-0.4852342 0.8242294 -0.5856199
-0.5318888 0.8544044 -0.5850332
-0.4471447 0.7048624 -0.5736416
-0.5286676 0.8385542 -0.5748362
-0.1489563 -0.501544 -0.2261854
-0.5379686 0.8235574 -0.5324588
-0.4494807 0.6898227 -0.5628259
-0.4891915 0.8091152 -0.5643299
-0.4608296 0.6303684 -0.5518289
-0.460499 0.7500129 -0.5527035
-0.5317395 0.824016 -0.5533329
-0.4573524 0.6751885 -0.5201392
-0.4797304 0.7649245 -0.5209178
-0.4928393 0.7793241 -0.5213765
-0.538406 0.8096913 -0.5208858
-0.282307 -0.4865578 0.2113801
0.3772891 0.3000319 -0.2336092
0.4561774 0.3307189 -0.160278
-0.6762365 0.241495 0.3035906
-0.5373713 0.7947582 -0.4995318
-0.6639169 0.414951 0.2066442
0.4303968 0.261921 -0.2566912
0.4266743 0.2334099 -0.2685414
0.3680734 0.004040787 -0.4296139
0.3722653 0.3540782 -0.1638406
0.5079198 0.1401433 -0.2753572
-0.4768718 0.7352401 -0.4885668
-0.1121788 0.859887 -0.1795094
-0.02774403 0.260577 -0.2304733
0.5853468 0.2116184 -0.2026448
0.003423027 0.1904992 -0.2851916
0.1225874 0.2027547 -0.2987485
0.3406822 0.1470657 -0.3118041
0.4369566 -0.01602266 -0.4082386
0.3067313 0.07972917 -0.339046
0.313483 -0.6269375 0.06456851
-0.4914634 0.7496397 -0.4783591
-0.5353448 0.780156 -0.4779645
0.4249783 0.1984136 -0.2945246
0.4102375 -0.624271 -0.1746776
0.5364203 0.1946697 -0.2482114
0.558873 0.2578145 -0.1883945
0.007444256 -0.09501757 -0.4742419
-0.001056804 -0.09428161 -0.4637462
0.02167314 -0.05861336 -0.4681834
0.4550147 0.1908298 -0.2866956
-0.4662162 0.6606076 -0.4667008
-0.4715386 0.7053637 -0.4669781
0.04026458 -0.01044414 -0.4385203
0.535983 -0.0007270863 -0.338982
-0.01844295 -0.1686154 -0.4526639
-0.2337752 0.7256722 -0.1413666
-0.5328168 0.7652979 -0.4565785
0.6147006 0.181262 -0.2127031
0.6122047 0.1443352 -0.2371077
-0.4726267 0.6458668 -0.4453148
0.6903144 -0.03152084 -0.2631976
0.001481786 -0.2605273 -0.4302006
-0.0183043 -0.2140113 -0.4307553
-0.03345051 -0.1673248 -0.4310645
-0.0304426 -0.1372883 -0.4310006
-0.009003249 -0.06315725 -0.4313419
-0.001238149 -0.04811767 -0.4315979
0.009865499 -0.03368606 -0.4315232
0.04453114 -0.5891573 -0.1212499
-0.5352594 0.7653939 -0.4351924
0.03469677 -0.3685561 -0.4187343
0.02767831 -0.3529085 -0.4190969
-0.0223682 -0.092575 -0.4204729
-0.5894659 -0.1240621 0.1881808
-0.4938953 0.7200512 -0.4247287
-0.5311742 0.7502902 -0.4246434
0.4023017 0.05712717 -0.3362301
-0.002699456 -0.2751082 -0.4089105
-0.04081029 -0.136435 -0.4093159
-0.03684241 -0.1066226 -0.4095612
-0.6406961 0.05165535 0.1232227
-0.2543399 -0.4593266 0.2005538
0.8828632 -0.3532178 -0.1199166
0.4099815 0.2766192 -0.2511339
0.005833621 -0.3359383 -0.3977962
-0.01706701 -0.258618 -0.3978922
-0.04154625 -0.1814044 -0.3987029
-0.6460614 0.008584616 0.1233721
-0.4764772 0.6758178 -0.4028094
0.3031153 -0.5862775 0.1418355
-0.6460294 -0.02018257 0.1235214
0.1956306 0.3612567 -0.1264444
0.3222294 0.04527684 -0.3879618
0.01834526 -0.382081 -0.3866712
-0.01198983 -0.3042806 -0.3872685
-0.0489274 -0.1809137 -0.3878232
-0.04458618 -0.1510479 -0.3878125
-0.6408242 0.4735307 0.1956579
-0.494866 0.705385 -0.392495
-0.5300116 0.7353254 -0.392591
-0.1537669 -0.6077915 -0.3755462
0.3300692 0.2860375 -0.2392623
-0.137106 -0.5946932 -0.3850073
0.3437115 0.2584865 -0.2739919
-0.04228225 -0.2116221 -0.3770928
-0.05410055 -0.1652982 -0.3770822
-0.03550913 -0.07640482 -0.3776048
-0.1545135 -0.6317267 -0.3793114
-0.1545775 -0.592432 -0.3644959
-0.1337568 -0.5644968 -0.3642186
0.01316142 -0.4115734 -0.3651679
-0.05141264 -0.1053639 -0.3666185
-0.5899564 0.1796834 0.1868368
-0.4804131 0.6462933 -0.3706717
0.2379973 0.2079066 -0.304679
0.1515039 0.1721104 -0.3088709
-0.1238371 -0.5506839 -0.3532002
-0.005963323 -0.3345517 -0.3548215
-0.02549342 -0.2879078 -0.3552268
-0.03081591 -0.2573167 -0.3553015
-0.05524184 -0.1951532 -0.3555895
-0.5285929 0.720403 -0.360656
0.1158463 -0.01475335 -0.4763218
-0.16246 -0.5915146 -0.3405606
-0.0003421764 -0.3801184 -0.3438885
-0.01413374 -0.3187442 -0.3442512
-0.05111398 -0.2104595 -0.3448165
-0.06201499 -0.1496293 -0.3455311
0.1953746 -0.6111087 -0.3663305
-0.4884235 0.6758178 -0.3496163
-0.5230465 0.7060676 -0.349563
-0.1725397 -0.590704 -0.3318249
-0.1384394 -0.5331804 -0.3327849
-0.001995443 -0.3799797 -0.3333715
-0.02913062 -0.2873531 -0.3337555
-0.06214298 -0.1644448 -0.3343954
0.1910547 0.3008531 -0.2110818
0.1887935 0.3395719 -0.1669232
-0.523985 0.7360294 -0.3390673
0.1242834 0.02290954 -0.4292939
0.1119318 0.9754675 -0.3419366
0.17161 -0.625103 -0.3682931
-0.008533929 -0.424501 -0.3224491
-0.05924173 -0.2097021 -0.3235051
-0.06202563 -0.1944386 -0.3235371
0.3284372 -0.5930826 -0.1000559
-0.4914314 0.6316805 -0.3278463
-0.4881355 0.6612477 -0.328145
-0.526929 0.7061743 -0.328241
0.6738455 -0.4428898 -0.1679791
-0.6424668 0.4587258 0.1850982
-0.1743103 -0.5752591 -0.3108442
-0.01918963 -0.468553 -0.3115588
-0.009568548 -0.4543881 -0.3114948
-0.01409111 -0.3651215 -0.3121881
0.1355044 0.05372459 -0.3548108
-0.5003805 0.6169183 -0.3171267
0.1101612 0.9956695 -0.3193559
-0.150119 -0.5322631 -0.3003911
-0.009568548 -0.4543668 -0.3008605
-0.01415511 -0.4088748 -0.3012125
-0.2843016 -0.6291028 -0.2193909
0.2365467 0.2366737 -0.271176
-0.5187799 0.6762659 -0.3068443
0.2169953 -0.01544664 -0.4746046
0.06706913 0.9385407 -0.3079963
-0.06176968 -0.4812353 -0.2898741
-0.03246921 -0.4674224 -0.2794531
-0.1864592 -0.6040049 -0.2893195
-0.04343421 -0.2862439 -0.2914101
-0.49093 0.6458347 -0.2959753
0.271063 0.3550915 -0.1638619
-0.1623106 -0.5460227 -0.2790051
-0.02777602 -0.3624549 -0.2801251
-0.0463888 -0.30107 -0.2808077
0.2395119 0.3391453 -0.1888852
0.7239879 -0.3831689 -0.1492277
-0.5026417 0.6023374 -0.2850103
-0.5223317 0.6765217 -0.2854583
-0.2465641 -0.6208578 -0.2272734
-0.1848379 -0.5740752 -0.2680401
-0.02037357 -0.4532148 -0.2688294
0.3057713 0.06735615 -0.3472911
0.1687407 -0.05450676 -0.4994678
0.08969244 0.05270062 -0.3540536
0.5587983 0.2260821 -0.2182389
-0.1689558 -0.6239723 0.3615942
-0.1302689 -0.6292522 0.2624612
-0.5026311 0.6172062 -0.2744506
-0.5169346 0.661845 -0.2746746
-0.162172 -0.5309085 -0.2577364
-0.01908293 -0.4382392 -0.2582591
-0.02055488 -0.4080322 -0.2584297
-0.04249557 -0.3309251 -0.258835
0.07487689 0.27295 -0.2230815
0.03990195 0.02119227 -0.3638986
0.1622343 -0.001185756 -0.4685141
0.161029 -0.02551567 -0.4863055
-0.4921567 0.6319258 -0.2639549
-0.4915594 0.1828194 -0.1764376
-0.1999841 -0.602405 -0.2466861
-0.03694911 -0.3614096 -0.2479981
0.3422822 0.2238848 -0.3007858
0.6109247 -0.1526479 -0.3299369
0.1478347 0.06691884 -0.3473657
0.877722 -0.3086431 -0.1011225
-0.505415 0.602444 -0.2530646
0.01048418 0.9225303 -0.2544939
0.5722913 0.1442285 -0.2583017
0.1136064 0.04353821 -0.3656052
0.4031337 0.358462 -0.1476384
0.1895508 0.2120346 -0.2873995
0.0343128 -0.5922506 -0.404708
-0.4894688 -0.1045107 -0.250078
0.88089 -0.2693803 -0.07696322
-0.4972018 0.6303152 -0.2425049
-0.4682748 -0.1368937 -0.2513793
0.06590649 -0.5847415 -0.2596457
-0.5144493 0.01383246 -0.228116
-0.0155417 0.2190743 -0.2726053
-0.1834087 -0.5419481 -0.2178443
-0.404618 -0.6370066 -0.1685658
0.3870488 0.3811066 -0.1075223
0.1536798 0.9581985 -0.3883245
-0.5254037 -0.01458269 -0.2181749
0.2370907 0.3549422 -0.1632753
-0.5036977 0.5878632 -0.2209056
-0.5149507 0.6470721 -0.2212789
0.4984588 0.1011045 -0.3188013
0.2932383 0.03379986 -0.4183716
0.5478866 -0.06521584 -0.3566454
-0.4989085 -0.1478373 -0.2075939
-0.5327421 -0.07228758 -0.20705
-0.009749893 0.1758223 -0.2909514
0.6302202 0.1141175 -0.2474007
-0.4967539 0.6180276 -0.2107938
0.2548821 -0.6111301 0.422435
0.1628316 0.3118608 -0.1793175
0.5748938 0.05218863 -0.3095109
-0.5336061 -0.116297 -0.1968636
0.5071838 0.2035761 -0.2579178
0.4700437 0.3040531 -0.1955943
-0.01457108 0.3163727 -0.1396173
-0.5040177 0.6027426 -0.1997115
-0.2586384 -0.225755 0.336539
-0.09864321 0.8599083 -0.2005755
0.4408392 0.3025917 -0.2153697
0.3102618 0.1732943 -0.3103642
0.09626291 -0.6271722 -0.3891031
-0.5478244 -0.08566321 -0.1854506
0.4659051 0.02785872 -0.3478884
0.3871661 0.2657609 -0.2606164
-0.3206952 0.06655622 -0.2974259
-0.504135 0.5730584 -0.1889172
0.2950196 0.01564577 -0.4422749
0.6249509 -0.01515863 -0.3021298
0.1392696 0.2989759 -0.1865493
0.07415158 0.1641105 -0.3217452
-0.5657225 0.002494116 -0.1750296
-0.5518776 0.04537289 -0.1752962
0.8594292 -0.2674818 -0.07907516
0.6535688 -0.02561165 -0.2910154
0.03797134 0.2883842 -0.1960956
0.1986918 -0.06244253 -0.4910734
-0.4761145 0.5280038 -0.1783255
-0.5035378 0.602828 -0.1785495
-0.5131801 0.6325872 -0.1785388
-0.01029389 -0.6253376 0.4332614
0.6427851 0.2020188 -0.1709657
0.5572944 0.07329735 -0.3102255
-0.5239957 -0.1891481 -0.1644273
-0.5534562 -0.1143984 -0.1644273
-0.5637705 -0.07023964 -0.1647792
-0.5519416 0.08912621 -0.1647686
0.08678055 0.1996402 -0.2953673
0.08854048 0.2240341 -0.2784292
0.1341285 0.3414065 -0.1250684
-0.513724 0.5877672 -0.1689818
-0.1624706 0.8142669 -0.1685871
-0.2696994 -0.4450657 -0.151521
0.6303801 0.2424549 -0.1290576
-0.2713207 -0.414912 -0.1518836
-0.07470793 -0.500264 -0.3490617
-0.5509176 -0.1435388 -0.1536222
-0.5839513 -0.0400006 -0.1538889
0.08496723 0.292064 -0.2004688
0.1547251 0.2101465 -0.2852556
0.6192552 0.01759773 -0.2939593
-0.5057669 0.5582001 -0.1570141
-0.2829257 -0.4732355 -0.1410786
0.623959 -0.1273046 -0.3131374
-0.2795765 -0.3995098 -0.1414199
-0.4377796 -0.2711616 -0.1442252
-0.593967 -0.02474776 -0.1430519
-0.5541708 0.1327729 -0.1433399
-0.5387366 0.1609747 -0.1432332
-0.5143427 0.1898165 -0.1443212
0.1233981 0.2471694 -0.260435
-0.5204652 0.6031907 -0.1466785
-0.515612 0.6327366 -0.1465185
0.6841705 0.1505857 -0.1580168
-0.1882512 0.7991315 -0.1472864
-0.369547 -0.634884 0.06650979
-0.3872318 -0.5377562 -0.129527
-0.5267049 -0.2186512 -0.1327482
-0.5818179 -0.1125531 -0.1324922
-0.5887724 0.06205499 -0.1326202
0.4565827 0.1396847 -0.2956553
0.5751285 0.1922911 -0.2245321
-0.3121301 0.4318678 -0.1583794
0.3659508 0.2574838 -0.2730533
-0.54023 0.5142974 -0.1345615
-0.5205292 0.5586801 -0.1354148
-0.5207105 0.5735168 -0.1355748
0.4167866 0.07407591 -0.3327208
-0.3185833 -0.4993041 -0.1194153
-0.3037357 -0.4856725 -0.1197033
-0.2896348 -0.4426765 -0.1198846
-0.4123192 -0.3151816 -0.1213032
-0.4573524 -0.2675884 -0.1215059
-0.5437285 -0.2015104 -0.1208552
-0.5532109 -0.1863642 -0.1213885
-0.5951296 -0.0967029 -0.1214205
-0.593871 0.04785806 -0.1220072
-0.5879298 0.09115278 -0.1223059
-0.5643999 0.1478871 -0.1221672
-0.5441551 0.1900619 -0.1136554
0.6554461 0.02117097 -0.2550059
0.4741075 -0.02103581 -0.381338
-0.5264063 0.5882579 -0.1251324
-0.2341485 0.7531381 -0.1256337
-0.4674534 0.5849194 -0.4254647
-0.3983888 -0.5369456 -0.1079703
-0.3837439 -0.6275882 0.07622683
-0.60378 -0.05281087 -0.1107755
-0.6066279 -0.009324195 -0.1110422
0.2619433 0.02814673 -0.4338484
0.43717 0.01660571 -0.3785221
-0.5977643 0.2892056 -0.1262737
-0.6194808 0.3099303 -0.1128768
-0.5985214 0.3518916 -0.1300389
-0.5175639 0.6325446 -0.1145088
-0.2606543 0.7222911 -0.1144874
-0.2126237 0.784124 -0.1154154
-0.4221108 -0.5484759 -0.09767726
-0.3012505 -0.4563507 -0.09837057
-0.296344 -0.4123094 -0.0986479
-0.4987485 -0.2484316 -0.09934121
-0.5752368 -0.1409469 -0.0996292
-0.6063186 -0.08135401 -0.09995986
-0.6078652 0.01980561 -0.1004932
0.006270958 0.2607583 -0.2309639
0.7296731 -0.5860641 0.07327225
0.02627035 0.2020295 -0.2760505
-0.6218594 0.2810244 -0.1020611
0.1134677 0.3549102 -0.0743393
-0.5670237 0.4852956 -0.1025944
-0.5574027 0.5296462 -0.1032131
-0.5559201 0.5590961 -0.1031171
-0.4024527 -0.5213194 -0.07619524
-0.3019117 -0.3824649 -0.08819488
-0.5314622 -0.2161873 -0.0885682
-0.5613812 -0.1853723 -0.0888242
-0.570405 -0.170258 -0.08892019
-0.6070226 0.06327099 -0.09016816
-0.572677 0.1777742 -0.09060548
-0.6329205 0.2960107 -0.09117079
-0.6306166 0.354185 -0.09151211
-0.6149904 0.3977355 -0.09129879
-0.5996734 0.4414674 -0.09119213
-0.2838643 0.7071874 -0.09330406
-0.261273 0.7380452 -0.09379471
-0.2266607 0.7687004 -0.09408271
-0.3189459 -0.4840725 -0.07690988
-0.3114261 -0.4699503 -0.07690988
-0.4841676 -0.2796521 -0.07888316
-0.6100945 -0.09530558 -0.0785845
-0.6086759 -0.008982872 -0.07886183
-0.5798447 0.192515 -0.08061111
-0.5546508 0.6032547 -0.08185907
-0.5451898 0.617281 -0.08147508
-0.4250334 -0.5328497 -0.06578489
-0.3017198 -0.4263783 -0.06621154
-0.5899884 -0.1256407 -0.06791816
-0.6240568 -0.0656425 -0.06795016
-0.5870765 0.1640039 -0.06946478
-0.6206542 0.2375698 -0.07004076
-0.6422642 0.2819418 -0.06957144
-0.6319178 0.3983968 -0.07030742
-0.6189263 0.4419796 -0.07017943
-0.6053587 0.4860102 -0.07068074
-0.571205 0.5741888 -0.07118206
-0.4095032 -0.5195275 -0.05504388
-0.2997039 -0.4118827 -0.05553453
-0.5552908 -0.21511 -0.05695315
-0.6187982 -0.09446293 -0.05720915
-0.6229901 0.006504661 -0.05863844
-0.626542 0.0355918 -0.05774247
-0.6044201 0.1212532 -0.05839311
-0.5901485 0.1785848 -0.05913975
0.5016053 -0.09206302 -0.393551
0.5666701 0.2722567 -0.1612913
0.2981022 0.1172853 -0.3330515
0.5326231 0.1656039 -0.259955
0.5183409 0.08520099 -0.3230251
0.4978828 0.3133221 -0.16303
0.6246097 0.1999068 -0.1900692
0.5992451 0.09839524 -0.2734053
0.5429695 -0.03057155 -0.349851
0.5291352 0.1375301 -0.2723387
0.6506996 0.1634279 -0.193461
0.4565507 -0.01111614 -0.3918017
0.06443454 0.03593313 -0.3577654
0.05965602 0.01630705 -0.4016788
0.5107358 0.25294 -0.2259187
0.9093691 -0.2905957 -0.07610991
0.115441 0.006088725 -0.4548932
0.5039093 -0.01844387 -0.3628746
0.6045783 0.0654362 -0.2807544
0.07660484 -0.59096 0.1190522
0.1460107 0.2688541 -0.2408196
0.1080492 0.271542 -0.2217375
0.5847815 -0.02641171 -0.3327849
0.4835579 0.3391347 -0.1267217
0.8455523 -0.3275653 -0.1255484
0.5373163 0.2915948 -0.16111
0.4613612 0.2774191 -0.2308999
0.7675707 -0.3036193 -0.1069357
-0.03777036 0.3260363 -0.128567
0.490715 0.2473401 -0.2410116
0.559481 0.1092643 -0.284829
0.2943796 0.2827311 -0.2353691
0.6973008 -0.05086963 -0.2641469
0.6796587 0.05627386 -0.2283613
0.09009776 0.01116584 -0.4388403
-0.07183871 -0.5160929 -0.3767729
0.668139 0.1852833 -0.1527369
0.6665604 0.09642199 -0.2285106
0.5799496 0.01848298 -0.3163693
0.3425061 0.3827493 -0.1085889
0.779485 -0.2797693 -0.08807755
0.775709 -0.3320558 -0.1213459
0.7730425 -0.3706893 -0.1464438
0.2935796 0.3236577 -0.193877
0.1960466 0.009629952 -0.458029
-0.06131101 0.2183597 -0.2716454
0.5541905 -0.09632955 -0.3666505
0.1373603 0.3271244 -0.1525343
0.7963912 -0.224955 -0.05881977
0.7897034 -0.293689 -0.09561866
0.1838656 0.02946935 -0.4357791
0.1623196 0.1600787 -0.3175426
0.1700207 0.1322182 -0.3355367
0.2560128 0.3688085 -0.1356601
0.4482523 -0.6257429 0.2262063
0.02097986 0.3309642 -0.08937884
0.6829972 0.01817361 -0.2306546
0.8019056 -0.2472477 -0.05698515
-0.3694297 0.6316698 -0.0941467
0.2511062 0.3289803 -0.1994342
0.2812493 0.2040987 -0.3006365
-0.3586567 0.6090145 -0.1127061
0.3512739 0.3360521 -0.1867412
0.3711133 0.3936396 -0.07756054
-0.1483591 -0.6151085 -0.3886978
-0.349985 0.64736 -0.06825948
-0.3486197 0.6280753 -0.09074414
0.0668238 -0.001388434 -0.4475547
0.5344684 0.05120733 -0.3294996
-0.336172 0.6403628 -0.0831177
-0.02289083 -0.5191755 -0.3951616
-0.3264976 0.6160758 -0.09945854
-0.3319695 0.5748609 -0.1180286
-0.1561988 0.1759502 -0.2906955
-0.1499483 0.1447511 -0.3092122
0.4618092 0.171577 -0.2870049
0.2280669 0.2852482 -0.2377477
0.7443928 -0.5651581 0.1354037
-0.3065836 0.6518826 -0.09693062
-0.3214098 0.5727703 -0.1157887
-0.3270203 0.5397152 -0.1229778
0.8016283 -0.4749741 -0.1420279
-0.04951399 -0.6199831 -0.4252514
-0.280547 0.6673914 -0.1132501
0.1444321 0.103803 -0.3432699
0.7169375 -0.5562197 -0.1146901
0.4569134 0.2156503 -0.2709841
0.8118254 -0.2380213 -0.04496418
-0.3093675 0.4990339 -0.1427426
-0.2986478 0.5193638 -0.1217299
0.09466296 0.3097703 -0.1767362
0.3849689 0.2190424 -0.2955593
0.8123267 -0.3833289 -0.1532383
0.4499269 0.2453775 -0.2602004
0.4636758 -0.611674 0.3707139
0.3339091 0.1103309 -0.3285716
-0.2790537 0.4490514 -0.1305616
-0.2987652 0.2928961 -0.1981542
0.08859381 0.3301216 -0.1338148
0.4199332 0.1127201 -0.3103855
-0.2862749 0.327967 -0.171435
-0.2602277 0.4313985 -0.1328335
0.007550919 0.8966005 -0.2732666
-0.272846 0.3531715 -0.1555742
-0.2746912 0.3281803 -0.1713604
-0.2733366 0.2658888 -0.2348251
0.8191531 -0.225275 -0.01548241
-0.2524412 0.4139804 -0.1352868
-0.2794591 0.3693632 -0.1544542
-0.2487187 0.3770854 -0.13854
-0.250596 0.2443322 -0.2552085
-0.2395243 0.3627073 -0.1442998
0.8476856 -0.247045 -0.05741181
-0.2261701 0.4105459 -0.1096876
-0.2289326 0.383016 -0.1229138
-0.2242501 0.3065917 -0.2138871
-0.2250928 0.2719153 -0.2417262
-0.2461694 0.174425 -0.2922207
0.823217 -0.3271279 -0.1260817
-0.2190449 0.3694271 -0.129911
-0.215973 0.3537903 -0.1565875
0.8206891 -0.3543804 -0.1416013
-0.2107998 0.3760297 -0.1143274
-0.2076212 0.2299966 -0.262131
0.1118571 0.2358951 -0.2697787
-0.2023094 0.3803067 -0.09862657
-0.1892858 0.3295242 -0.1957437
0.1214782 0.9542521 -0.3610613
-0.194075 0.3850959 -0.08153908
-0.1811261 0.3555287 -0.1589767
-0.1896911 0.1877792 -0.2815864
-0.0493434 -0.6392678 -0.4115558
-0.1672811 0.3393692 -0.1848746
-0.1700864 0.2475535 -0.2592404
-0.1918351 -0.6264683 0.3588103
0.3297812 0.1930378 -0.3104708
-0.1552708 0.3084156 -0.216511
-0.1566575 0.273366 -0.2438169
-0.1668545 0.1996828 -0.2729573
0.8361979 -0.3016993 -0.1086636
-0.151079 0.3587928 -0.1409293
0.8434297 -0.3549351 -0.1390627
-0.1335755 0.2958826 -0.2248521
-0.140018 0.22925 -0.261299
-0.3359054 -0.5605075 -0.1781228
-0.1223225 0.3172473 -0.2045967
-0.3343481 -0.534599 -0.1591047
-0.1135015 0.3337055 -0.1792428
-0.1160827 0.2536118 -0.2443715
-0.1015231 0.3029543 -0.2109858
-0.1078589 0.1935817 -0.2881782
-0.09338472 0.328895 -0.1741763
-0.09384336 0.2316073 -0.2640936
-0.2828936 -0.5092664 -0.1626033
0.6190311 -0.0821753 -0.3177133
-0.08408367 0.3355401 -0.1599901
-0.08229172 0.2425403 -0.2542166
-0.02276283 -0.5955358 0.2179399
-0.07272399 0.2822404 -0.2102819
-0.0730973 0.259905 -0.2296093
-0.2994478 0.08235306 -0.3002312
-0.4594217 0.2920534 -0.1850666
-0.3093355 -0.07060233 -0.3194519
-0.4591976 0.22941 -0.1772375
-0.416191 0.01814166 -0.2718587
-0.2239088 -0.03900865 -0.325713
-0.426996 0.06356964 -0.2571605
-0.2696887 0.6516374 -0.1233405
-0.481821 0.4947033 -0.1661019
-0.3301456 -0.147976 -0.3012018
-0.3198952 -0.08621792 -0.3164653
-0.492018 0.3854266 -0.1793495
-0.4275186 0.292416 -0.1899731
-0.2567718 0.1590227 -0.2946526
-0.2974106 -0.2566767 -0.24963
0.8332967 -0.4138133 -0.1460705
0.83319 -0.3984964 -0.1485984
0.6318414 -0.5056719 -0.1640326
-0.4461741 -0.2493383 -0.1658032
-0.3298789 0.005214051 -0.3019591
-0.2458495 0.08382498 -0.3228652
-0.2744246 -0.5678033 -0.2036474
-0.5245184 0.4940633 -0.1505717
-0.2332525 -0.2737215 -0.2355931
-0.2328685 -0.3056352 -0.2164364
0.7803596 -0.4429751 -0.161686
0.7805729 -0.3982084 -0.1580808
-0.3531316 0.3079462 -0.1886505
-0.428308 0.4639416 -0.1814614
-0.4779172 -0.200497 -0.1978662
0.7701306 -0.4906003 -0.1453345
-0.3526196 0.03500514 -0.2878689
-0.2588624 0.6201608 -0.1279057
-0.1482524 -0.2392372 -0.2831437
-0.2692194 0.6043746 -0.1217832
-0.3955196 0.1707237 -0.2348145
-0.128413 0.08412371 -0.3214892
0.7594749 -0.5070158 -0.1363854
0.7592295 -0.4577373 -0.1656325
0.7593149 -0.4130667 -0.1640753
-0.3086422 -0.1941613 -0.2920074
-0.2980825 -0.1628129 -0.304135
-0.3079063 -0.2928037 -0.1951463
-0.2993625 0.1734436 -0.281981
-0.3099861 0.02176822 -0.3187799
0.2020091 0.1626173 -0.3299476
-0.2561531 0.007048662 -0.3269717
-0.2993945 0.1885793 -0.2765945
-0.4446701 -0.6324947 -0.008058629
0.7373423 -0.4729902 -0.161558
-0.4242974 -0.6199831 -0.1539849
-0.3529395 0.1121975 -0.2868556
0.7275718 -0.4580893 -0.1656646
-0.4485953 0.2451536 -0.1798508
-0.4353584 -0.2298829 -0.2059727
-0.3526729 0.09677396 -0.2904395
0.7142709 -0.3979738 -0.1553289
0.7167242 -0.3836489 -0.1539316
-0.5342568 0.3532888 -0.1613873
-0.425332 -0.1971372 -0.251294
-0.3327055 0.3700349 -0.1749016
0.7062712 -0.5385349 -0.1345615
0.7060366 -0.4431031 -0.1654726
-0.4368089 -0.1199555 -0.2763919
-0.3518089 -0.07213829 -0.3000392
-0.1917924 -0.06941842 -0.3288916
-0.3328975 0.4168389 -0.1711257
-0.4490753 0.1996189 -0.1958396
-0.5350247 0.4468434 -0.1448118
0.6849918 -0.5050639 -0.1588274
-0.4370436 -0.07420752 -0.2766052
-0.3845439 0.01952825 -0.2875915
-0.1496177 0.02337885 -0.3336382
-0.2741899 -0.3085045 -0.1900798
-0.2161223 0.6363203 -0.150657
-0.2347564 0.006995348 -0.3256064
-0.2556838 -0.0853539 -0.3240171
-0.4483713 0.07822517 -0.2462701
0.4588546 -0.06025601 -0.4154703
0.6631685 -0.4580573 -0.1676378
-0.4482327 0.0327866 -0.2610537
0.6528222 -0.489619 -0.1608434
-0.447806 -0.02855563 -0.2684668
-0.3614086 -0.2949582 -0.1778242
-0.1472924 -0.4271783 -0.2139191
-0.2137011 0.06875345 -0.3278997
-0.3615153 -0.2268536 -0.2584617
-0.1491377 -0.05392017 -0.3270783
-0.395541 0.2461988 -0.1969169
0.6406198 -0.1134277 -0.3029937
-0.2134984 0.02279219 -0.3305982
-0.3607793 -0.327544 -0.1407053
-0.3424546 0.262657 -0.2081699
-0.2000268 -0.5959945 -0.2260681
-0.2018934 -0.1784924 -0.2887115
-0.2013708 -0.2254564 -0.2647442
-0.2014668 -0.2882171 -0.2456621
0.6207484 -0.535975 -0.1530463
-0.1809554 -0.1001267 -0.3223851
-0.1791634 -0.4434658 -0.2031888
-0.2777631 0.03758642 -0.3240918
-0.2850056 -0.3254853 -0.1670832
0.6104767 -0.5537131 -0.1447052
-0.4914314 0.2760006 -0.1760856
-0.1892858 -0.4899924 -0.1996582
-0.3381346 -0.5853388 -0.1867519
-0.2673848 0.05310591 -0.3269717
-0.3828693 -0.211334 -0.2637949
-0.1706837 -0.03859258 -0.3296169
-0.1807741 -0.1315925 -0.3078683
-0.1815314 0.0074433 -0.3282197
-0.371723 -0.2599726 -0.2202869
0.5876721 -0.215366 -0.3556535
-0.6696553 0.2343164 0.1508059
-0.1804434 -0.194012 -0.2833783
-0.2007522 -0.3659214 -0.2204896
-0.2780831 0.08321702 -0.3135641
-0.4460567 -0.2144486 -0.2169377
-0.170961 0.05338326 -0.3242837
-0.2127198 -0.1468774 -0.3078683
0.5662541 -0.3065952 -0.3480591
0.5664567 -0.2756309 -0.3579681
0.5658808 -0.1993238 -0.3685598
-0.4383663 0.3391987 -0.1885759
0.5571877 -0.4436364 -0.3408273
0.5552784 -0.1391443 -0.3665758
-0.2781365 0.128197 -0.293522
0.545476 -0.4101975 -0.3723143
0.545636 -0.3799157 -0.3741703
0.5450814 -0.3198215 -0.3711303
0.5450388 -0.2888571 -0.3808474
0.5446761 -0.1837402 -0.3758342
-0.1601347 -0.02285977 -0.3334568
-0.1688384 -0.3809397 -0.2202869
-0.2124745 -0.1939905 -0.2830583
-0.4385903 0.3704724 -0.1918611
-0.2105758 -0.6114287 -0.227348
-0.1693611 -0.2869372 -0.2576084
-0.1843473 0.6840737 -0.1825067
-0.1695957 -0.5184395 -0.2143031
0.5246767 -0.4411832 -0.3688691
0.5240047 -0.3493993 -0.3793648
0.523706 -0.2574554 -0.3973909
-0.2122504 -0.226075 -0.2613097
-0.4453527 -0.5943412 -0.1032664
0.5138929 -0.4902804 -0.328881
0.513829 -0.424437 -0.3850819
0.5127197 -0.1827696 -0.3894231
0.5122717 -0.137619 -0.3889751
-0.1592174 -0.1777778 -0.2954206
0.5030347 -0.4086295 -0.3931243
0.5026827 -0.3180295 -0.3960682
-0.3078956 -0.6388519 -0.205866
0.4916003 -0.2566021 -0.4094225
-0.3838293 -0.07245831 -0.2973619
-0.3400119 -0.2581593 -0.2421636
0.481798 -0.4558707 -0.3709277
-0.1589188 -0.2394399 -0.2820024
-0.2221062 -0.3513619 -0.215167
0.4716649 -0.4880831 -0.3577334
0.471025 -0.4400419 -0.3841006
0.470865 -0.3630202 -0.3987242
0.470897 -0.3480019 -0.3998975
0.470161 -0.1962519 -0.4112145
0.469745 -0.1508453 -0.4149264
0.4611053 -0.5670994 -0.3344381
0.4606466 -0.4706649 -0.3792474
0.4596333 -0.2861691 -0.417209
0.459228 -0.2254883 -0.4238221
0.4589826 -0.1057052 -0.4152037
-0.2325592 -0.4303355 -0.1830614
0.4501189 -0.5342257 -0.3542989
0.4495216 -0.4076162 -0.4061266
0.4494043 -0.3166963 -0.4153637
-0.2118878 -0.3201201 -0.2264947
-0.3405666 -0.1945453 -0.2827703
0.4395059 -0.5030159 -0.3632373
0.4388126 -0.3922246 -0.4103398
0.4388233 -0.34749 -0.4070546
0.4381086 -0.1954733 -0.4232781
0.4379059 -0.1497786 -0.4301899
0.4377779 -0.1054386 -0.4210488
0.4277409 -0.2859878 -0.4215715
0.4273569 -0.2395998 -0.4360564
0.4271223 -0.1645942 -0.4337951
0.4267809 -0.05964798 -0.426254
-0.4565524 -0.5888374 -0.08684026
-0.5443578 0.2903574 -0.1520863
0.4184079 -0.5971571 -0.3404219
0.4181732 -0.5340337 -0.3585227
0.4178852 -0.469513 -0.394127
0.4169146 -0.2707563 -0.4240248
0.4169466 -0.2244857 -0.438179
0.415368 0.1469484 -0.305063
-0.2108532 -0.4449911 -0.1901011
0.4074322 -0.5028666 -0.3687837
0.4075708 -0.3473727 -0.4170276
0.4058749 -0.1934999 -0.4499653
-0.2375404 0.6519892 -0.1447692
0.3970325 -0.5663314 -0.3439845
0.3962432 -0.3915633 -0.4203769
0.3960299 -0.315299 -0.4342858
0.3949633 -0.2384053 -0.4478427
0.3952939 -0.1334484 -0.4480987
-0.3409613 -0.1175236 -0.3039537
0.3861422 -0.5028239 -0.371525
0.3856408 -0.4220157 -0.4188836
0.3847449 -0.1929026 -0.4586157
0.3846276 -0.1628662 -0.4573677
0.3834436 0.116816 -0.3194626
0.3747399 -0.3464873 -0.4244727
0.3742706 -0.2695083 -0.4417416
0.3736626 -0.1180889 -0.4545305
0.3735985 -0.0889165 -0.447928
-0.3185512 -0.6384679 -0.2083513
-0.3368973 -0.6389266 -0.1921064
0.3648201 -0.5185142 -0.3671625
0.3636895 -0.4533855 -0.4059666
0.3643295 -0.3765131 -0.4232034
0.3637108 -0.2992461 -0.4456775
0.3633802 -0.2380746 -0.4578264
-0.545467 0.3998582 -0.1461665
0.3542391 -0.5347057 -0.3577654
0.3536098 -0.4070295 -0.4201955
0.3531832 -0.3140936 -0.448472
0.3437434 -0.5960052 -0.3553335
0.3436048 -0.5503852 -0.351835
0.3434235 -0.5005307 -0.393903
0.3430608 -0.4836032 -0.4067773
0.3430608 -0.4377166 -0.4133264
0.3422289 -0.269135 -0.4470534
0.3419195 -0.1922307 -0.4691754
0.3415355 -0.1026867 -0.4611543
0.3414822 -0.07308764 -0.4547331
0.3413115 -0.04286983 -0.4520132
0.3321918 -0.3597776 -0.4445788
0.3313705 -0.2226404 -0.4664768
0.3215041 -0.3904967 -0.4374643
0.3212802 -0.3131657 -0.4605143
0.3204375 -0.147144 -0.4706687
0.3118404 -0.6114714 -0.3553015
0.3111578 -0.4673797 -0.4209742
0.3110298 -0.4220904 -0.4214542
0.3093765 -0.07214893 -0.4693354
0.3008861 -0.5497345 -0.3596427
0.3005341 -0.4832299 -0.4153424
0.3001501 -0.3907633 -0.4379443
0.2999901 -0.3439381 -0.4553305
0.2989661 -0.116073 -0.4856122
0.2902304 -0.5343643 -0.3627786
0.2899211 -0.4995067 -0.4028201
0.2897398 -0.4367886 -0.4252087
0.2891318 -0.3131977 -0.4622743
0.2889291 -0.268271 -0.4608023
0.7288412 -0.5537131 0.1802557
-0.1264824 -0.3499539 -0.2243721
0.2798094 -0.6113114 -0.3578934
0.2783908 -0.327832 -0.4667114
0.2782094 -0.2374773 -0.472162
0.2778681 -0.1915693 -0.4811537
0.2772815 -0.08589783 -0.4892068
0.2661565 0.1023311 -0.3423845
0.2767268 0.1326022 -0.3332542
0.2690044 -0.534215 -0.3689224
0.2684177 -0.4516575 -0.4274807
0.2669671 -0.1308245 -0.4909881
-0.3422305 0.1424686 -0.2770852
0.2560128 -0.100372 -0.4971745
0.247661 -0.5796856 -0.3686024
0.247341 -0.5154849 -0.3988095
0.2468717 -0.389942 -0.4486214
0.2466051 -0.358327 -0.4643649
0.246445 -0.327512 -0.4726206
0.2461464 -0.2518875 -0.4795431
0.2456131 -0.1603809 -0.4970359
0.2369627 -0.5642834 -0.370245
0.2363974 -0.4355513 -0.4414002
0.2361307 -0.3898994 -0.4483547
0.2353307 -0.2215631 -0.483639
0.2349254 -0.1305046 -0.4967586
0.2340188 0.1326769 -0.3373927
0.2259017 -0.4990587 -0.4140091
0.225187 -0.3429248 -0.469858
0.2244511 -0.1755805 -0.4961506
0.215374 -0.5152609 -0.3998228
0.2143394 -0.2975076 -0.4740072
0.2144033 -0.2825426 -0.4747966
0.2140407 -0.2208058 -0.4946679
0.2044197 -0.4673264 -0.425902
0.2042063 -0.4195305 -0.4532506
0.204057 -0.3741772 -0.4577304
0.203161 -0.1903533 -0.5000545
0.2029797 -0.1304511 -0.4995104
0.1942226 -0.54886 -0.3730503
-0.2561851 -0.6369852 -0.216831
0.182831 -0.4352633 -0.448216
0.182383 -0.3117471 -0.4846523
0.1822443 -0.2817319 -0.4846523
0.1821163 -0.2506182 -0.4984119
-0.2382337 -0.6374545 -0.2323825
0.1728899 -0.5791523 -0.3763355
0.1728686 -0.533479 -0.3761756
0.172282 -0.4519135 -0.4332404
0.171098 -0.1752499 -0.5029343
0.08475392 0.1167414 -0.3382567
0.4359967 -0.6305321 -0.1838187
0.1619143 -0.4995494 -0.4094972
0.1613916 -0.4046082 -0.4562585
0.161221 -0.3576017 -0.4779538
0.1605383 -0.2200058 -0.5061983
0.160197 -0.1296086 -0.5124061
0.04175789 -0.5894667 0.2066229
-0.393973 -0.6373906 -0.1660912
0.1510879 -0.467369 -0.427054
0.1506079 -0.3731106 -0.4723006
0.1503306 -0.3112031 -0.4927374
0.1496373 -0.1447868 -0.5116808
0.3898861 -0.6334761 -0.07065941
0.3881474 -0.622991 0.1728746
0.1451788 0.8766225 -0.3726557
0.1448801 0.9079921 -0.382362
0.1408482 -0.5629502 -0.3874925
0.1396109 -0.2959396 -0.4970572
0.1391843 -0.2048169 -0.5099742
0.1389923 -0.1602103 -0.5057503
0.1301926 -0.5325084 -0.3868952
0.1300539 -0.5169249 -0.3912364
0.1291793 -0.3734412 -0.4696767
0.1289019 -0.2959289 -0.4966305
0.1280806 -0.114537 -0.5147634
-0.4309212 -0.6308414 -0.1438199
0.1237074 0.8922166 -0.360592
0.1188116 -0.4525642 -0.42763
0.1172543 -0.07032497 -0.5054516
0.1172436 -0.05566945 -0.4999051
-0.3603207 -0.6259349 0.1360117
0.1133397 0.8448688 -0.3375527
0.1088279 -0.5320178 -0.3921217
0.1072279 -0.2199951 -0.5090035
0.1067693 -0.1298966 -0.5112861
0.1431308 -0.5874081 -0.1029784
0.09722288 -0.3589137 -0.4638316
0.09682823 -0.312611 -0.4806417
0.09665757 -0.2506396 -0.5024331
-0.3828053 -0.6216364 0.1650775
0.08712185 -0.501608 -0.3917697
0.08576723 -0.2049983 -0.5106462
0.358815 -0.624239 -0.105229
0.08134069 0.8446981 -0.3214252
0.07686083 -0.5617555 -0.4023294
0.07633818 -0.4543241 -0.4068306
0.07520755 -0.2511302 -0.4984438
0.0747809 -0.1301525 -0.5094835
0.07483423 -0.1153049 -0.5077662
0.07459956 -0.08573789 -0.5014837
-0.3707204 -0.1935106 0.3404962
0.07120766 0.7974248 -0.2990792
0.06610915 -0.501992 -0.3883992
0.0659705 -0.4866005 -0.3892205
0.06559717 -0.423861 -0.4108625
0.06522385 -0.3450474 -0.4515652
0.06478653 -0.2984889 -0.4709567
0.05985868 0.8762704 -0.3158467
0.05542148 -0.5314631 -0.3998335
0.05436551 -0.314819 -0.4544132
0.05370419 -0.1907801 -0.5023904
0.05279756 0.1016698 -0.3471844
0.07223164 -0.5867148 -0.2764772
0.04303785 -0.1763484 -0.4954892
0.03885666 0.828784 -0.3022258
0.03406744 -0.5171062 -0.3938816
0.03453677 -0.4884138 -0.3754716
0.03366213 -0.4727129 -0.3745329
0.03280883 -0.2377653 -0.4774631
0.03267016 -0.2070249 -0.4870309
0.03214751 -0.07243694 -0.4832763
0.4547481 -0.6274602 0.2676024
0.4193892 -0.6268309 0.3559091
0.426141 -0.6211244 0.371354
0.4232077 -0.6132314 0.3829269
0.3846169 -0.61129 0.3923987
0.4464284 -0.6293162 -0.06310764
0.536687 -0.6153646 0.09941547
0.05446151 -0.6254337 0.447277
0.3447674 -0.5829815 0.1860262
0.1850069 -0.5926986 -0.2684881
0.1039747 -0.6262336 0.4403865
0.2455598 -0.6221697 0.4114807
0.1997585 -0.6271616 0.4059449
0.2644498 -0.5838029 -0.08170974
0.3135044 -0.6203564 0.09731419
0.1819883 -0.5846562 -0.2565311
0.216814 -0.5858508 0.1816637
0.601133 -0.6243776 -0.0365911
-0.05070866 -0.6195244 0.4197578
0.127334 -0.622863 0.4425625
0.1323685 -0.6261909 0.4281735
0.5720992 -0.6305642 0.00303437
0.3750385 -0.6223084 0.3810603
0.2743162 -0.5922292 0.005903617
0.1243901 -0.5885814 -0.02777003
0.3927553 -0.6291668 0.3333071
0.5652194 -0.6227457 0.05363551
0.4179705 -0.6219884 0.2743968
0.4337567 -0.6192791 0.2366913
0.3892461 -0.6273535 -0.03667643
0.2630739 -0.5861815 -0.02124223
0.02894759 -0.5925492 0.149174
0.5205382 -0.6254016 0.1633495
0.1283473 -0.5833549 0.2572667
0.5377536 -0.6274495 -0.02661807
0.137307 -0.5863094 0.2042123
0.04326184 -0.5924426 0.1135484
0.7881888 -0.5588223 0.05934201
0.5527931 -0.6270016 -0.06384362
-0.4570857 0.5755755 -0.3951403
0.5595236 -0.6266282 0.09481827
0.1372003 -0.580731 0.2950896
0.3927766 -0.6289535 -0.1338895
0.4577347 -0.6304681 -0.1795521
0.3601056 -0.6167406 0.392132
0.3315091 -0.6272575 0.1072232
0.3343357 -0.6154179 0.1357557
0.4189305 -0.6335827 -0.08461099
0.4341834 -0.624943 0.203327
0.2122594 -0.5815522 0.2537788
0.269623 -0.5820855 0.2275716
-0.5731569 0.183438 0.2334487
-0.6623062 0.2251967 0.3323151
0.2944116 -0.5821176 -0.09701595
0.2155553 -0.611482 0.4334961
0.590872 -0.6287615 0.04480378
0.5441854 -0.6217858 0.1649175
0.522586 -0.6218497 0.2185799
0.4924643 -0.6246336 0.2920496
0.4719209 -0.622991 0.3441121
0.3449914 -0.5846134 -0.2241908
0.2781987 -0.6281642 0.3853908
0.1634609 -0.5848694 0.2275076
0.3837636 -0.6309268 0.1211108
0.2969182 -0.6174125 0.05262221
0.6266683 -0.6235883 -0.01223984
0.2194272 -0.5871627 0.08695717
0.4210638 -0.6158339 0.2117214
0.3214721 -0.6146926 0.4012944
-0.649752 0.2307112 0.2162333
0.5121437 -0.6214444 0.2739702
0.5223407 -0.6294761 -0.0477161
0.2872971 -0.5948425 -0.02788736
0.3576844 -0.6276522 0.3630555
0.09057775 -0.5861601 0.2328728
-0.3662405 -0.6125274 0.3633435
0.1164223 -0.59032 0.04947564
0.3871022 -0.5932746 -0.1878292
0.789426 -0.5350044 0.1563524
0.3646388 -0.5863628 0.19313
0.3191149 -0.6296255 -0.009370589
0.3249067 -0.625967 -0.051012
0.3571724 -0.633252 0.09846616
-0.6371871 0.2052933 0.2588027
0.3144857 -0.5792164 0.2342487
0.4034323 -0.5883574 0.2413846
0.5812723 -0.6198871 0.1320225
0.337077 -0.5781283 -0.1717337
0.2959155 -0.5858401 -0.07356066
0.4036883 -0.6311507 -0.249822
-0.6074386 0.2010802 0.2111881
0.3272319 -0.5910454 -0.2418542
0.2588287 -0.5874614 0.01781793
0.4988214 -0.6131993 0.3408802
-0.6340511 0.1966323 0.3043693
-0.6431922 0.206296 0.3326245
-0.6491973 0.2223916 0.3564424
0.4924537 -0.5983624 0.3647835
0.3384956 -0.5878241 0.1697814
0.4141627 -0.6244203 -0.2138444
-0.5303423 -0.2568581 0.06118729
0.3185389 -0.6278549 -0.2696614
0.270007 -0.5826722 -0.240905
0.2720763 -0.5924639 -0.2514646
-0.6216995 0.1921737 0.3297765
-0.6295286 0.2045468 0.3560797
0.0956016 -0.5895627 0.1601496
0.2975048 -0.5783949 -0.2193483
0.2007931 -0.5877707 -0.01305048
0.1756205 -0.5874828 -0.03777507
0.3173976 -0.6163139 -0.2605417
0.0559548 -0.6038343 0.4832439
0.09935615 -0.6220844 0.4541248
-0.592591 0.1792994 0.3086678
0.335253 -0.6334333 0.0361107
0.2307655 -0.5812002 -0.2300466
0.2638632 -0.6283989 -0.2799331
-0.02641072 -0.6103514 0.4529515
0.03867532 -0.5826083 0.2764448
-0.5623839 0.1760676 0.2608719
-0.6069585 0.2132184 0.3922493
0.6513075 -0.6182551 -0.01215451
0.2461037 -0.63482 -0.2975752
-0.6083453 0.2430416 0.4138913
-0.5660318 0.1752782 0.2988121
-0.5916843 0.194115 0.3729752
0.2892491 -0.5798563 -0.1996689
-0.5731782 0.1815288 0.3492213
-0.5866925 0.2107119 0.3988945
-0.5581814 -0.1764765 0.1740905
0.2511596 -0.6182125 -0.2718907
-0.5373713 0.161412 0.2784181
-0.5772208 0.2223167 0.4107341
-0.53831 -0.2456904 0.08759715
0.3683401 -0.5952372 -0.2298013
0.568654 -0.5966665 0.2054176
-0.5521122 0.2014854 0.3949159
0.3354237 -0.6286548 0.3593863
-0.4996232 -0.2802814 0.03162017
-0.5306621 -0.2329334 0.1345611
-0.5405926 0.2170156 0.4044303
-0.4614056 -0.3080778 -0.05135332
-0.3660164 -0.6309374 0.1766931
-0.502503 0.1590547 0.3071212
-0.5300009 0.1882485 0.3917373
-0.4855649 -0.2939343 0.04614775
-0.5126041 -0.2523569 0.1363423
-0.5297556 -0.1917507 0.2117854
-0.4910581 0.1462231 0.3007108
-0.5122734 0.1736676 0.3691673
-0.5223531 0.2103278 0.4137207
-0.4661734 -0.3180615 0.01462868
-0.493394 -0.2764415 0.104898
-0.516476 -0.2278989 0.1894074
-0.473224 0.1668199 0.3265766
-0.4970952 0.1897952 0.3979238
-0.5073882 0.2254635 0.4432131
-0.4695974 -0.3119605 0.08425859
-0.5083588 -0.1869721 0.2494163
0.8221824 -0.535111 0.1035967
-0.4776611 0.1789474 0.3729752
-0.4955806 0.2134531 0.4364187
-0.4972766 0.2242367 0.4464984
-0.425492 -0.3429675 -0.0144051
-0.4525312 -0.3267439 0.06317122
-0.4652882 -0.3113738 0.103586
-0.4982364 -0.2150993 0.2381526
0.171258 -0.589584 0.1178896
-0.4793891 0.1960137 0.4159606
0.6309455 -0.6215404 0.06588048
-0.383936 -0.3383169 -0.08556029
-0.4778745 -0.2627352 0.1901221
-0.4882101 -0.2290829 0.2337261
-0.4638375 0.1912352 0.4042063
-0.4271453 -0.6388838 -0.1135274
-0.4470167 -0.6360573 -0.06254232
-0.4216948 -0.3490793 0.03132152
-0.4451821 -0.3271385 0.1026687
-0.4486593 -0.3204188 0.114871
-0.4559337 -0.2946382 0.1472754
-0.482877 -0.2136273 0.2588027
-0.3682884 -0.3496126 -0.07228069
-0.4632296 -0.2628205 0.2119774
-0.3829013 -0.3571537 -0.01084254
-0.4147404 -0.3500285 0.07197096
-0.3107542 -0.3653455 0.1262733
-0.435625 -0.291097 0.1860582
-0.3922024 -0.6413372 -0.08498431
0.7943432 -0.5182795 0.181333
-0.3956476 -0.3549671 0.08048271
-0.4123938 -0.333613 0.1339104
-0.423828 -0.302574 0.1797117
-0.4408836 -0.2556421 0.2478163
-0.4468994 -0.2274296 0.278194
-0.4492567 -0.2052009 0.2961136
-0.3528329 -0.6415611 -0.1539849
-0.3637979 -0.3688866 0.02275644
0.6246523 -0.6131459 0.1153617
-0.4096525 -0.6348733 0.02027118
-0.3316815 -0.3691106 -0.02812202
-0.4171936 -0.2780841 0.2348141
-0.4291185 -0.2214137 0.2954309
0.5957252 -0.5872161 0.2023137
0.3864088 -0.579707 0.2301422
-0.4045646 -0.6324947 0.03822264
-0.3515423 -0.3732172 0.04833434
0.3903127 -0.5858081 0.2171186
-0.3208658 -0.3760651 -0.0004321918
-0.3611526 -0.3584336 0.1096232
-0.3728003 -0.3406848 0.1482567
-0.3799681 -0.3277466 0.1731946
-0.2948186 -0.6413584 -0.1814187
-0.337612 -0.6406332 -0.07455263
0.4967522 -0.6302548 -0.07206737
-0.3162687 -0.3813236 0.04363047
0.6696216 -0.6172312 0.03047888
-0.318018 -0.378305 0.07896809
-0.3633712 -0.3049419 0.2319981
-0.3713283 -0.2804094 0.2651705
0.4760595 -0.6293802 -0.1368548
-0.3695897 -0.2180219 0.3243047
-0.2435775 -0.6403345 -0.1915838
-0.3149887 -0.6394385 -0.01338113
-0.3288123 -0.3334851 0.1887994
-0.3528969 -0.2731669 0.281458
-0.2546705 -0.6406758 -0.1349348
-0.3249937 -0.6386919 0.04110255
-0.3497503 -0.6323454 0.1061566
-0.1699798 -0.6392892 -0.3157507
-0.1913444 -0.6379773 -0.261875
-0.2646969 -0.6394064 -0.08013112
-0.3165353 -0.324664 0.2214278
-0.328247 -0.2939662 0.2673038
-0.1961976 -0.6399078 -0.2217055
-0.2251994 -0.6397159 -0.1493877
-0.3363213 -0.6346494 0.1298465
-0.3822827 -0.6298495 0.2468564
-0.3944209 -0.6256576 0.2776928
-0.3126741 -0.3113844 0.248243
-0.3259537 -0.2438877 0.3184489
-0.328471 -0.2220324 0.336603
-0.1263437 -0.6398438 -0.3661812
-0.2246234 -0.6387772 -0.09182144
-0.2537959 -0.6398118 -0.01981294
-0.2963546 -0.6398652 0.0860932
-0.3415372 -0.6329427 0.202271
-0.3742402 -0.6296681 0.2854685
-0.2494013 -0.6384786 -0.0009015109
-0.1294263 -0.6375185 -0.2697254
-0.2320365 -0.6396732 -0.01547174
-0.2811977 -0.6387985 0.1072552
-0.3126847 -0.6323987 0.1892048
-0.3708804 -0.6254656 0.3376696
-0.3745282 -0.6196951 0.3500426
-0.09013147 -0.6395345 -0.3394513
-0.2685687 -0.2772734 0.3031426
-0.2684408 -0.2504796 0.3178942
-0.1348128 -0.6334654 -0.195637
-0.1589827 -0.6376786 -0.1378894
-0.1734463 -0.6376573 -0.1017625
-0.2031627 -0.6395132 -0.028954
-0.2651022 -0.6361107 0.1271373
-0.2728139 -0.6374545 0.1455687
-0.09273406 -0.6300308 -0.2693414
-0.1030271 -0.6219137 -0.239305
-0.1853072 -0.6398865 -0.04430287
-0.1910991 -0.6372625 -0.02853801
0.6308921 -0.588944 0.1722559
-0.2438548 -0.2845692 0.2958896
-0.05721513 -0.6390225 -0.3334035
-0.06354026 -0.6370599 -0.3165613
-0.07340664 -0.6280043 -0.2871542
-0.3353081 -0.6274069 0.3650288
-0.2328898 -0.2442291 0.3202408
-0.07774783 -0.588528 -0.2253534
-0.03495445 -0.6381159 -0.3298836
-0.04292222 -0.6255509 -0.3032711
-0.05352457 -0.5909707 -0.2578644
-0.2470441 -0.6309587 0.2017804
-0.2738592 -0.6293055 0.269437
-0.3014851 -0.6296788 0.3379896
-0.3187326 -0.6241963 0.3839615
0.424509 -0.6328467 -0.2441688
-0.03560511 -0.5915467 -0.273576
-0.1471111 -0.6361853 -0.02060225
-0.02845866 -0.5848269 -0.2584831
-0.007968631 -0.5942772 -0.2854156
-0.281571 -0.6279082 0.3770178
0.009993529 -0.635428 -0.3234944
0.006953604 -0.6274069 -0.3116121
-0.1156454 -0.6382226 -0.0123785
-0.2370604 -0.6284202 0.2951536
0.01618001 -0.5898933 -0.2846903
0.01173213 -0.5844855 -0.2706427
-0.2018721 -0.6288362 0.2656718
-0.2430975 -0.6290708 0.3681967
0.04875501 -0.6377853 -0.3336168
0.0412779 -0.624303 -0.3076976
-0.1771902 -0.6288895 0.2335021
-0.07934777 -0.6380519 0.0140847
-0.1560601 -0.635748 0.2062496
0.008734866 -0.5885921 -0.1487157
-0.149191 -0.6300735 0.2215985
-0.2797151 -0.3860061 0.08685051
3 8 3758 9
3 8 10 19
3 11 13 12
3 7 19 20
3 0 3775 1
3 23 2 3
3 4 6 5
3 9 27 10
3 8 9 10
3 11 12 27
3 13 14 17
3 14 15 16
3 7 20 21
3 6 21 5
3 26 5 22
3 3 22 23
3 24 1 2
3 0 25 3775
3 23 24 2
3 9 18 27
3 18 11 27
3 13 17 12
3 14 16 17
3 24 0 1
3 6 7 21
3 7 8 19
3 3 26 22
3 26 4 5
3 28 29 30
3 2177 37 38
3 29 32 31
3 33 34 4048
3 34 2767 35
3 36 37 2177
3 36 41 40
3 28 34 32
3 28 32 29
3 34 36 2767
3 36 40 39
3 36 39 37
3 28 36 34
3 32 34 33
3 41 36 28
3 43 44 45
3 43 46 44
3 48 51 49
3 54 58 1945
3 55 42 3753
3 43 56 46
3 49 51 50
3 50 51 52
3 55 43 42
3 43 47 56
3 48 54 53
3 48 53 51
3 54 55 58
3 55 47 43
3 51 53 57
3 55 48 47
3 48 55 54
3 70 59 60
3 65 66 67
3 65 215 66
3 68 4038 69
3 63 64 67
3 64 65 67
3 70 60 61
3 63 67 68
3 69 70 61
3 62 68 69
3 62 63 68
3 61 62 69
3 72 276 2098
3 394 1848 118
3 238 2087 263
3 2115 1669 1998
3 74 133 197
3 133 492 197
3 492 151 491
3 151 87 88
3 88 87 91
3 2045 1033 228
3 1901 166 254
3 313 1179 1942
3 97 265 96
3 1945 58 55
3 2087 238 1983
3 1879 101 1034
3 877 859 258
3 257 491 128
3 112 274 611
3 115 2054 116
3 2128 263 216
3 104 783 193
3 3508 125 3671
3 211 2340 1166
3 75 107 280
3 76 75 280
3 1314 96 2212
3 153 474 401
3 107 137 863
3 262 371 878
3 275 878 2105
3 108 422 183
3 202 275 209
3 133 541 492
3 226 492 257
3 1786 145 1164
3 492 491 257
3 317 1901 299
3 141 176 149
3 119 1063 226
3 190 150 3702
3 176 153 401
3 155 199 154
3 2399 2258 172
3 316 141 108
3 2109 2063 2181
3 176 401 174
3 213 448 115
3 2301 2260 217
3 151 88 446
3 15 1787 201
3 485 167 1904
3 302 275 202
3 87 562 91
3 119 226 135
3 194 183 119
3 100 202 82
3 187 175 958
3 1686 94 205
3 293 487 1952
3 173 944 297
3 447 143 182
3 119 135 352
3 480 537 1874
3 88 91 612
3 356 352 203
3 84 688 2256
3 2252 2351 1513
3 2294 2296 2265
3 316 143 153
3 316 153 176
3 195 388 171
3 439 2236 1214
3 135 199 155
3 204 1627 265
3 448 2054 115
3 286 1167 562
3 83 1971 1964
3 208 399 1360
3 2482 179 164
3 2244 291 2265
3 99 1961 2095
3 278 136 3206
3 222 3062 223
3 3275 401 373
3 2396 1193 1797
3 2296 192 2265
3 423 234 356
3 1952 487 1904
3 2656 372 1105
3 2376 2502 138
3 1214 2236 514
3 108 74 197
3 2173 2055 146
3 148 253 121
3 3115 3127 3358
3 356 203 354
3 354 203 812
3 94 2327 205
3 260 797 2317
3 2285 241 211
3 440 161 1071
3 269 233 247
3 269 270 233
3 1396 469 1007
3 2145 1616 274
3 449 447 494
3 447 182 494
3 81 2247 156
3 1990 2018 2831
3 106 236 237
3 3431 2337 3479
3 452 2492 2563
3 246 287 229
3 287 268 230
3 229 287 230
3 268 288 247
3 230 268 247
3 288 289 247
3 289 269 247
3 226 257 199
3 487 1909 485
3 98 1140 204
3 401 474 335
3 389 117 2128
3 1552 1681 1633
3 487 485 1904
3 287 306 268
3 289 307 269
3 308 270 269
3 307 308 269
3 308 344 270
3 344 271 270
3 3526 341 2644
3 940 2020 1669
3 2393 133 74
3 2298 2056 1922
3 192 2244 2265
3 262 490 371
3 879 89 296
3 2888 643 2737
3 1891 1928 170
3 306 342 268
3 342 288 268
3 344 309 271
3 1185 1794 571
3 352 135 203
3 401 335 373
3 3407 338 1873
3 672 3011 1741
3 3423 1751 1583
3 2020 2305 3192
3 342 325 288
3 288 325 289
3 289 325 307
3 344 345 309
3 492 541 151
3 241 689 211
3 330 2995 2202
3 1396 1185 416
3 332 653 333
3 542 562 87
3 902 2254 1032
3 254 389 245
3 1997 1128 2745
3 148 2274 748
3 203 155 812
3 773 357 243
3 3435 3526 1342
3 318 1406 2560
3 3150 2618 3430
3 322 358 306
3 358 359 306
3 359 342 306
3 342 343 325
3 307 344 308
3 2763 1868 340
3 562 368 91
3 2215 122 1928
3 135 155 203
3 3275 373 3034
3 2306 1895 353
3 262 111 490
3 3200 334 221
3 1971 490 317
3 2184 362 1276
3 322 320 358
3 604 367 361
3 307 412 344
3 171 560 196
3 166 1892 254
3 2343 109 2572
3 109 2347 137
3 2347 109 2343
3 571 196 957
3 173 766 509
3 340 3456 357
3 496 938 312
3 1061 400 1048
3 400 2254 1048
3 474 495 335
3 423 356 354
3 294 1191 2180
3 198 298 372
3 2561 379 3380
3 320 407 358
3 734 408 360
3 2458 2506 2663
3 412 414 344
3 344 414 345
3 391 1807 392
3 1093 1220 2240
3 1418 137 2347
3 2888 2052 643
3 2052 2888 395
3 1048 2254 902
3 234 182 194
3 402 1569 1448
3 430 404 377
3 357 1887 243
3 433 407 320
3 550 534 411
3 388 1826 1710
3 508 625 533
3 631 503 1073
3 242 2260 2301
3 2260 242 2269
3 612 91 1044
3 194 119 352
3 2215 295 122
3 474 1075 495
3 426 450 451
3 364 1175 2502
3 304 426 451
3 243 1887 1926
3 3413 2597 2533
3 456 358 407
3 456 1445 359
3 358 456 359
3 359 1445 342
3 1445 1434 343
3 342 1445 343
3 1445 1446 1434
3 367 604 409
3 828 2719 714
3 1081 515 1584
3 393 1207 539
3 1826 442 1710
3 141 316 176
3 477 430 377
3 1438 407 433
3 454 455 1621
3 459 3859 904
3 738 1008 735
3 1008 795 681
3 641 483 410
3 462 511 383
3 576 463 767
3 2426 1349 301
3 512 576 767
3 417 539 499
3 1577 1267 467
3 508 966 436
3 966 470 436
3 627 557 791
3 2119 473 2215
3 491 151 446
3 422 1063 119
3 497 476 451
3 450 497 451
3 546 377 2586
3 546 524 377
3 524 477 377
3 418 1058 1172
3 385 384 860
3 1432 2218 2226
3 561 571 957
3 1407 417 499
3 2706 1577 467
3 489 667 420
3 209 275 2105
3 183 194 182
3 497 523 476
3 693 418 1172
3 489 1097 667
3 733 507 431
3 531 532 598
3 408 461 722
3 575 510 462
3 510 511 462
3 657 575 463
3 657 463 576
3 416 561 1432
3 1407 499 1045
3 2000 536 513
3 2393 207 133
3 207 541 133
3 267 519 520
3 474 447 1075
3 476 523 451
3 523 546 451
3 526 550 411
3 1486 535 180
3 1407 1045 1577
3 2000 538 536
3 1364 1046 1767
3 541 670 151
3 670 542 151
3 151 542 87
3 1063 492 226
3 143 183 182
3 170 1923 1151
3 2056 2256 543
3 544 564 2562
3 564 590 522
3 2562 564 522
3 602 497 522
3 565 523 497
3 566 546 523
3 679 550 526
3 527 885 504
3 666 1122 420
3 885 884 504
3 461 885 722
3 552 504 577
3 1354 762 1355
3 408 722 360
3 573 360 510
3 555 1046 679
3 860 1088 558
3 196 560 1312
3 1167 368 562
3 587 589 544
3 590 602 522
3 602 565 497
3 566 523 565
3 532 573 598
3 708 553 628
3 759 705 458
3 682 501 762
3 2103 2423 102
3 583 74 141
3 544 589 564
3 566 621 546
3 621 524 546
3 621 1541 524
3 504 884 682
3 549 593 568
3 605 642 1156
3 980 1480 591
3 510 360 511
3 1148 1294 1092
3 245 389 2128
3 1983 2132 106
3 587 637 589
3 564 618 590
3 1580 1528 1415
3 553 1353 628
3 517 528 1008
3 2100 878 275
3 631 1073 597
3 1008 738 517
3 680 470 437
3 982 736 478
3 721 982 779
3 724 398 3185
3 658 2184 1447
3 674 564 589
3 564 674 618
3 638 590 618
3 638 602 590
3 619 565 602
3 619 620 565
3 620 566 565
3 296 2330 879
3 2212 96 1707
3 241 214 689
3 2380 240 601
3 100 86 302
3 1409 2560 213
3 637 674 589
3 650 618 674
3 618 651 638
3 676 619 602
3 677 566 620
3 677 621 566
3 621 652 1541
3 1543 1541 639
3 578 644 678
3 642 680 837
3 360 383 511
3 507 551 774
3 837 528 517
3 499 539 1005
3 645 568 1650
3 568 737 1650
3 481 777 660
3 794 1767 1046
3 2451 397 792
3 413 417 1407
3 369 75 76
3 1607 298 198
3 673 700 637
3 587 673 637
3 651 618 650
3 676 602 638
3 702 619 676
3 677 620 619
3 1541 703 639
3 1358 941 1350
3 533 793 792
3 1156 837 517
3 663 664 3143
3 427 669 1169
3 660 432 481
3 143 108 183
3 123 400 1103
3 2602 406 3741
3 673 3727 3988
3 674 675 650
3 675 651 650
3 702 717 619
3 717 677 619
3 652 703 1541
3 669 187 958
3 659 623 1480
3 712 665 666
3 1435 367 1553
3 968 760 1355
3 547 501 500
3 648 516 660
3 554 533 792
3 533 625 793
3 552 527 504
3 641 709 483
3 780 627 791
3 541 240 670
3 341 3442 2644
3 2602 2535 2551
3 700 692 674
3 637 700 674
3 674 692 675
3 651 716 638
3 638 716 676
3 701 702 676
3 677 732 621
3 732 652 621
3 648 462 516
3 667 816 420
3 397 554 792
3 1786 695 145
3 713 688 324
3 214 2294 2265
3 1167 142 368
3 448 1831 2054
3 2918 2070 2560
3 3399 2714 2633
3 3988 691 673
3 406 2602 2551
3 699 673 691
3 673 699 700
3 700 715 692
3 692 730 675
3 675 730 651
3 651 730 716
3 718 677 717
3 732 703 652
3 703 704 1581
3 528 410 795
3 684 526 411
3 367 1171 361
3 736 630 478
3 534 595 529
3 1355 760 597
3 2033 2894 2150
3 1188 645 1650
3 742 713 324
3 1567 742 324
3 1103 400 1061
3 600 3741 378
3 2081 1208 2998
3 3056 699 691
3 699 729 700
3 715 730 692
3 676 716 701
3 702 731 717
3 677 718 732
3 552 577 1353
3 575 462 648
3 397 2451 623
3 816 666 420
3 722 885 527
3 654 527 708
3 609 1186 2387
3 558 2231 778
3 369 2253 107
3 2253 1180 107
3 2256 688 520
3 753 699 3056
3 700 729 715
3 729 754 715
3 715 754 730
3 716 756 701
3 701 756 702
3 731 757 717
3 732 758 703
3 683 640 628
3 774 551 720
3 574 734 360
3 547 526 684
3 556 763 555
3 514 740 739
3 2193 2208 1220
3 742 1494 713
3 743 744 2944
3 737 593 723
3 2517 3865 904
3 1609 2517 904
3 649 3431 3483
3 727 3440 751
3 801 752 310
3 769 699 753
3 769 729 699
3 787 754 729
3 730 755 716
3 716 755 756
3 702 756 731
3 731 756 757
3 757 770 718
3 717 757 718
3 770 771 718
3 771 772 732
3 718 771 732
3 1502 719 704
3 968 631 760
3 644 762 678
3 411 534 631
3 1358 1156 941
3 1088 1495 558
3 552 1353 553
3 432 660 640
3 435 1204 427
3 782 267 745
3 600 378 375
3 787 729 769
3 831 754 787
3 732 772 758
3 703 758 704
3 1226 512 767
3 461 409 884
3 507 733 723
3 721 736 982
3 530 463 777
3 1227 595 679
3 1893 1977 2107
3 848 1308 2225
3 1922 103 1737
3 440 415 558
3 1494 799 745
3 745 799 782
3 478 630 1642
3 609 784 1186
3 2455 1542 1750
3 2637 177 826
3 3150 3559 752
3 753 806 769
3 755 730 754
3 832 756 755
3 832 833 756
3 807 757 756
3 772 808 758
3 1171 556 547
3 332 788 766
3 463 575 648
3 658 1447 2369
3 579 431 623
3 424 1765 1743
3 798 506 509
3 197 492 1063
3 1970 177 2637
3 402 1674 1569
3 3383 615 727
3 806 830 769
3 833 807 756
3 834 770 757
3 807 834 757
3 770 835 771
3 771 835 772
3 835 808 772
3 551 874 720
3 722 527 654
3 941 517 738
3 471 489 420
3 1020 980 591
3 992 818 819
3 820 871 606
3 347 592 3260
3 1675 2235 707
3 186 601 1192
3 121 2376 138
3 295 112 611
3 301 828 1281
3 829 2657 2659
3 830 842 769
3 842 787 769
3 842 866 787
3 866 831 787
3 831 843 754
3 843 832 755
3 754 843 755
3 834 855 835
3 770 834 835
3 846 808 835
3 128 836 1225
3 500 501 682
3 708 527 553
3 1214 712 816
3 774 720 508
3 858 877 797
3 817 858 797
3 877 258 797
3 1421 1813 1510
3 1494 861 799
3 850 782 799
3 850 800 782
3 851 823 800
3 136 296 89
3 225 2324 1537
3 494 182 423
3 854 806 805
3 854 830 806
3 866 843 831
3 844 833 832
3 833 845 807
3 845 834 807
3 856 808 846
3 871 847 1000
3 808 871 1000
3 1244 944 789
3 463 648 777
3 706 1419 442
3 507 774 431
3 274 1186 2145
3 849 861 1494
3 861 850 799
3 862 800 850
3 862 851 800
3 2184 453 824
3 280 107 863
3 854 865 830
3 865 842 830
3 843 867 832
3 867 844 832
3 868 833 844
3 833 868 845
3 845 869 834
3 870 835 855
3 870 846 835
3 856 871 808
3 795 410 681
3 557 579 623
3 1008 505 735
3 737 568 593
3 1874 537 1248
3 861 890 850
3 890 862 850
3 3275 174 401
3 153 143 447
3 182 234 423
3 853 864 854
3 866 842 865
3 867 894 844
3 845 868 869
3 834 869 855
3 595 813 780
3 642 837 1156
3 838 471 594
3 1963 321 498
3 1156 517 941
3 679 595 534
3 594 471 603
3 880 889 861
3 849 880 861
3 861 889 890
3 194 352 356
3 864 883 854
3 883 865 854
3 883 893 865
3 893 866 865
3 867 843 866
3 894 868 844
3 868 895 869
3 869 900 855
3 896 870 855
3 846 915 856
3 856 915 871
3 2684 1969 594
3 623 431 554
3 814 815 667
3 577 626 1353
3 858 1443 877
3 877 139 859
3 888 1940 2115
3 720 874 721
3 763 1427 794
3 410 483 681
3 907 862 890
3 907 891 862
3 97 204 265
3 474 153 447
3 910 899 853
3 853 899 864
3 864 911 883
3 911 892 883
3 892 893 883
3 893 913 866
3 913 867 866
3 895 900 869
3 855 900 896
3 896 915 846
3 870 896 846
3 934 606 871
3 978 1102 2220
3 1029 1030 816
3 815 1029 816
3 1205 1214 816
3 1443 920 877
3 920 139 877
3 1931 1333 262
3 1940 876 2115
3 1910 302 86
3 1030 1205 816
3 605 793 642
3 863 137 1418
3 899 911 864
3 911 912 892
3 867 913 894
3 894 931 868
3 1771 443 469
3 432 640 683
3 1214 739 712
3 1214 514 739
3 1452 630 736
3 920 942 139
3 942 921 139
3 1088 1441 1821
3 1448 1569 2369
3 515 1105 390
3 506 1281 173
3 889 906 890
3 890 906 907
3 907 927 891
3 927 908 909
3 891 927 909
3 1564 1242 535
3 910 452 909
3 910 928 899
3 892 912 893
3 912 913 893
3 913 929 894
3 929 930 894
3 894 930 931
3 931 895 868
3 931 953 895
3 953 900 895
3 900 914 896
3 896 914 915
3 932 933 915
3 933 871 915
3 662 694 1826
3 195 662 1826
3 2379 313 1810
3 516 462 383
3 943 903 1842
3 332 333 1884
3 948 926 906
3 926 907 906
3 960 949 909
3 908 960 909
3 909 949 910
3 950 911 899
3 962 912 911
3 950 962 911
3 912 929 913
3 953 954 900
3 954 914 900
3 2210 390 2225
3 604 361 500
3 640 708 628
3 903 943 920
3 947 2433 2243
3 99 355 1961
3 949 928 910
3 961 972 928
3 972 899 928
3 972 950 899
3 962 951 912
3 951 975 929
3 912 951 929
3 929 952 930
3 952 931 930
3 952 953 931
3 954 915 914
3 933 964 871
3 964 934 871
3 2426 301 537
3 86 879 1910
3 653 1219 979
3 948 971 926
3 926 971 907
3 907 984 927
3 960 908 927
3 984 960 927
3 949 961 928
3 962 974 951
3 963 954 953
3 915 990 932
3 964 314 934
3 314 965 934
3 685 978 2220
3 779 470 966
3 528 1090 410
3 548 530 1335
3 501 684 762
3 942 969 921
3 969 983 90
3 921 969 90
3 178 90 983
3 2181 2306 2036
3 435 1933 1204
3 970 971 948
3 959 970 948
3 971 993 907
3 907 993 984
3 985 949 960
3 985 986 961
3 949 985 961
3 961 994 972
3 972 1003 950
3 973 962 950
3 1003 973 950
3 962 973 974
3 974 987 951
3 951 987 975
3 929 975 952
3 975 996 952
3 996 989 952
3 989 953 952
3 989 963 953
3 963 976 954
3 954 976 915
3 976 990 915
3 932 998 933
3 933 998 964
3 409 682 884
3 980 659 1480
3 598 510 575
3 577 644 578
3 796 779 982
3 204 225 1537
3 219 572 1176
3 993 1001 984
3 1011 960 984
3 1011 985 960
3 975 988 996
3 997 963 989
3 932 990 998
3 2008 1775 2071
3 529 595 780
3 503 529 1073
3 409 604 682
3 779 796 437
3 969 991 983
3 1012 961 986
3 994 1003 972
3 1004 974 973
3 1003 1004 973
3 1004 987 974
3 1004 995 987
3 987 995 975
3 1015 988 975
3 1016 976 963
3 1016 990 976
3 998 1006 964
3 1006 314 964
3 1006 142 314
3 282 188 1050
3 528 795 1008
3 791 980 705
3 1009 983 991
3 1052 1011 984
3 1002 985 1011
3 1002 986 985
3 1002 1012 986
3 1012 994 961
3 995 1015 975
3 1015 1027 988
3 988 1027 996
3 1028 989 996
3 997 1016 963
3 1042 990 1016
3 505 1320 761
3 709 282 483
3 983 1009 999
3 1022 1021 1047
3 108 197 422
3 1037 984 1001
3 1037 1052 984
3 1013 1003 994
3 1012 1013 994
3 1026 1004 1003
3 1026 1014 1004
3 1014 995 1004
3 1014 1015 995
3 1028 1041 989
3 1041 997 989
3 1595 184 1019
3 1172 1058 697
3 577 504 644
3 720 721 966
3 579 460 431
3 1021 1022 999
3 1009 1021 999
3 3206 136 82
3 1036 1037 1001
3 1095 1011 1052
3 1039 1002 1011
3 1039 1012 1002
3 1039 1053 1012
3 1053 1013 1012
3 1056 996 1027
3 1056 1028 996
3 1041 1016 997
3 1043 1044 990
3 1044 998 990
3 1044 1006 998
3 1176 1057 563
3 682 762 644
3 1164 1031 981
3 721 779 966
3 779 437 470
3 354 812 1050
3 2433 2432 2243
3 2029 2642 1762
3 1038 1039 1011
3 1013 1054 1003
3 1054 1026 1003
3 1054 1055 1026
3 1055 1014 1026
3 1055 1040 1014
3 1040 1066 1015
3 1014 1040 1015
3 1015 1066 1027
3 1087 990 1042
3 1087 1043 990
3 574 360 573
3 780 791 482
3 777 481 530
3 557 460 579
3 361 1171 547
3 2717 1595 126
3 789 1125 1244
3 1032 1047 902
3 74 108 141
3 257 128 154
3 194 356 234
3 1077 1052 1037
3 1095 1038 1011
3 1054 1013 1053
3 1067 1027 1066
3 1067 1056 1027
3 1056 1085 1028
3 1085 1041 1028
3 1068 1016 1041
3 1068 1042 1016
3 1828 1467 1421
3 1787 2046 2999
3 1060 266 2243
3 554 431 533
3 243 2125 710
3 966 508 720
3 1140 225 204
3 83 490 1971
3 818 351 1062
3 1053 1039 1038
3 1095 1053 1038
3 1078 1054 1053
3 1054 1064 1055
3 1064 1065 1055
3 1055 1065 1040
3 1040 1065 1066
3 1087 1042 1068
3 1144 1044 1043
3 605 647 1069
3 1432 811 2218
3 1101 1207 1089
3 1388 657 576
3 1328 759 458
3 968 1355 762
3 902 1092 1048
3 135 226 199
3 86 100 89
3 1077 1094 1052
3 1094 1095 1052
3 1095 1078 1053
3 1079 1054 1078
3 1035 331 646
3 1067 1116 1056
3 1056 1116 1085
3 1085 1068 1041
3 1086 1099 1068
3 1099 1087 1068
3 2432 1060 2243
3 874 1690 790
3 684 411 968
3 529 482 705
3 525 596 809
3 1048 1549 1061
3 1079 1064 1054
3 199 257 154
3 444 266 2039
3 1848 394 169
3 2173 146 2785
3 2350 2354 2399
3 2532 2559 1236
3 1115 1067 1066
3 1067 1115 1116
3 1085 1130 1068
3 1144 1043 1087
3 626 578 1347
3 2225 390 848
3 980 557 659
3 1075 447 449
3 1094 1077 2509
3 1110 1111 1095
3 1094 1110 1095
3 1111 1113 1078
3 1095 1111 1078
3 1078 1113 1079
3 981 498 445
3 2490 1129 188
3 1129 354 188
3 145 1963 1031
3 1116 1130 1085
3 1130 1131 1068
3 1068 1131 1086
3 1131 1132 1086
3 1132 1099 1086
3 1143 1087 1099
3 1132 1143 1099
3 1143 1144 1087
3 1145 1044 1144
3 3023 327 2790
3 383 722 654
3 331 1118 646
3 460 733 431
3 598 573 510
3 640 654 708
3 2324 1200 1242
3 1124 687 2384
3 181 76 277
3 750 2311 77
3 2619 1126 1111
3 1111 1126 1113
3 2121 403 1151
3 127 1686 2261
3 1963 498 1031
3 1141 1130 1116
3 1131 1142 1132
3 1060 1938 266
3 2363 901 1743
3 837 956 528
3 529 705 759
3 802 747 1138
3 482 791 705
3 1205 624 439
3 380 1835 2699
3 471 420 603
3 1159 1124 1123
3 1160 687 1124
3 1160 1107 687
3 1228 2299 1724
3 2167 3268 3245
3 1129 423 354
3 740 514 2300
3 495 1114 1098
3 345 326 309
3 545 1131 1130
3 545 1142 1131
3 361 547 500
3 508 436 625
3 1137 1159 1123
3 1159 1160 1124
3 1173 1107 1160
3 1107 1173 1136
3 1150 841 1136
3 839 296 136
3 337 259 2317
3 1135 1148 1147
3 335 1098 1082
3 179 1084 164
3 1082 2489 165
3 1142 1153 1132
3 1153 1143 1132
3 1183 1144 1143
3 1184 612 1145
3 1178 939 2270
3 1185 1736 1794
3 1969 838 594
3 642 436 680
3 360 722 383
3 1358 605 1156
3 383 654 516
3 1589 1159 1137
3 1173 1150 1136
3 1251 1273 1161
3 495 1075 1114
3 449 494 1165
3 1084 1165 164
3 750 163 157
3 901 1109 402
3 1797 1193 1142
3 1181 1153 1142
3 1182 1183 1143
3 1153 1182 1143
3 1183 1145 1144
3 1183 1184 1145
3 1146 1958 1664
3 1804 1187 1170
3 436 642 625
3 679 534 550
3 1219 563 693
3 405 1172 1411
3 1196 1159 1589
3 2817 2419 1175
3 134 2250 2262
3 1033 235 2095
3 2426 480 3308
3 76 280 2434
3 1193 1181 1142
3 1224 1182 1153
3 1184 836 612
3 2059 1146 1664
3 604 500 682
3 504 682 644
3 553 527 552
3 1335 530 481
3 88 836 128
3 1196 1197 1159
3 1159 1197 1160
3 1198 1173 1160
3 1198 1199 1173
3 1199 1150 1173
3 494 423 1129
3 1165 1129 189
3 2469 2476 160
3 1098 1114 1291
3 277 76 2434
3 1224 1153 1181
3 1223 1224 1181
3 1973 1916 918
3 505 681 661
3 775 1452 736
3 461 884 885
3 860 384 484
3 434 598 575
3 434 575 657
3 577 578 626
3 1150 1199 1174
3 188 354 1050
3 111 166 317
3 2372 1990 103
3 140 242 2301
3 2396 1249 1193
3 1249 1250 1181
3 1193 1249 1181
3 1181 1250 1223
3 1224 1183 1182
3 1225 836 1184
3 790 736 721
3 790 775 736
3 458 705 980
3 431 508 533
3 684 968 762
3 411 631 968
3 2143 513 1300
3 529 780 482
3 184 1595 185
3 791 557 980
3 555 794 1046
3 623 554 397
3 1197 1229 1160
3 1160 1229 1198
3 1209 1199 1198
3 1209 1230 2521
3 1199 1209 1190
3 1075 449 1165
3 207 1192 541
3 1221 1212 2538
3 2542 1213 1222
3 1225 1184 1183
3 1238 1225 1183
3 723 733 1215
3 1008 681 505
3 2262 2250 127
3 2311 750 291
3 1114 1075 1165
3 373 1082 1096
3 373 335 1082
3 859 124 2772
3 1176 375 323
3 1212 1234 1213
3 1234 1222 1213
3 164 1165 189
3 1237 1224 1223
3 1238 1183 1224
3 1265 1225 1238
3 1185 1396 559
3 1138 1228 1724
3 612 836 88
3 631 534 503
3 1046 1227 679
3 1196 1253 1197
3 1197 1253 1229
3 1229 1239 1198
3 1198 1239 1209
3 1209 1239 1230
3 1240 1230 1254
3 279 2585 255
3 1096 1082 165
3 1221 1233 1212
3 1233 1247 1212
3 1212 1247 1234
3 1234 1235 1222
3 1235 2542 1222
3 1235 1236 2542
3 1251 1237 1223
3 1237 1264 1224
3 1264 1238 1224
3 1852 538 2000
3 1713 556 1171
3 874 790 721
3 1364 813 595
3 739 740 396
3 1239 1254 1230
3 335 495 1098
3 1259 1246 1221
3 1246 1260 1221
3 1221 1260 1233
3 1262 1236 1235
3 189 1129 2490
3 1250 1251 1223
3 1264 1265 1238
3 1973 918 1980
3 571 171 196
3 1852 1007 538
3 1364 595 1227
3 816 712 666
3 767 463 530
3 556 555 526
3 1492 697 785
3 1253 1269 1229
3 1229 1269 1239
3 1254 1255 1240
3 1256 1257 1258
3 1259 1287 1246
3 1246 1288 1260
3 1271 1247 1233
3 1260 1271 1233
3 1271 1261 1234
3 1247 1271 1234
3 1261 1289 1235
3 1234 1261 1235
3 1289 1262 1235
3 1272 2532 1236
3 1274 1237 1251
3 1266 1225 1265
3 1266 154 1225
3 1398 1267 685
3 513 536 347
3 777 648 660
3 1803 1101 1397
3 780 813 627
3 815 816 667
3 760 631 597
3 1195 1302 1253
3 1253 1279 1269
3 1269 1270 1254
3 1239 1269 1254
3 1254 1280 1255
3 1165 494 1129
3 1257 1286 1258
3 1286 1259 1258
3 1299 1236 1262
3 1290 1272 1236
3 1299 1290 1236
3 1273 1251 1250
3 1264 1237 1274
3 1275 1265 1264
3 1275 1266 1265
3 458 980 1020
3 723 593 551
3 547 684 501
3 526 555 679
3 1302 1279 1253
3 1292 1270 1269
3 1270 1280 1254
3 1282 1283 1284
3 1257 1296 1286
3 1286 1287 1259
3 1297 1288 1246
3 1287 1297 1246
3 1288 1317 1260
3 1298 1261 1271
3 1318 1298 1271
3 1298 1289 1261
3 1299 1262 1289
3 1310 1274 1251
3 876 940 1669
3 1332 1266 1275
3 1097 814 667
3 528 956 1090
3 1569 2184 658
3 505 761 735
3 781 1277 790
3 790 1277 775
3 557 623 659
3 547 556 526
3 1030 629 1205
3 1352 1809 1323
3 1279 1303 1269
3 1269 1303 1292
3 1292 1293 1270
3 1270 1293 1280
3 1293 1313 1280
3 1296 1287 1286
3 1297 1316 1288
3 1317 1271 1260
3 1306 1299 1289
3 1307 1290 1299
3 453 110 824
3 1098 1291 2485
3 1332 1320 1266
3 559 1301 1185
3 1302 1303 1279
3 305 1280 1313
3 2763 340 2510
3 1287 1296 1297
3 1316 1317 1288
3 1317 1318 1271
3 1298 1305 1289
3 1305 1306 1289
3 1329 1290 1307
3 1290 1329 1341
3 1309 1311 1310
3 1311 1274 1310
3 1264 1332 1275
3 2118 340 773
3 505 661 1320
3 470 680 436
3 410 1090 641
3 774 508 431
3 1302 1335 1303
3 1303 1324 1292
3 1292 1324 1293
3 1114 1165 1084
3 305 1326 1295
3 1295 1326 1304
3 1296 1338 1297
3 1317 1327 1318
3 1328 1305 1298
3 1306 1307 1299
3 1330 1311 1309
3 1320 212 1266
3 212 154 1266
3 1185 1301 1736
3 2684 594 1252
3 503 534 529
3 660 516 640
3 627 622 557
3 1335 1336 1303
3 1336 1346 1303
3 1303 1346 1324
3 1324 683 1293
3 1293 683 1313
3 1337 1326 305
3 519 1325 520
3 1326 1347 1304
3 1347 1315 1304
3 1315 1338 1296
3 1338 1354 1297
3 1297 1354 1316
3 1316 1339 1317
3 1318 1340 1298
3 1305 1328 1306
3 1020 1329 1307
3 608 1309 1319
3 1330 1331 1311
3 1331 1274 1311
3 1331 1264 1274
3 1331 1332 1264
3 1848 611 1334
3 793 625 642
3 723 551 507
3 1313 1337 305
3 1339 1327 1317
3 1356 1318 1327
3 1318 1356 1340
3 1328 1298 1340
3 1330 1350 1331
3 1351 1332 1331
3 1736 662 195
3 1794 1736 195
3 1205 439 1214
3 516 654 640
3 1302 548 1335
3 1346 432 1324
3 683 1353 1313
3 1313 1353 1337
3 678 1315 1347
3 1354 1355 1316
3 1355 1339 1316
3 1339 1356 1327
3 1340 759 1328
3 458 1306 1328
3 1306 458 1307
3 1216 1309 608
3 941 1331 1350
3 735 1331 738
3 1331 735 1351
3 1351 761 1332
3 761 1320 1332
3 661 212 1320
3 661 812 212
3 1335 481 1336
3 481 432 1346
3 1336 481 1346
3 432 683 1324
3 628 1353 683
3 626 1326 1337
3 1326 626 1347
3 1315 678 1338
3 597 1339 1355
3 597 1356 1339
3 1356 1073 1340
3 1073 759 1340
3 458 1020 1307
3 3206 82 1357
3 1331 941 738
3 735 761 1351
3 622 460 557
3 626 1337 1353
3 1347 578 678
3 678 762 1338
3 1338 762 1354
3 597 1073 1356
3 1073 529 759
3 706 3112 1419
3 468 232 1447
3 1362 1538 1557
3 1608 1388 1651
3 1755 1497 1667
3 124 2254 130
3 1368 1343 1481
3 1403 1553 408
3 1743 525 424
3 922 331 1761
3 1565 1415 1402
3 1468 1813 1421
3 1422 1862 1860
3 2151 2690 2299
3 1388 1789 434
3 1127 2107 1162
3 1679 1760 1391
3 665 1392 1122
3 1700 1386 1405
3 1789 1401 434
3 1525 531 1401
3 1403 1435 1553
3 2577 925 1208
3 2187 599 2690
3 802 3005 1440
3 2187 2452 599
3 886 1157 1058
3 1730 1829 1400
3 160 630 1452
3 502 939 1178
3 1413 484 798
3 1830 1414 1423
3 814 1097 1119
3 1716 1719 1812
3 351 818 992
3 3417 2543 3264
3 387 325 343
3 794 1565 1767
3 1718 1715 1517
3 1281 789 173
3 1431 391 479
3 125 3508 1433
3 1434 387 343
3 1587 1147 1554
3 1501 535 1486
3 498 1584 445
3 1489 1719 1646
3 1438 456 407
3 425 2155 810
3 1434 1446 387
3 1388 434 657
3 1206 1477 2130
3 2126 1049 521
3 1446 1451 387
3 1451 412 387
3 1789 1608 1588
3 1045 499 1018
3 1438 1457 1458
3 1445 1459 1446
3 1476 412 1451
3 2369 1447 232
3 453 1164 110
3 409 1553 367
3 1730 1400 1727
3 524 1454 477
3 1721 1422 1636
3 1449 318 80
3 1450 1457 1438
3 1458 1470 1445
3 1445 1470 1459
3 1446 1460 1451
3 1032 1022 1047
3 1568 1697 1726
3 665 712 396
3 1585 1526 1417
3 1516 1467 1385
3 2753 2880 4049
3 1463 1886 1383
3 1467 1828 1385
3 1414 1420 1403
3 1482 1450 1469
3 1475 1457 1450
3 1482 1475 1450
3 1475 1458 1457
3 1459 1491 1446
3 1491 1460 1446
3 195 1826 388
3 1380 1365 1830
3 886 1169 1157
3 1701 1712 1864
3 396 1800 1799
3 1701 1864 1800
3 1376 1363 1885
3 1125 1773 1244
3 1788 1700 1474
3 1460 1485 1451
3 1451 1485 1476
3 1071 2015 440
3 1788 1629 1700
3 465 1771 1106
3 1712 1245 1864
3 1500 1458 1475
3 1500 1470 1458
3 1470 1490 1459
3 1459 1490 1491
3 1491 1505 1460
3 1460 1505 1485
3 1505 1515 1485
3 1487 1758 1739
3 1479 1368 1481
3 1499 1475 1482
3 1485 1501 1476
3 1476 1501 1486
3 1534 535 1501
3 1855 1747 1749
3 1101 1203 1397
3 1404 1629 1493
3 1711 1530 1813
3 1740 1739 1526
3 1088 2241 1495
3 1756 1649 1496
3 1747 1855 1487
3 1387 629 1345
3 1531 1482 1521
3 1531 1522 1482
3 1522 1499 1482
3 1500 1475 1499
3 1514 1470 1500
3 1470 1514 1490
3 1515 1501 1485
3 758 1502 704
3 362 2184 1569
3 1345 1405 1386
3 1468 1711 1813
3 1454 1521 1483
3 1490 1523 1491
3 1505 1524 1515
3 1515 1533 1501
3 180 535 1242
3 1739 1758 1780
3 1879 1034 1503
3 1704 1503 1390
3 1851 2991 1670
3 1386 1387 1345
3 3446 1773 1125
3 1514 1532 1490
3 1532 1523 1490
3 1491 1523 1505
3 622 627 1402
3 178 983 999
3 1417 1472 1814
3 1518 1519 1570
3 3227 1089 1207
3 559 1396 1007
3 1545 1500 1499
3 1545 1532 1500
3 1532 1514 1500
3 1523 1524 1505
3 1546 1515 1524
3 1501 1533 1534
3 1510 1843 1366
3 1406 1527 1831
3 1472 1752 1473
3 301 1281 1248
3 1207 1101 539
3 1570 1519 781
3 1519 1382 781
3 1801 1556 1379
3 1543 1454 524
3 1543 1544 1521
3 1454 1543 1521
3 1544 1531 1521
3 1522 1545 1499
3 1515 1563 1533
3 1534 1547 535
3 1029 815 814
3 1074 1464 2839
3 1429 1535 1376
3 1372 1804 1376
3 1647 1361 1506
3 1403 1420 1732
3 1473 1752 1568
3 1417 1814 1829
3 1634 1506 1361
3 1361 1540 1770
3 1540 1636 1860
3 2185 1929 1924
3 1531 1559 1522
3 1559 1545 1522
3 1532 1561 1523
3 1523 1562 1524
3 1524 1562 1546
3 1576 1515 1546
3 1576 1563 1515
3 1547 1534 1533
3 1581 639 703
3 1403 574 1423
3 1752 1555 1568
3 1557 1632 1422
3 1557 1601 1632
3 1544 1559 1531
3 1545 1560 1532
3 1560 1561 1532
3 1561 1591 1523
3 1523 1591 1562
3 1563 1582 1533
3 1582 1547 1533
3 1716 1718 1719
3 1767 1565 1402
3 1900 1567 324
3 380 2537 1835
3 478 709 641
3 1678 1849 1572
3 1574 1559 1544
3 1581 1574 1544
3 1560 1590 1561
3 1575 1546 1562
3 1546 1575 1576
3 1551 2491 73
3 3380 3394 2561
3 243 1440 2125
3 2483 2546 1194
3 1580 1650 1215
3 1415 1188 1580
3 1387 624 629
3 464 901 2363
3 1556 1714 1412
3 1833 858 1796
3 1172 697 1411
3 536 443 592
3 1492 1696 1411
3 1080 1081 321
3 1559 1560 1545
3 1590 1591 1561
3 1612 1575 1562
3 1563 1592 1582
3 1582 1593 1547
3 1593 1564 1547
3 1400 1716 1812
3 2491 636 2084
3 1606 742 1567
3 1568 1555 1697
3 1615 1750 1542
3 1391 1587 1436
3 2476 1642 160
3 73 2491 2084
3 1574 719 1559
3 1559 1602 1560
3 1560 1602 1590
3 1591 1612 1562
3 1575 1603 1576
3 1613 1563 1576
3 1603 1613 1576
3 1613 1592 1563
3 1592 1593 1582
3 1593 1604 1564
3 347 536 592
3 2637 826 4016
3 1567 1594 1606
3 509 766 798
3 443 1007 469
3 1508 1610 1703
3 2181 2063 1895
3 1599 3933 1600
3 1226 686 3816
3 775 840 1452
3 2426 537 480
3 512 1359 576
3 719 1622 1559
3 1559 1622 1602
3 1590 1623 1591
3 1613 1593 1592
3 1613 1626 1593
3 1809 1352 1302
3 1606 1494 742
3 1705 1757 1586
3 1690 874 887
3 1619 645 1843
3 1590 1653 1623
3 1623 1612 1591
3 1624 1625 1613
3 1625 1626 1613
3 1593 1626 1604
3 1537 1627 204
3 765 1988 2159
3 849 1606 1594
3 849 1494 1606
3 332 297 653
3 1759 1629 1788
3 405 1187 1617
3 1862 1632 1618
3 1019 184 1147
3 181 783 76
3 1019 1147 1587
3 1384 1548 1610
3 2563 909 452
3 1579 1508 1703
3 1030 1029 1345
3 1652 1622 719
3 1643 1602 1622
3 1643 1590 1602
3 1590 1643 1653
3 2407 967 1808
3 1333 2899 166
3 1614 849 1594
3 3676 3738 116
3 1359 1753 1651
3 1988 2154 2159
3 1372 1376 1885
3 1282 1508 1579
3 530 548 767
3 1371 1633 1681
3 1227 1046 1364
3 1861 1588 1608
3 1579 1703 1696
3 1492 1579 1696
3 1655 1575 1612
3 1654 1655 1612
3 1655 1603 1575
3 1603 1655 1613
3 1624 1644 1625
3 3885 3809 3
3 1215 737 723
3 499 741 1018
3 1436 1679 1391
3 1813 1598 1779
3 1529 1687 1284
3 1282 1284 1508
3 1284 1610 1508
3 1727 1400 1705
3 1637 840 1277
3 817 797 260
3 2450 632 2715
3 1770 1608 1634
3 1380 1632 1365
3 1928 122 1638
3 1652 1643 1622
3 1623 1684 1612
3 1684 1654 1612
3 1655 1672 1613
3 1665 1624 1613
3 1672 1665 1613
3 1665 1644 1624
3 1644 1656 1625
3 1656 1626 1625
3 1707 1626 1656
3 880 849 1614
3 905 880 1614
3 1745 1822 1668
3 737 1215 1650
3 1610 1548 1535
3 3845 1634 1753
3 3845 1506 1634
3 1861 1608 1770
3 1502 1652 719
3 629 1030 1345
3 1614 924 905
3 1497 1630 1668
3 408 1553 461
3 1388 576 1359
3 1462 1731 1823
3 1731 1714 1823
3 1538 1428 1571
3 1242 1537 2324
3 1619 1843 1779
3 386 92 1662
3 1365 1641 1578
3 1713 763 556
3 2066 1663 1664
3 1683 1643 1652
3 1643 1671 1653
3 1653 1684 1623
3 1654 252 1655
3 1665 1673 1644
3 1644 1673 1656
3 1667 1497 1668
3 1554 1092 1886
3 1835 2537 382
3 1782 741 518
3 1830 1365 1578
3 1540 1861 1770
3 661 1050 812
3 1682 549 645
3 874 551 887
3 1284 1384 1610
3 1632 1601 1365
3 1601 1641 1365
3 1492 785 1282
3 1683 1652 1502
3 1671 1693 1653
3 1653 1693 1684
3 1080 2656 1081
3 2607 2047 2067
3 1743 901 525
3 1763 1800 396
3 1554 1886 1463
3 3816 512 1226
3 1661 1637 1277
3 1881 1678 1529
3 1682 645 1619
3 1135 1550 1148
3 1361 1770 1634
3 1578 1641 1367
3 1639 1489 1680
3 1323 1809 1815
3 323 886 1058
3 1000 1683 1502
3 328 329 1692
3 1708 1643 1683
3 1708 1671 1643
3 1671 1709 1693
3 252 1694 1655
3 1655 1694 1672
3 1673 1665 1672
3 1673 1672 1685
3 1147 1148 1554
3 1127 1893 2107
3 2137 1059 1953
3 852 1100 1849
3 1371 1681 1455
3 1572 1687 1529
3 1678 1572 1529
3 307 387 412
3 1384 1666 1548
3 944 219 563
3 1631 1570 887
3 1570 781 1690
3 1000 1348 1683
3 1348 1708 1683
3 1708 1709 1671
3 1684 252 1654
3 1694 1685 1672
3 1498 1740 1526
3 1812 1489 1639
3 384 1281 506
3 1550 1135 1103
3 2486 189 2490
3 1155 2205 1780
3 1479 1481 1793
3 1252 1801 1658
3 1763 1701 1800
3 1195 1809 1302
3 1138 1724 802
3 1397 1203 518
3 1370 1519 1518
3 1507 1679 1436
3 1610 1369 1703
3 1489 1646 1682
3 1646 1689 1682
3 1391 1019 1587
3 1812 1639 1757
3 1348 1000 847
3 1709 1728 1693
3 1693 1722 1684
3 1684 1723 252
3 2220 2050 2238
3 1302 1352 548
3 1525 1830 531
3 1884 333 1695
3 1776 1463 1383
3 2263 210 1444
3 1730 1727 1702
3 1661 1277 1382
3 1814 1717 1715
3 1829 1814 1716
3 2785 3485 2173
3 1721 1379 1422
3 820 1708 1348
3 1728 1722 1693
3 1722 1723 1684
3 957 977 811
3 1400 1812 1705
3 1526 1739 1417
3 456 1438 1458
3 1565 794 1427
3 1569 658 2369
3 1518 1473 1370
3 1716 1814 1715
3 1931 262 946
3 1717 1473 1518
3 1455 1530 1711
3 1733 1727 1706
3 1525 1380 1830
3 1812 1757 1705
3 1647 1720 1361
3 1738 1466 1428
3 3069 116 2013
3 820 1734 1708
3 1708 1734 1709
3 1734 1728 1709
3 1242 1564 1537
3 605 1358 647
3 1580 1620 1528
3 1745 1668 1738
3 1830 532 531
3 1540 1720 1721
3 1361 1720 1540
3 1566 2193 363
3 1726 1697 1382
3 1188 1415 1565
3 1706 1705 1586
3 1720 1379 1721
3 1722 1735 1723
3 1535 1374 1363
3 2484 2493 165
3 1245 1155 1855
3 1692 1691 328
3 1379 1556 1422
3 1479 1472 1739
3 1780 1479 1739
3 1749 1497 1755
3 1848 169 220
3 1689 1631 887
3 201 1975 311
3 897 810 331
3 1608 1789 1388
3 1466 1727 1733
3 1442 1734 606
3 1728 1735 1722
3 1368 540 1343
3 1149 1135 1147
3 92 386 1109
3 3400 751 3380
3 1404 1387 1386
3 788 1520 766
3 1659 441 1493
3 414 1486 180
3 1370 1725 1382
3 622 1620 460
3 1252 1462 1801
3 1462 1823 1801
3 1585 1829 1730
3 1748 992 819
3 1571 1428 1552
3 1789 1588 1401
3 1650 1580 1188
3 922 1762 2642
3 412 1486 414
3 1024 1728 1734
3 794 555 763
3 193 181 1921
3 1170 1429 1376
3 2222 1788 1474
3 1703 1429 1170
3 283 3412 284
3 613 1744 1748
3 1527 1504 73
3 1798 1811 1746
3 1798 1119 1811
3 1739 1472 1417
3 1855 1758 1487
3 1745 1538 1362
3 1586 1766 1530
3 1601 1538 1465
3 2195 1685 1694
3 1734 820 606
3 1728 1024 1735
3 1675 1178 85
3 938 2793 1792
3 1681 1530 1455
3 1830 1423 532
3 3816 1394 512
3 982 478 1090
3 1411 1696 1187
3 1389 1565 1427
3 1629 1790 1493
3 1493 1790 1659
3 427 2450 3708
3 1673 872 1656
3 1661 1697 1756
3 1412 1745 1362
3 1465 1538 1571
3 1538 1738 1428
3 1720 1647 1379
3 1018 741 1782
3 2020 2025 2305
3 1764 2363 1743
3 1765 1764 1743
3 1861 1540 1860
3 1549 1048 1092
3 1535 1776 1374
3 1263 2572 109
3 102 1108 580
3 1137 1774 1589
3 2839 1464 1936
3 563 1057 418
3 1703 1369 1429
3 1516 1371 1467
3 1371 1455 1467
3 1768 1645 1119
3 3508 2991 1851
3 956 796 1090
3 1375 1675 85
3 1687 1384 1284
3 1428 1466 1552
3 525 901 596
3 1509 1785 1503
3 1758 1155 1780
3 991 969 943
3 465 443 1771
3 1420 1367 1516
3 1412 1362 1557
3 2656 515 1081
3 1463 1777 1778
3 1401 1597 1525
3 379 1765 1035
3 1776 1777 1463
3 1415 1511 1402
3 1435 1820 1171
3 348 200 215
3 957 2239 977
3 1675 1375 2235
3 1864 1245 1855
3 2998 3346 339
3 1718 1716 1715
3 1402 1511 622
3 2100 275 1635
3 1169 158 1157
3 656 1785 655
3 1696 1703 1170
3 159 852 1849
3 1511 1528 622
3 1688 1244 786
3 367 1435 1171
3 1798 1768 1119
3 1374 1383 1373
3 1106 1781 227
3 1092 1047 1021
3 1757 1680 1619
3 1405 1345 1029
3 1645 1405 1029
3 1642 709 478
3 1517 1717 1518
3 1717 1472 1473
3 1649 1566 1648
3 1121 1785 1509
3 1718 1517 1646
3 144 1441 1088
3 1698 1395 1798
3 1629 1838 1790
3 707 1512 1675
3 1203 1512 707
3 1467 1455 1711
3 496 455 454
3 1700 1629 1386
3 734 1403 408
3 1791 1314 1796
3 1990 519 800
3 1698 1798 1746
3 693 1172 405
3 967 1774 3859
3 1251 1161 1310
3 1162 374 809
3 809 374 425
3 1732 1820 1435
3 380 1688 1802
3 1666 1776 1548
3 1507 1777 1776
3 1620 733 460
3 1119 1645 814
3 1666 1507 1776
3 1658 1647 1322
3 1488 1755 1667
3 1687 1509 1384
3 1777 1507 1778
3 161 558 778
3 1796 1821 1441
3 817 260 1796
3 486 390 2210
3 967 1815 1774
3 1815 1809 1195
3 1528 1620 622
3 1498 1526 1630
3 1421 1389 1427
3 1436 1554 1778
3 1526 1585 1730
3 1801 1823 1556
3 1466 1668 1702
3 1507 1436 1778
3 1641 1633 1367
3 1706 1727 1705
3 1412 1557 1422
3 539 1101 1803
3 1005 539 1803
3 942 943 969
3 665 396 457
3 396 1799 457
3 1830 1578 1367
3 381 3386 1416
3 299 1901 1139
3 1642 630 160
3 905 925 880
3 1554 1148 1092
3 1695 1617 1804
3 1740 1487 1739
3 1690 781 790
3 1540 1721 1636
3 739 396 712
3 227 1781 1701
3 1901 254 1139
3 1252 1658 1660
3 1778 1554 1463
3 1535 1363 1376
3 282 1050 483
3 2015 1874 385
3 440 2015 385
3 1732 1435 1403
3 144 1832 1441
3 446 88 128
3 1701 1837 227
3 278 3881 136
3 1759 2224 1838
3 1629 1404 1386
3 1216 1358 1309
3 218 538 1007
3 693 563 418
3 1587 1554 1436
3 839 2330 296
3 920 1443 903
3 1749 1747 1497
3 1487 1740 1498
3 1660 1658 1573
3 1588 1597 1401
3 1448 2369 1162
3 1874 1248 385
3 1267 1045 978
3 573 532 574
3 2732 2174 1817
3 1070 1832 144
3 1832 1796 1441
3 1799 1749 1539
3 1415 1528 1511
3 665 457 1392
3 2056 2298 2424
3 1714 1667 1822
3 1393 1539 1488
3 1564 535 1547
3 1393 1731 1462
3 1488 1749 1755
3 3751 1753 1359
3 570 1062 2142
3 1420 1385 1732
3 1732 1385 1820
3 1832 1833 1796
3 1414 1403 1423
3 697 1157 785
3 1405 1768 1395
3 1843 1565 1366
3 1510 1366 1389
3 1267 978 685
3 1745 1738 1538
3 1393 1488 1731
3 1421 1510 1389
3 1188 1565 1843
3 1760 1704 1390
3 515 2656 1105
3 1864 1855 1749
3 1542 2455 2273
3 1155 1758 1855
3 1479 1793 1555
3 1752 1479 1555
3 1382 1277 781
3 1444 210 3194
3 1400 1829 1716
3 1651 1388 1359
3 860 1070 144
3 1841 1832 1070
3 1543 639 1544
3 1544 639 1581
3 1768 1405 1645
3 1941 1890 2902
3 3840 2200 3856
3 1378 1815 967
3 469 416 1432
3 3507 303 2633
3 1473 1568 1725
3 1621 455 1105
3 1278 1503 1034
3 1392 1393 1462
3 1618 1632 1380
3 1122 1392 1462
3 1747 1498 1497
3 1474 1405 1395
3 824 728 1447
3 1695 1804 1372
3 499 1005 741
3 1414 1830 1420
3 484 1413 1070
3 1385 1828 1820
3 1443 858 1833
3 1840 1443 1833
3 2046 339 2999
3 1378 1846 1815
3 1846 1323 1815
3 1827 3367 3240
3 1781 1155 1245
3 1369 1535 1429
3 1585 1417 1829
3 1472 1717 1814
3 1556 1412 1422
3 1278 1399 1019
3 1390 1278 1019
3 1420 1516 1385
3 1442 1024 1734
3 2732 430 2174
3 1018 1782 2050
3 1381 1368 1479
3 1363 1877 1885
3 1715 1717 1517
3 1790 1838 2229
3 2143 1300 2204
3 1413 1520 1070
3 1520 1841 1070
3 903 1443 1840
3 1695 1372 1884
3 1767 1402 1364
3 1282 785 1283
3 467 1267 1398
3 1604 1626 1627
3 1747 1487 1498
3 1863 1660 1573
3 1557 1538 1601
3 2194 518 1203
3 1780 1381 1479
3 1711 1468 1467
3 1381 1780 2205
3 1844 1833 1832
3 1841 1844 1832
3 1845 1840 1833
3 1844 1845 1833
3 1842 903 1840
3 1845 1842 1840
3 3565 3119 3311
3 796 982 1090
3 2656 198 372
3 1779 1843 1510
3 1539 1749 1488
3 1122 1462 1430
3 1466 1733 1552
3 1634 1608 1651
3 1619 1680 1682
3 1390 1019 1391
3 848 1513 1308
3 1713 1828 1427
3 1343 1566 1481
3 1481 1566 1649
3 1252 603 1430
3 1472 1479 1752
3 1374 1776 1383
3 1525 1618 1380
3 532 1423 574
3 413 1407 1577
3 824 110 728
3 798 1520 1413
3 1830 1367 1420
3 1697 1481 1649
3 1846 1847 1323
3 1170 1376 1804
3 1630 1526 1702
3 1526 1730 1702
3 1668 1630 1702
3 1667 1668 1822
3 1636 1422 1860
3 1753 1634 1651
3 1474 1700 1405
3 173 332 766
3 887 551 593
3 766 1520 798
3 1853 1842 1845
3 254 1892 389
3 1556 1823 1714
3 1714 1822 1745
3 1760 1509 1704
3 1718 1646 1719
3 1713 1171 1820
3 978 1045 1102
3 1702 1727 1466
3 1580 1215 1620
3 1358 1216 647
3 1395 1768 1798
3 1871 1844 1841
3 1858 1845 1844
3 1871 1858 1844
3 1858 1853 1845
3 1820 1828 1713
3 3743 1834 3744
3 1689 593 549
3 1679 1509 1760
3 1488 1667 1714
3 1812 1719 1489
3 1610 1535 1369
3 1005 518 741
3 1725 1568 1726
3 1390 1503 1278
3 2242 1203 707
3 513 347 1300
3 1680 1489 1682
3 1555 1481 1697
3 1620 1215 733
3 943 942 920
3 1793 1481 1555
3 3383 319 2723
3 813 1364 1402
3 1510 1813 1779
3 437 796 956
3 1806 559 1007
3 1852 1806 1007
3 1841 1520 1871
3 1865 1842 1853
3 1866 943 1842
3 1865 1866 1842
3 128 1225 154
3 1847 1352 1323
3 1548 1776 1535
3 531 434 1401
3 1862 1618 1860
3 1422 1632 1862
3 1570 1690 887
3 1661 1756 1637
3 1496 1615 1637
3 828 714 1281
3 1869 1853 1858
3 1869 1865 1853
3 1101 502 1203
3 740 1763 396
3 3048 1872 1847
3 1847 1872 1352
3 1666 1679 1507
3 1641 1465 1633
3 1598 1766 1779
3 1779 1766 1619
3 1552 1706 1681
3 1706 1586 1681
3 1518 1570 1631
3 1658 1801 1379
3 1647 1658 1379
3 1834 1691 3744
3 1252 1660 1863
3 1800 1864 1749
3 1800 1749 1799
3 1045 1018 1102
3 1370 1473 1725
3 1782 518 2194
3 1252 594 603
3 1421 1467 1468
3 1725 1726 1382
3 1875 1520 788
3 1520 1875 1871
3 1871 1869 1858
3 1866 991 943
3 858 817 1796
3 538 218 536
3 967 3859 1808
3 457 1799 1539
3 919 465 1772
3 1509 1679 1666
3 1517 1518 1631
3 1689 1517 1631
3 1430 1462 1252
3 1877 1866 1865
3 1453 991 1866
3 1886 1453 1866
3 1102 1018 2050
3 891 909 851
3 1493 441 624
3 1550 1103 1294
3 1736 1189 662
3 457 1539 1393
3 3374 3448 2597
3 1687 1121 1509
3 116 3069 3676
3 1682 1689 549
3 478 641 1090
3 1860 1618 1597
3 1399 1595 1019
3 1697 1649 1756
3 1731 1488 1714
3 1493 624 1387
3 1404 1493 1387
3 1828 1421 1427
3 1756 1496 1637
3 1509 1503 1704
3 1637 1615 840
3 1100 1121 1572
3 1884 1875 788
3 1871 1876 1869
3 1877 1865 1869
3 1876 1877 1869
3 1597 1618 1525
3 422 197 1063
3 1080 198 2656
3 1106 1432 2226
3 1543 524 1541
3 1872 686 1352
3 814 1645 1029
3 1713 1427 763
3 1757 1639 1680
3 1861 1860 1597
3 2572 1263 1783
3 1586 1530 1681
3 1571 1552 1633
3 1309 1358 1330
3 1658 1322 1573
3 1101 1089 939
3 1649 1648 1496
3 1760 1390 1391
3 1250 1249 1273
3 1696 1170 1187
3 171 388 560
3 1877 1883 1866
3 1883 1886 1866
3 1474 1395 1698
3 1284 1881 1529
3 1352 767 548
3 1382 1697 1661
3 1509 1666 1384
3 1601 1465 1641
3 3297 2706 467
3 1766 1598 1530
3 1633 1465 1571
3 1517 1689 1646
3 1530 1598 1813
3 502 1512 1203
3 441 439 624
3 1875 1372 1871
3 1871 1372 1876
3 1885 1877 1876
3 1330 1358 1350
3 991 1021 1009
3 71 2132 238
3 1357 82 1878
3 686 1226 1352
3 1226 767 1352
3 457 1393 1392
3 1615 1452 840
3 1586 1757 1766
3 1588 1861 1597
3 902 1047 1092
3 1633 1516 1367
3 440 385 415
3 370 114 1375
3 1572 1121 1687
3 3033 2085 2722
3 734 574 1403
3 1875 1884 1372
3 1372 1885 1876
3 1883 1373 1886
3 1886 1021 1453
3 1363 1374 1877
3 1668 1466 1738
3 2674 3448 3377
3 853 2545 2508
3 693 979 1219
3 2366 1442 916
3 1294 1103 1549
3 3293 413 1577
3 1766 1757 1619
3 1633 1371 1516
3 1412 1714 1745
3 1497 1498 1630
3 1670 3393 1640
3 1615 1542 1452
3 1542 160 1452
3 1552 1733 1706
3 1374 1883 1877
3 1374 1373 1883
3 1373 1383 1886
3 887 593 1689
3 1366 1565 1389
3 531 598 434
3 1595 1399 126
3 1092 1021 1886
3 1370 1382 1519
3 1712 1701 1781
3 1921 1912 1888
3 3877 582 1839
3 389 2333 117
3 2025 2020 940
3 12 776 3683
3 1492 1411 697
3 1577 1045 1267
3 3017 3236 3072
3 2109 2181 1154
3 152 2834 1991
3 582 2693 945
3 146 293 1917
3 493 3057 2843
3 1091 1836 3297
3 2531 2501 3823
3 1898 1899 1900
3 167 170 1904
3 232 1893 1127
3 1893 1915 1888
3 1888 1915 1921
3 374 2137 1953
3 1905 3342 3285
3 129 113 876
3 1909 1911 292
3 1888 1912 2078
3 485 1909 292
3 582 488 95
3 292 1911 2119
3 201 1787 1975
3 3217 3226 3053
3 2820 162 2749
3 254 245 2089
3 391 2318 1795
3 2034 1893 232
3 1091 3297 467
3 2034 1935 1893
3 1935 1915 1893
3 113 940 876
3 2351 1308 1513
3 2053 765 764
3 2899 2892 166
3 1918 609 473
3 1972 1973 1980
3 1918 1919 609
3 391 1795 668
3 1919 784 609
3 2156 2158 2381
3 784 2156 2381
3 1923 228 334
3 14 2046 1787
3 1952 1904 403
3 415 860 558
3 947 2120 2433
3 2180 2312 1927
3 479 391 668
3 719 1574 1581
3 821 1744 613
3 2699 600 375
3 2107 2137 374
3 220 169 2045
3 724 2720 398
3 1953 1059 1979
3 425 1953 1979
3 82 202 1878
3 1938 1179 2379
3 1176 323 1057
3 254 2089 1139
3 2757 2727 2030
3 1939 79 389
3 1962 1948 1163
3 2902 1333 1931
3 1512 1178 1675
3 2178 2171 1992
3 1954 1134 185
3 805 4021 854
3 1396 416 469
3 318 2707 1406
3 129 2381 1960
3 2127 2072 1947
3 355 1998 1669
3 1005 1803 518
3 938 1792 1513
3 852 1937 1100
3 1146 2159 1958
3 852 958 1937
3 1785 656 2408
3 175 1100 1937
3 3743 3282 1834
3 2216 582 3877
3 2216 2885 582
3 1059 134 1979
3 1059 1166 134
3 65 349 215
3 2100 946 878
3 425 374 1953
3 1957 2012 1956
3 1992 2159 1146
3 2131 1973 1972
3 1990 800 2259
3 1916 1973 1913
3 175 187 668
3 2093 2034 232
3 1409 1410 2560
3 1998 888 2115
3 1878 202 3195
3 416 1185 561
3 1133 2004 2005
3 1935 2061 1915
3 2094 1921 1915
3 2061 2094 1915
3 250 2007 2721
3 2089 216 2032
3 2170 1947 1986
3 3208 2027 2032
3 1923 334 1151
3 415 385 860
3 3817 152 2264
3 876 1669 2115
3 2166 1988 3484
3 2117 2072 2021
3 2167 3245 350
3 3198 256 2043
3 93 2087 1983
3 427 1204 669
3 1943 2583 2023
3 15 14 1787
3 596 402 1448
3 1917 1952 78
3 315 237 1917
3 1983 106 256
3 1688 2699 375
3 1954 2394 123
3 2062 1989 2113
3 1874 2015 3337
3 2022 1992 2031
3 200 201 215
3 1839 582 95
3 2014 2009 472
3 2841 3040 2042
3 2159 2051 1958
3 376 2002 2003
3 263 2087 346
3 2121 1151 2248
3 2121 78 403
3 106 315 256
3 2789 2784 2074
3 2178 2022 2072
3 313 2136 1810
3 3269 3260 919
3 2051 1957 2066
3 2010 2099 1995
3 2008 2071 616
3 898 1856 1940
3 232 468 2093
3 3841 1322 1506
3 1321 1125 714
3 1979 134 2161
3 1979 2161 2155
3 2073 2743 2744
3 1105 1017 390
3 66 215 2483
3 475 294 2180
3 2795 2604 2609
3 2058 256 3198
3 1243 1900 1899
3 2034 2061 1935
3 1558 1678 1881
3 1283 1157 1881
3 1806 1301 559
3 1992 1146 2031
3 2071 2142 2162
3 216 346 2032
3 2072 2031 2086
3 1924 1929 2011
3 2312 2688 2156
3 294 2030 2727
3 1937 958 175
3 1795 1100 175
3 1070 860 484
3 1958 2066 1664
3 2066 1957 1663
3 394 235 1932
3 169 394 1932
3 2678 1138 747
3 2072 2086 2021
3 2072 2117 2088
3 1924 2011 2138
3 888 118 1940
3 2032 1139 2089
3 1146 2059 2101
3 1033 2095 3202
3 2064 2062 2113
3 513 2096 2000
3 317 2028 1971
3 1112 2419 2386
3 2419 2536 2386
3 78 2121 2026
3 2021 2086 3429
3 346 2446 2032
3 1957 1956 1955
3 1663 1957 1955
3 2090 2072 2088
3 2136 1942 2019
3 1101 939 502
3 2228 2194 1203
3 2079 1962 2091
3 295 220 122
3 2488 3212 3450
3 71 2746 2785
3 1992 2022 2178
3 1980 2127 1947
3 1959 1980 1947
3 1959 1947 2170
3 1929 1986 2010
3 263 346 216
3 2935 2919 2430
3 1986 2090 2099
3 2010 1986 2099
3 1775 2010 2071
3 616 2071 2162
3 2103 1942 1943
3 1955 1806 2102
3 2090 2088 2141
3 3760 3768 1903
3 1794 195 571
3 2093 2061 2034
3 1977 365 2104
3 2063 2014 472
3 2113 1989 2112
3 1128 1997 1154
3 1616 2145 1940
3 220 295 1848
3 2082 1168 1322
3 1168 1573 1322
3 2127 2178 2072
3 2078 206 1059
3 1856 2381 129
3 2138 2011 1775
3 1948 2138 2008
3 2138 1775 2008
3 2088 2117 2141
3 64 1285 2880
3 2299 2690 599
3 317 2027 2028
3 2010 1995 2071
3 1512 502 1178
3 1469 1450 1456
3 1157 1558 1881
3 1888 2078 2104
3 365 1888 2104
3 295 611 1848
3 2162 2142 1062
3 1169 669 958
3 2675 2627 2120
3 2093 2140 2061
3 2061 2140 2094
3 245 216 2089
3 170 1151 403
3 118 366 394
3 1759 1788 2224
3 312 848 1017
3 2145 898 1940
3 1978 1956 2001
3 2167 350 1189
3 1301 1978 2001
3 571 195 171
3 2404 1918 473
3 2591 3904 1896
3 2147 193 2094
3 117 263 2128
3 2004 3016 3296
3 1146 2101 2031
3 3244 2012 239
3 3785 3164 725
3 1913 3492 1916
3 1803 1397 518
3 99 366 1998
3 2086 2204 2197
3 1168 1863 1573
3 445 2093 468
3 2004 2967 3016
3 632 2450 323
3 2423 1943 2023
3 366 888 1998
3 117 238 263
3 312 938 848
3 2059 1664 1999
3 2031 2143 2086
3 2099 2133 1995
3 266 1810 2039
3 2101 1999 2096
3 2102 1806 1852
3 1736 2167 1189
3 2068 2230 2880
3 2096 1999 2000
3 1244 219 944
3 21 20 3789
3 2453 2620 2421
3 1638 220 1923
3 219 1176 563
3 2140 2093 445
3 1972 1980 935
3 1918 2404 1919
3 389 79 2333
3 2031 2101 2143
3 1301 2001 1736
3 2789 2144 3148
3 425 1979 2155
3 669 479 668
3 2146 1810 2019
3 2168 2094 2140
3 2168 2147 2094
3 3211 1983 2058
3 1985 2138 2149
3 110 1164 981
3 2137 1977 2104
3 2159 2154 2051
3 2099 2141 2133
3 706 1189 3112
3 2019 1810 2136
3 3016 2967 3296
3 1121 1795 1785
3 2147 104 193
3 2103 2019 1942
3 2051 2066 1958
3 668 1795 175
3 2681 2151 1228
3 2107 1977 2137
3 420 1122 603
3 2170 1986 1929
3 1920 2111 3763
3 1431 479 1204
3 521 1786 453
3 2022 2031 2072
3 210 3205 3194
3 2086 2143 2204
3 2027 1139 2032
3 616 2162 1268
3 2162 1062 351
3 938 1513 848
3 1956 1978 1806
3 2210 2140 445
3 106 237 315
3 1956 1806 1955
3 918 2178 2127
3 2210 2168 2140
3 1985 2169 2138
3 1437 2170 1929
3 1437 935 2170
3 394 366 235
3 765 2159 2171
3 2777 2867 2331
3 1737 2831 1060
3 2831 1938 1060
3 747 1440 243
3 215 311 2483
3 2101 2096 2143
3 99 1998 355
3 1981 3882 2190
3 2006 2720 724
3 881 2154 2166
3 1983 256 2058
3 2795 1179 1938
3 2893 2795 1938
3 366 99 235
3 714 1125 789
3 2178 918 2171
3 764 765 2171
3 918 2127 1980
3 2011 2010 1775
3 2102 1852 1999
3 916 606 934
3 3395 381 1416
3 2071 570 2142
3 935 1959 2170
3 1956 2012 2001
3 118 888 366
3 393 539 2894
3 392 873 391
3 261 2351 104
3 592 443 465
3 235 99 2095
3 1932 235 1033
3 3069 2013 2183
3 300 121 253
3 3087 2183 2123
3 2112 2079 2091
3 1962 1163 2069
3 918 1916 764
3 2096 513 2143
3 2192 540 1368
3 1978 1301 1806
3 1154 2181 1991
3 365 1893 1888
3 2021 3429 2117
3 1282 1579 1492
3 1685 2199 1673
3 346 2087 93
3 1893 365 1977
3 2214 2186 2130
3 232 1127 2369
3 1368 1381 2192
3 2205 2192 1381
3 2230 64 2880
3 2101 2059 1999
3 2071 1995 570
3 2168 261 2147
3 2112 1989 1968
3 218 1007 443
3 1962 2069 2091
3 2199 872 1673
3 2193 1566 1343
3 1941 1931 945
3 2138 2169 1924
3 1947 2090 1986
3 1664 1663 1999
3 2104 2078 2137
3 2110 2039 2146
3 3429 2086 2197
3 2149 2138 1948
3 515 390 486
3 2238 2050 2234
3 1712 1781 1245
3 2207 1343 540
3 935 1980 1959
3 1962 2149 1948
3 1795 1121 1100
3 582 945 488
3 1268 2162 351
3 2199 1685 2195
3 2137 2078 1059
3 2099 2090 2141
3 1955 2102 1999
3 1663 1955 1999
3 1308 261 2168
3 2761 2110 2019
3 1771 469 1432
3 2206 2192 2205
3 2206 540 2192
3 2207 2193 1343
3 2207 2208 2193
3 901 402 596
3 558 1495 2231
3 1617 1695 979
3 2169 2185 1924
3 346 3210 2446
3 2199 1707 872
3 144 1088 860
3 2227 392 1807
3 444 2039 2750
3 1947 2072 2090
3 2169 1104 3517
3 1807 435 2227
3 1781 2205 1155
3 2219 540 2206
3 2219 2207 540
3 2234 2050 1782
3 196 1312 2240
3 2187 2198 2452
3 536 218 443
3 1093 1312 2413
3 2171 2159 1992
3 1796 1314 1821
3 1891 170 167
3 2110 2759 2039
3 1928 1891 2215
3 2213 838 1969
3 1884 788 332
3 159 958 852
3 1506 1322 1647
3 2218 2205 1781
3 1312 1093 2240
3 2225 1308 2168
3 1308 2351 261
3 1088 1821 2241
3 2237 1821 1707
3 2199 2237 1707
3 1821 2212 1707
3 2693 582 2885
3 2010 2011 1929
3 2217 1694 399
3 1698 1484 2209
3 215 201 311
3 333 979 1695
3 1106 2226 1781
3 2226 2218 1781
3 2218 2206 2205
3 2240 2208 2207
3 196 2240 2239
3 2445 1449 1925
3 1674 402 1109
3 561 957 811
3 2070 318 2560
3 2241 2211 2217
3 2232 2195 2211
3 2232 2199 2195
3 2199 2232 2237
3 873 656 655
3 561 1185 571
3 2210 2225 2168
3 1698 2234 2222
3 2222 2228 1788
3 2228 2223 1788
3 1788 2223 2224
3 2224 2229 1838
3 1849 1100 1572
3 1984 1985 2149
3 1771 1432 1106
3 145 1031 1164
3 1102 2050 2220
3 2240 1220 2208
3 1201 2233 1426
3 2124 2149 1962
3 606 916 1442
3 2241 2232 2211
3 2223 2242 2224
3 2235 1790 2229
3 2012 1957 239
3 917 2163 2111
3 2124 1984 2149
3 1804 1617 1187
3 561 811 1432
3 1826 706 442
3 2318 1785 1795
3 2209 2238 2234
3 2234 2194 2228
3 2222 2234 2228
3 2223 2228 2242
3 2242 2229 2224
3 707 2235 2229
3 1050 681 483
3 1629 1759 1838
3 486 445 1584
3 811 2206 2218
3 977 2219 2206
3 977 2239 2219
3 2239 2207 2219
3 2239 2240 2207
3 2231 2241 2217
3 1999 1852 2000
3 782 519 267
3 2227 873 392
3 1032 2254 178
3 2241 2237 2232
3 1925 1449 80
3 2242 707 2229
3 3816 686 3048
3 444 2780 2243
3 811 977 2206
3 957 196 2239
3 1495 2241 2231
3 2241 1821 2237
3 2234 1782 2194
3 2228 1203 2242
3 2245 157 2310
3 157 163 2310
3 2405 156 2326
3 156 2247 2326
3 2246 2400 131
3 77 2354 2350
3 1033 3202 221
3 2274 2251 748
3 134 2340 2250
3 2251 251 2336
3 2354 2258 2399
3 1635 275 302
3 924 1614 923
3 121 138 2358
3 96 265 1707
3 147 92 1109
3 2358 138 105
3 2261 205 3270
3 138 2502 2389
3 156 2405 2327
3 353 1895 2836
3 1910 1635 302
3 316 108 143
3 750 2245 2247
3 1791 1796 260
3 1180 132 109
3 2266 1659 114
3 94 2265 81
3 748 2351 2252
3 1648 1566 363
3 1615 1496 1750
3 370 2266 114
3 2267 1659 2266
3 2267 441 1659
3 370 2272 2266
3 2276 2267 2266
3 455 312 1017
3 489 471 1097
3 2332 2367 206
3 2270 2283 2272
3 2276 2266 2272
3 2279 2267 2276
3 2279 2280 2267
3 2280 441 2267
3 2236 439 441
3 825 255 2348
3 2367 2339 206
3 1912 1921 277
3 2270 2282 2283
3 2283 2284 2272
3 404 3896 2281
3 1785 2408 1879
3 2259 823 2604
3 823 2587 2604
3 136 89 82
3 2284 2276 2272
3 2284 2288 2276
3 2276 2288 2279
3 1206 2914 2921
3 2280 2289 2236
3 1114 1084 1291
3 2291 2284 2283
3 2288 2289 2279
3 2279 2289 2280
3 421 130 2254
3 214 2290 2294
3 2282 2270 1536
3 2017 2283 2282
3 2017 2291 2283
3 2292 2284 2291
3 2284 2292 2288
3 2292 2293 2288
3 2288 2293 2289
3 2289 2300 2236
3 2236 2300 514
3 331 810 1761
3 2294 2295 2296
3 2379 1179 313
3 169 1932 2045
3 2753 4049 2297
3 2303 2291 2017
3 2303 2292 2291
3 2292 2308 2293
3 2293 2304 2289
3 2289 2304 2300
3 2707 1344 1406
3 2305 2244 192
3 2184 824 1447
3 2909 475 1927
3 2313 2292 2303
3 2304 746 2300
3 1837 1763 746
3 2398 778 2364
3 2860 3747 2858
3 2025 291 2244
3 2025 2311 291
3 158 1169 159
3 475 2180 1927
3 2302 1922 2432
3 220 2045 228
3 1583 3407 1873
3 2315 2313 2303
3 2292 2313 2308
3 2308 2309 2293
3 2293 2309 2304
3 2309 1837 2304
3 1837 746 2304
3 227 1837 2309
3 160 1542 2273
3 265 1627 1707
3 337 2397 259
3 77 2311 2354
3 2354 1897 2258
3 2132 71 236
3 220 228 1923
3 103 1990 2831
3 3318 2315 2307
3 2316 2308 2313
3 2315 2316 2313
3 2308 2316 2309
3 2316 2323 2309
3 2323 227 2309
3 262 1333 111
3 2390 2473 748
3 655 1785 2318
3 140 2391 242
3 105 138 2389
3 2262 127 2261
3 1772 2322 2315
3 2315 2322 2316
3 2322 2323 2316
3 110 981 468
3 2325 2636 3401
3 2391 2392 242
3 2587 177 2604
3 2390 2252 2346
3 1106 227 2323
3 3374 2116 3448
3 2084 2788 73
3 1527 73 2054
3 465 1106 2323
3 2322 465 2323
3 85 2270 370
3 2334 71 238
3 117 2334 238
3 120 2703 2329
3 1990 2259 2893
3 256 315 2026
3 1341 1020 591
3 919 592 465
3 214 2265 94
3 2924 71 2335
3 237 146 1917
3 430 477 2174
3 2763 72 2978
3 1178 2270 85
3 2761 2759 2110
3 136 3881 839
3 562 542 286
3 2392 2246 242
3 2368 2285 2339
3 2368 2290 241
3 2285 2368 241
3 898 2381 1856
3 560 2413 1312
3 3798 22 3764
3 1231 148 748
3 2377 2341 2342
3 214 1686 689
3 2252 2345 2346
3 2295 2294 2418
3 1216 608 2477
3 2502 2376 2499
3 748 2251 2351
3 2473 1231 748
3 251 783 2336
3 78 1952 403
3 258 859 337
3 2286 825 2410
3 94 81 2327
3 750 157 2245
3 1694 252 1723
3 2362 2398 2395
3 2352 2380 2356
3 2336 783 104
3 2377 2342 2344
3 90 124 859
3 2254 124 178
3 2310 2275 2411
3 2357 2362 2395
3 261 104 2147
3 2374 2388 2378
3 1791 2301 217
3 1278 1034 126
3 2417 2245 2414
3 2245 2310 2414
3 131 2400 2359
3 2275 2350 279
3 2353 2361 2371
3 2359 2411 2268
3 2247 2392 2326
3 2390 748 2252
3 2365 2371 2361
3 946 262 878
3 2336 104 2351
3 2341 2362 2357
3 1447 728 468
3 2412 2367 2332
3 1057 323 418
3 291 750 81
3 2365 2370 2371
3 2355 2361 2353
3 3240 2378 3054
3 2036 1909 2055
3 2395 2398 2364
3 1786 1164 453
3 2334 117 2333
3 2290 2347 2294
3 155 212 812
3 2492 826 177
3 3267 186 2393
3 2364 778 208
3 1360 1735 1024
3 2502 1175 1112
3 2382 2341 2377
3 2352 2383 2355
3 2356 2383 2352
3 2249 326 345
3 2268 2411 2249
3 2381 2158 1960
3 2025 2403 2311
3 2311 2403 2354
3 810 897 726
3 2353 2409 2373
3 1892 1939 389
3 2371 2366 2409
3 2410 825 2348
3 2253 2389 1180
3 1232 148 1231
3 2161 134 2262
3 2341 2382 2362
3 440 558 161
3 2373 2409 2385
3 2353 2371 2409
3 2370 1360 1024
3 1909 2306 1911
3 2344 2349 2382
3 2270 2272 370
3 2327 3270 205
3 2268 2249 1200
3 1167 2385 142
3 1894 2006 2328
3 251 2358 105
3 2473 1232 1231
3 2352 2355 2353
3 813 1402 627
3 2388 2356 601
3 2045 1932 1033
3 491 446 128
3 2599 2542 2520
3 259 2391 140
3 2414 2310 2411
3 345 180 2249
3 634 105 2253
3 1135 1149 1134
3 2451 1480 623
3 2374 2356 2388
3 2380 2352 2353
3 2385 2409 965
3 3185 398 1444
3 2014 610 2009
3 400 421 2254
3 1761 1762 922
3 2275 2286 2411
3 1406 1344 1527
3 81 750 2247
3 105 2389 2253
3 161 778 2398
3 97 1140 98
3 2356 2380 601
3 1686 205 2261
3 1596 2374 2378
3 661 681 1050
3 2395 2365 2361
3 2364 208 1360
3 2396 1273 1249
3 337 2771 2397
3 2417 2400 2246
3 2383 2357 2355
3 629 624 1205
3 2317 1791 260
3 1642 282 709
3 1166 2340 134
3 2399 172 2585
3 612 1044 1145
3 2368 1418 2290
3 1870 102 210
3 1891 2119 2215
3 123 493 400
3 2317 2301 1791
3 142 965 314
3 2269 1140 97
3 2355 2357 2361
3 583 141 149
3 2326 2392 2391
3 1418 2347 2290
3 1133 2401 2994
3 2037 120 79
3 2405 2326 2402
3 2400 2414 2359
3 2247 2245 2392
3 689 2250 2340
3 2341 2357 2383
3 2356 2341 2383
3 217 2269 97
3 2255 2353 286
3 1294 1148 1550
3 2260 2269 217
3 2246 2269 242
3 2119 2836 473
3 3277 2425 2553
3 473 2962 2404
3 126 1399 1278
3 750 77 163
3 2409 2366 916
3 493 421 400
3 240 2380 2255
3 2380 2353 2255
3 2341 2356 2342
3 132 1263 109
3 2354 1960 1897
3 2217 2211 1694
3 810 2155 1761
3 286 2353 2373
3 1021 991 1453
3 369 76 783
3 240 2255 670
3 2249 2410 326
3 2275 279 2286
3 2312 784 1919
3 1200 2249 180
3 279 255 825
3 2389 1112 1180
3 183 422 119
3 784 2312 2156
3 299 1139 2027
3 3677 3790 2855
3 2342 2356 2374
3 2409 916 965
3 163 77 2350
3 965 916 934
3 1082 1098 2489
3 277 2434 1912
3 3785 725 685
3 178 124 90
3 2364 2370 2365
3 2388 601 186
3 368 142 1044
3 1093 2416 1220
3 2265 291 81
3 246 322 287
3 2434 2412 2332
3 1912 2434 2332
3 689 1686 2250
3 259 2425 2391
3 2044 2342 2374
3 1147 184 1149
3 2044 2374 1596
3 127 2250 1686
3 863 2339 2367
3 1314 2212 1821
3 2417 2246 2392
3 863 2368 2339
3 863 1418 2368
3 704 719 1581
3 1093 2413 2416
3 2416 2422 1220
3 1220 2422 2193
3 191 1648 363
3 2344 2342 2044
3 286 2373 1167
3 2397 2425 259
3 1071 161 2398
3 1763 1837 1701
3 2416 2427 2422
3 2193 2422 363
3 2717 2420 1595
3 2358 251 2251
3 746 740 2300
3 634 2253 369
3 2025 940 2403
3 940 113 2403
3 1248 537 301
3 560 1710 2413
3 2428 191 363
3 2364 1360 2370
3 2362 2382 2398
3 2403 113 2354
3 2867 2777 3379
3 1059 206 1166
3 2413 2436 2416
3 2416 2436 2427
3 2437 2428 363
3 1943 2423 2103
3 778 2231 208
3 2317 140 2301
3 2275 163 2350
3 1686 214 94
3 2414 2411 2359
3 2425 2402 2391
3 2402 2326 2391
3 634 369 251
3 2476 282 1642
3 2435 2413 1710
3 2422 2437 363
3 1887 696 3627
3 468 981 445
3 2370 1024 2366
3 2370 2366 2371
3 670 2255 542
3 936 2372 1922
3 2350 2399 279
3 1134 1103 1135
3 1626 1707 1627
3 2351 2251 2336
3 3277 2402 2425
3 2411 2286 2249
3 2435 2436 2413
3 2436 2431 2427
3 2427 2431 2422
3 2441 191 2428
3 2441 1496 191
3 3007 1409 213
3 2357 2395 2361
3 2395 2364 2365
3 442 2435 1710
3 2431 2438 2422
3 2422 2438 2437
3 2437 2441 2428
3 1134 123 1103
3 859 139 90
3 2255 286 542
3 81 156 2327
3 2410 2348 326
3 456 1458 1445
3 442 2439 2435
3 1044 142 1006
3 1180 109 137
3 251 369 783
3 601 240 1192
3 2359 2268 2324
3 148 2358 2274
3 863 2367 2412
3 1737 1060 2432
3 1419 2439 442
3 2436 2444 2431
3 107 1180 137
3 2399 2585 279
3 131 2359 225
3 225 2359 2324
3 300 2376 121
3 2417 2414 2400
3 1791 217 1314
3 2385 965 142
3 93 1983 3211
3 2439 2442 2435
3 2442 2443 2435
3 2435 2443 2436
3 2431 2447 2438
3 102 1870 2103
3 2389 2502 1112
3 1140 131 225
3 2269 131 1140
3 2324 2268 1200
3 346 93 3210
3 2443 2444 2436
3 2444 2447 2431
3 2448 1750 2441
3 2393 74 3167
3 1537 1564 1604
3 1314 217 96
3 2245 2417 2392
3 317 299 2027
3 580 3205 210
3 2443 2459 2444
3 2447 2462 2438
3 211 689 2340
3 206 211 1166
3 139 921 90
3 1244 1688 572
3 217 97 96
3 1272 2487 2541
3 2442 2461 2443
3 2444 2459 2447
3 2462 2454 2438
3 2454 2437 2438
3 2448 2441 2437
3 2463 2448 2437
3 797 258 337
3 326 2348 309
3 1694 1723 399
3 3267 2388 186
3 1061 1549 1103
3 1248 1281 385
3 2453 2442 2439
3 2453 2461 2442
3 2467 2462 2447
3 2463 2437 2454
3 2455 2448 2463
3 1604 1627 1537
3 345 414 180
3 385 1281 384
3 193 783 181
3 1200 180 1242
3 3800 2073 2834
3 2461 2459 2443
3 188 282 2490
3 3260 592 919
3 2451 2460 1480
3 98 204 97
3 315 78 2026
3 3195 202 209
3 209 1964 3207
3 1058 1157 697
3 2459 2467 2447
3 208 2217 399
3 820 1348 847
3 2314 792 793
3 792 2314 2451
3 2314 2465 2451
3 2451 2465 2460
3 2217 208 2231
3 2286 279 825
3 2463 2472 2455
3 2273 2469 160
3 591 1480 2460
3 820 847 871
3 2314 793 1069
3 2274 2358 2251
3 85 370 1375
3 315 1917 78
3 337 2317 797
3 2043 256 2026
3 2461 2421 2459
3 2472 2469 2455
3 2455 2469 2273
3 155 154 212
3 605 1069 793
3 2249 2286 2410
3 2460 1341 591
3 724 2328 2006
3 2453 2421 2461
3 2421 2478 2459
3 2478 2474 2459
3 2474 2467 2459
3 2462 2468 2454
3 2454 2468 2463
3 2468 2471 2463
3 2471 2472 2463
3 2344 2382 2377
3 2269 2246 131
3 1127 1162 2369
3 1069 647 2465
3 2465 2477 2460
3 1180 1112 132
3 186 1192 2393
3 241 2290 214
3 2467 2470 2462
3 2475 2468 2462
3 1735 1360 1723
3 2128 216 245
3 3203 355 1669
3 2310 163 2275
3 114 2235 1375
3 647 2477 2465
3 102 580 210
3 1151 334 2248
3 2025 2244 2305
3 2467 2474 2470
3 2470 2475 2462
3 2476 2469 2472
3 399 1723 1360
3 2020 3192 3191
3 1341 1329 1020
3 2339 2285 211
3 193 1921 2094
3 2026 2121 3199
3 2478 2484 2474
3 2474 2485 2470
3 2470 2485 2479
3 2479 2475 2470
3 2475 2481 2468
3 2468 2481 2471
3 2482 2472 2471
3 1192 240 541
3 1785 1879 1503
3 2693 2885 224
3 1669 2020 3191
3 2121 2248 3199
3 2482 2471 2481
3 2486 2476 2472
3 2482 2486 2472
3 2382 1071 2398
3 560 388 1710
3 647 1216 2477
3 424 525 897
3 2477 608 1341
3 2055 1909 487
3 2339 211 206
3 280 2412 2434
3 2332 206 2078
3 3408 1551 1504
3 2484 2489 2474
3 2489 2485 2474
3 179 2475 2479
3 179 2481 2475
3 2486 2490 2476
3 2490 282 2476
3 2487 1319 1273
3 280 863 2412
3 608 2487 1341
3 1341 2487 1290
3 2215 473 609
3 2018 1990 2893
3 1699 1163 2008
3 179 2482 2481
3 2317 259 140
3 2373 2385 1167
3 2195 1694 2211
3 2449 1232 2473
3 1192 207 2393
3 165 2489 2484
3 1291 2479 2485
3 1291 179 2479
3 164 2486 2482
3 1648 191 1496
3 238 2132 1983
3 1750 1496 2441
3 1228 2151 2299
3 228 1033 221
3 334 3200 2248
3 1098 2485 2489
3 1084 179 1291
3 164 189 2486
3 1035 897 331
3 89 100 82
3 148 121 2358
3 369 107 75
3 1273 2541 2487
3 251 105 634
3 1406 1831 448
3 209 2105 1964
3 228 221 334
3 2105 83 1964
3 2527 2569 2512
3 2515 2579 2577
3 2548 2496 1797
3 2347 2550 2418
3 340 357 773
3 2520 2581 2569
3 1126 2360 2503
3 2499 364 2502
3 2507 1137 281
3 853 854 4021
3 3380 1035 646
3 421 493 2843
3 2509 1077 1076
3 2509 2614 1110
3 1954 2420 2717
3 2512 2534 1083
3 2599 1213 2542
3 2503 2518 272
3 1161 1309 1310
3 1010 1036 993
3 2614 2516 2619
3 2578 2505 2568
3 1174 1190 2516
3 2599 2555 2524
3 2526 2524 2527
3 3244 239 2528
3 2991 3393 1670
3 1150 1174 2614
3 2531 2580 84
3 2619 1111 1110
3 372 1621 1105
3 2566 2384 2592
3 2580 688 84
3 2534 1115 1066
3 1240 2521 1230
3 309 273 271
3 320 322 1896
3 3455 3414 3473
3 1083 1065 1064
3 1240 1255 2521
3 2548 545 1141
3 823 2259 800
3 745 688 713
3 925 948 906
3 4016 826 2508
3 80 318 2070
3 2466 1954 2717
3 1066 1065 1083
3 2524 2555 2527
3 545 1130 1141
3 3143 664 2179
3 2439 3248 3092
3 3403 3443 1729
3 2554 1136 841
3 859 2771 337
3 1113 272 1079
3 2189 585 3475
3 906 880 925
3 426 522 450
3 2188 2570 3740
3 3859 1609 904
3 2562 2573 2655
3 3849 3837 3858
3 1094 2509 1110
3 1118 303 646
3 2514 2568 2515
3 2542 1236 2559
3 2523 1107 2554
3 1221 2623 2606
3 375 2715 632
3 2550 2572 2571
3 2569 1115 2534
3 445 486 2210
3 2516 2544 2497
3 2343 2572 2550
3 2515 2568 2579
3 925 2577 948
3 1010 993 970
3 1126 2503 1113
3 2517 2556 2588
3 2580 2531 1898
3 1157 1283 785
3 2464 2517 1609
3 2513 2396 2496
3 2580 324 688
3 2574 1010 2568
3 688 745 520
3 1263 2386 1993
3 2569 2534 2512
3 438 539 417
3 2587 2492 177
3 2384 687 2592
3 786 1802 1688
3 653 297 563
3 2516 1126 2619
3 1896 2540 2591
3 2375 1966 2598
3 2375 2418 1966
3 2556 281 2384
3 2592 2523 2578
3 272 2518 2565
3 2518 2500 2529
3 2592 1107 2523
3 2188 2866 2754
3 2566 2578 2603
3 2557 380 1802
3 909 2563 851
3 2576 2532 2513
3 1213 2599 1212
3 1698 2209 2234
3 496 312 455
3 2504 2056 2525
3 924 1208 925
3 2520 2576 2581
3 2496 2396 1797
3 2583 2564 2594
3 1774 1137 2507
3 2594 2575 2600
3 2519 2567 2600
3 2575 2519 2600
3 2586 451 546
3 1256 1295 1257
3 1284 1283 1881
3 2508 452 910
3 2599 2524 2538
3 2614 2619 1110
3 924 925 905
3 2546 2177 38
3 1792 2252 1513
3 2604 177 2609
3 2516 2497 1126
3 2256 520 2257
3 1256 2544 2521
3 2691 2608 695
3 429 177 1970
3 726 809 425
3 2576 1141 2581
3 1069 2465 2314
3 1896 246 2540
3 1970 428 429
3 2610 2298 2611
3 1212 2599 2538
3 1036 1001 993
3 2526 2538 2524
3 1123 1124 281
3 2504 2525 2501
3 1290 2487 1272
3 1674 362 1569
3 1912 2332 2078
3 2347 2418 2294
3 387 307 325
3 2622 2586 377
3 2647 2634 2635
3 2634 2605 2635
3 2653 2605 273
3 588 2612 2654
3 549 568 645
3 386 1674 1109
3 851 2587 823
3 2295 2221 2296
3 2554 1107 1136
3 872 1707 1656
3 2563 2492 2587
3 2564 2609 2575
3 2679 2586 2622
3 2651 2624 2621
3 1966 2418 2550
3 375 632 323
3 2612 2613 2654
3 2529 2527 2565
3 1319 2487 608
3 2795 2609 2564
3 3745 3736 2615
3 1295 1280 305
3 200 15 201
3 2375 2221 2295
3 936 2257 1325
3 2514 2515 2506
3 230 231 2649
3 2562 426 2573
3 2581 1115 2569
3 1258 1259 1221
3 580 1108 581
3 2673 3405 3627
3 231 233 2648
3 2360 2500 2518
3 2281 2622 404
3 1175 2419 1112
3 1325 1990 2372
3 1258 2539 2544
3 3859 2507 1609
3 418 323 1058
3 2947 2956 599
3 2646 2736 3928
3 2645 2776 2655
3 1258 2606 2539
3 2632 2613 2617
3 3570 3510 3446
3 2540 2612 588
3 2510 2118 2668
3 2624 2586 2679
3 2648 233 2647
3 2582 248 3558
3 1137 1123 281
3 2579 1010 970
3 2758 273 255
3 1256 1255 1295
3 229 2617 2613
3 2665 2648 2647
3 2648 2665 2649
3 2603 2578 2514
3 2647 233 2634
3 544 2655 822
3 544 2562 2655
3 2650 248 2582
3 2658 2650 2582
3 1611 464 2363
3 173 789 944
3 2647 2635 2670
3 2188 3740 3746
3 2500 2526 2529
3 2655 2776 2736
3 2645 2651 2776
3 2111 2163 3029
3 2612 229 2613
3 229 230 2617
3 3427 3638 3415
3 2602 1835 2535
3 520 1325 2257
3 2236 441 2280
3 340 2118 2510
3 2514 2578 2568
3 2562 522 426
3 2634 233 2605
3 2659 2658 2582
3 2660 2650 2658
3 2657 2660 2658
3 2503 2360 2518
3 2622 2281 2672
3 2663 1208 2081
3 1754 2625 2603
3 841 1150 2614
3 230 2649 2617
3 857 1477 1478
3 2649 231 2648
3 2649 2665 2700
3 2497 2360 1126
3 875 857 2787
3 2658 2659 2657
3 2667 2660 2657
3 1859 2667 2657
3 2667 2650 2660
3 1097 1811 1119
3 272 2565 1064
3 2594 2564 2575
3 357 3456 1887
3 2632 2778 2692
3 2665 2670 2779
3 231 247 233
3 2396 2541 1273
3 2594 2600 2639
3 2583 2594 2639
3 2023 2583 2639
3 2617 2649 2700
3 2615 3746 3745
3 2560 448 213
3 2163 2753 3029
3 2671 1440 3005
3 2677 2650 2667
3 1190 1209 2521
3 276 2510 2668
3 3871 2654 2632
3 2589 3436 1342
3 1887 3627 1926
3 231 230 247
3 1258 2544 1256
3 2640 3150 752
3 2677 2328 3204
3 2599 2520 2555
3 2609 177 429
3 1926 3627 747
3 2639 2600 1600
3 2542 2559 2520
3 2568 1010 2579
3 2621 2624 2679
3 2573 2645 2655
3 822 2655 2646
3 2625 2588 2603
3 2507 2464 1609
3 1031 498 981
3 2676 2667 1859
3 2676 2677 2667
3 747 3627 2678
3 324 2580 1900
3 246 2612 2540
3 710 419 2668
3 2632 2654 2613
3 2647 2670 2665
3 1921 181 277
3 2602 3741 600
3 452 2508 2492
3 751 3394 3380
3 2505 2574 2568
3 2629 2628 2662
3 380 2699 1688
3 306 287 322
3 2464 2507 281
3 1138 2678 1228
3 2555 2569 2527
3 3985 1211 2680
3 810 726 425
3 2676 2415 2677
3 2415 2328 2677
3 3204 2328 724
3 2588 2566 2603
3 1228 2678 2681
3 2575 2609 2519
3 841 2614 2509
3 2761 2019 2751
3 2774 2103 1870
3 2347 2343 2550
3 1941 2687 1890
3 2515 2577 2663
3 2505 2523 2554
3 2541 2396 2513
3 2627 2611 2302
3 297 332 173
3 2581 1141 1115
3 882 1594 1567
3 1161 1273 1319
3 2605 271 273
3 2525 2424 2406
3 2418 2375 2295
3 2628 2675 2662
3 304 2651 2645
3 2573 304 2645
3 304 2624 2651
3 1257 1304 1296
3 1252 2024 2684
3 2685 2689 1859
3 2067 2047 4044
3 1859 2689 2676
3 2698 2415 2676
3 1754 2603 2506
3 2525 2056 2424
3 862 891 851
3 273 309 2348
3 2538 2526 2623
3 3871 2632 2201
3 2693 2687 1941
3 2687 2695 1890
3 1890 2695 2683
3 2683 2696 2182
3 2696 79 2182
3 2696 2037 79
3 2497 2544 2360
3 2406 2424 2610
3 2685 2682 2697
3 653 563 1219
3 2501 2525 2406
3 2406 2610 2680
3 2778 2617 2700
3 2632 2617 2778
3 2628 2627 2675
3 2635 2605 2653
3 1243 1567 1900
3 2676 2689 2698
3 2508 910 853
3 851 2563 2587
3 1896 322 246
3 2746 71 2924
3 1204 479 669
3 2687 2694 2695
3 2539 2623 2500
3 428 2519 429
3 2679 2708 2621
3 2653 273 2758
3 2574 1076 1036
3 2690 1158 2187
3 2697 2689 2685
3 2697 2698 2689
3 1158 2198 2187
3 1113 2503 272
3 126 1034 1218
3 1926 747 243
3 1066 1083 2534
3 1294 1549 1092
3 2118 710 2668
3 255 273 2348
3 2421 2493 2478
3 1677 3413 2533
3 2198 2445 1925
3 2703 120 2037
3 2360 2539 2500
3 1179 2564 2583
3 2588 2556 2566
3 467 1398 1091
3 84 2256 2056
3 687 1107 2592
3 1857 3463 617
3 2610 2611 2628
3 2632 2692 2201
3 2652 2621 2708
3 2708 2679 2622
3 2652 2651 2621
3 1191 2688 2180
3 923 1614 1628
3 2701 2698 2697
3 2698 1894 2415
3 132 2386 1263
3 809 1448 1162
3 84 2056 2504
3 3459 1449 2445
3 2518 2529 2565
3 2566 2556 2384
3 822 2646 3942
3 2424 2298 2610
3 1784 1751 3423
3 2693 2694 2687
3 2712 2696 2683
3 2520 2569 2555
3 1221 2606 1258
3 1449 2707 318
3 2610 2628 2629
3 380 2557 2537
3 3062 222 249
3 451 2586 2624
3 2665 2779 2700
3 2718 2156 2688
3 2728 2158 2156
3 2718 2728 2156
3 2728 172 2158
3 2574 2554 1076
3 1076 841 2509
3 281 1124 2384
3 2771 859 2772
3 1190 2521 2516
3 2699 1835 2602
3 2693 2711 2694
3 2694 2712 2695
3 2712 2683 2695
3 2703 2037 2696
3 1426 2329 2703
3 267 520 745
3 2574 1036 1010
3 2500 2623 2526
3 2639 1600 2023
3 2751 2019 2774
3 2708 2622 2672
3 1191 2718 2688
3 2709 2698 2701
3 2709 1894 2698
3 2531 84 2504
3 2501 2531 2504
3 2554 841 1076
3 1079 272 1064
3 429 2519 2609
3 2716 2693 224
3 2693 2716 2711
3 2696 1426 2703
3 2506 2603 2514
3 2565 2527 1083
3 450 522 497
3 2505 2554 2574
3 270 271 2605
3 2532 2541 2513
3 1790 114 1659
3 2521 2544 2516
3 2513 2496 2548
3 3145 2738 2682
3 2735 1783 1263
3 2576 2559 2532
3 1344 3408 1527
3 2532 1272 2541
3 3593 2618 690
3 2798 2157 2558
3 2772 124 130
3 1600 2600 2567
3 2724 224 2216
3 2724 2725 224
3 2711 2755 2694
3 2694 2755 2712
3 2733 2696 2712
3 246 229 2612
3 2360 2544 2539
3 2663 2506 2515
3 426 304 2573
3 2019 2103 2774
3 3193 2650 3204
3 2635 2653 2670
3 2718 1191 2727
3 2585 172 2728
3 2520 2559 2576
3 2513 2548 2576
3 1527 3408 1504
3 2738 2739 2701
3 2697 2738 2701
3 2739 2709 2701
3 2709 2750 1894
3 2724 2729 2725
3 2725 2760 224
3 224 2760 2716
3 2696 2733 1426
3 2763 2978 2749
3 3882 1982 3808
3 2655 2736 2646
3 459 904 1994
3 2750 2759 1894
3 1894 2759 2006
3 2006 2759 2720
3 2578 2566 2592
3 2278 2731 2277
3 2640 752 801
3 1831 1527 2054
3 2752 2666 3144
3 3634 2122 3214
3 2755 2733 2712
3 2733 1201 1426
3 3910 320 3904
3 3042 3258 2114
3 2611 2627 2628
3 2517 281 2556
3 1296 1304 1315
3 1221 2538 2623
3 2256 2257 543
3 2565 1083 1064
3 2429 2425 2397
3 2576 2548 1141
3 2709 2739 2750
3 2759 2761 2720
3 2751 398 2720
3 2761 2751 2720
3 2751 1444 398
3 2751 2263 1444
3 1416 3386 283
3 2722 250 2721
3 3294 2278 3343
3 2054 73 1906
3 2716 2764 2711
3 2747 610 1997
3 1960 2354 113
3 1996 2757 2030
3 2757 2718 2727
3 2728 2758 2585
3 1142 2548 1797
3 2075 2739 2738
3 2662 2675 3716
3 2614 1174 2516
3 3606 2083 1936
3 2760 2764 2716
3 2764 2755 2711
3 2755 2766 2733
3 1997 610 2014
3 2606 2623 2539
3 1083 2527 2512
3 2024 1252 1863
3 455 1017 1105
3 2769 2747 1997
3 2180 2688 2312
3 2795 2564 1179
3 2758 2728 2718
3 1174 1199 1190
3 1280 1295 1255
3 2526 2527 2529
3 821 613 3474
3 2771 3184 2429
3 2397 2771 2429
3 1037 1036 1077
3 3204 2650 2677
3 2458 1754 2506
3 1195 1196 1589
3 2773 2750 2739
3 2075 2773 2739
3 2774 2263 2751
3 2774 210 2263
3 2214 2756 2186
3 2638 2714 3399
3 2866 2188 3746
3 375 378 2715
3 2729 2760 2725
3 2764 2765 2755
3 1116 1115 1141
3 290 2598 1966
3 2743 1471 2744
3 2744 2778 2745
3 2778 2769 2745
3 1996 2522 2747
3 2770 2718 2757
3 2770 2758 2718
3 2508 826 2492
3 1036 1076 1077
3 936 543 2257
3 2773 444 2750
3 2774 1870 210
3 1394 3752 3751
3 3418 3447 3377
3 2858 2570 2754
3 2736 2760 2729
3 2736 2776 2760
3 2760 2776 2764
3 2765 2766 2755
3 2766 1201 2733
3 3283 3406 2768
3 1471 2778 2744
3 2700 2747 2769
3 2779 1996 2747
3 2670 2757 1996
3 2653 2770 2757
3 2578 2523 2505
3 2517 2464 281
3 2772 3155 3184
3 2771 2772 3184
3 1152 2329 1426
3 2772 130 3155
3 2750 2039 2759
3 710 2125 419
3 64 63 1285
3 1607 2730 298
3 3405 2734 2151
3 2764 2652 2765
3 3744 1691 1692
3 2133 3389 1995
3 1161 1319 1309
3 3510 3379 2777
3 1471 2692 2778
3 2670 1996 2779
3 2653 2757 2670
3 2507 3859 1774
3 493 2394 3057
3 2773 2780 444
3 1972 3496 2131
3 1504 1551 73
3 3382 3374 2781
3 2776 2651 2764
3 2651 2652 2764
3 2652 2708 2765
3 2708 2766 2765
3 2766 2708 1201
3 2708 2672 1201
3 2778 2700 2769
3 2700 2779 2747
3 2770 2653 2758
3 655 2318 873
3 2730 496 454
3 2974 3272 2926
3 3052 2856 3215
3 2345 937 1425
3 2926 3272 2129
3 2320 3102 3015
3 3034 2792 3022
3 2558 2730 2796
3 1304 1257 1295
3 1607 2796 2730
3 2802 2803 2798
3 2792 2833 1825
3 253 2449 2798
3 3022 2792 1825
3 2796 2806 2797
3 2803 300 2798
3 1825 2833 2049
3 2806 1607 2801
3 2806 2811 2797
3 2811 2802 2797
3 2802 2809 2803
3 2803 2805 300
3 1232 253 148
3 2810 2806 2801
3 2808 2809 2802
3 2809 2494 2803
3 2803 2494 2805
3 1276 453 2184
3 2807 2801 2804
3 2807 2810 2801
3 2811 2808 2802
3 113 129 1960
3 1442 2366 1024
3 1963 695 2804
3 2809 2812 2494
3 2494 2498 2805
3 2814 2806 2810
3 2806 2814 2811
3 2811 2815 2808
3 2808 2816 2809
3 2812 2498 2494
3 2815 2816 2808
3 2822 2807 2608
3 2822 2810 2807
3 2822 2818 2810
3 2810 2818 2814
3 2809 2816 2812
3 2812 2499 2498
3 2814 2818 2811
3 2819 2817 2812
3 2816 2819 2812
3 2817 364 2499
3 2812 2817 2499
3 2691 695 1786
3 2818 2825 2811
3 2811 2825 2815
3 2816 2823 2819
3 2824 2608 2691
3 2824 2822 2608
3 3040 3216 2813
3 714 789 1281
3 2815 2823 2816
3 2823 2826 2819
3 2819 2826 2817
3 2827 2822 2824
3 2815 2828 2823
3 2821 2419 2817
3 2826 2821 2817
3 162 1868 2763
3 2822 2827 2818
3 2842 2828 2815
3 2825 2842 2815
3 2828 2829 2823
3 2829 2830 2826
3 2823 2829 2826
3 2826 2830 2821
3 2126 2827 2824
3 2827 2825 2818
3 1990 1325 519
3 2798 2558 2802
3 2298 1922 2302
3 2522 1996 2030
3 2073 3800 2743
3 1049 2126 2824
3 2862 2827 2126
3 2829 2835 2830
3 2830 2419 2821
3 521 2179 2126
3 2825 2863 2842
3 2842 2852 2828
3 2852 2835 2829
3 2828 2852 2829
3 2835 2536 2830
3 2830 2536 2419
3 2895 3058 2837
3 2791 3227 3026
3 2949 2987 2948
3 3318 1772 2315
3 2951 3008 3228
3 2329 2335 2334
3 120 2329 2334
3 2333 120 2334
3 611 274 1334
3 2480 2179 521
3 2827 2862 2825
3 2852 2853 2835
3 959 948 2577
3 3243 2913 2035
3 2179 664 2126
3 2862 2863 2825
3 2853 2536 2835
3 2005 2004 3296
3 1334 274 1616
3 2863 2852 2842
3 2852 2868 2853
3 2987 2065 2948
3 2876 2754 2866
3 2876 2859 2754
3 2878 2860 2858
3 2859 2878 2858
3 3150 3430 3559
3 1461 4050 35
3 664 2862 2126
3 2868 2536 2853
3 2302 2432 2433
3 2622 377 404
3 3736 2873 2615
3 2875 2876 2866
3 2877 2878 2859
3 3742 3282 3743
3 2871 2862 664
3 2863 2886 2852
3 2868 2881 2536
3 1922 1737 2432
3 2893 2259 2016
3 2063 1177 2836
3 2838 2854 3303
3 2883 2889 3736
3 3736 2889 2873
3 2873 2874 2615
3 2874 2875 2866
3 2615 2874 2866
3 2884 2859 2876
3 2884 2877 2859
3 2886 2887 2852
3 2852 2887 2868
3 2868 2887 2881
3 2881 2735 2536
3 2536 2735 1993
3 2889 2874 2873
3 2874 2898 2875
3 2891 2884 2876
3 2449 253 1232
3 2862 2900 2863
3 2883 2906 2889
3 2889 2897 2874
3 2897 2898 2874
3 2898 2890 2875
3 2875 2890 2876
3 2890 2891 2876
3 185 1595 2420
3 2900 2910 2863
3 2863 2910 2886
3 2887 2735 2881
3 3492 2053 764
3 1922 2372 103
3 2264 2181 2713
3 1688 375 572
3 2895 2838 3063
3 2799 2905 2882
3 2905 2896 2883
3 2882 2905 2883
3 2883 2896 2906
3 2897 2916 2898
3 2898 2908 2890
3 2891 2877 2884
3 1410 2878 2877
3 1410 2879 2878
3 1410 2864 2879
3 1409 3225 2864
3 1890 2182 2899
3 2181 2036 2713
3 664 2925 2871
3 2925 2862 2871
3 2862 2925 2900
3 2910 2887 2886
3 2887 2911 2735
3 3461 881 2166
3 2899 2182 2892
3 2892 2182 1939
3 2182 79 1939
3 2889 2906 2897
3 2907 2908 2898
3 2923 2891 2890
3 2923 2918 2891
3 2918 2877 2891
3 2918 1410 2877
3 1409 2864 1410
3 1890 2899 2902
3 2910 2911 2887
3 2009 294 475
3 1835 382 2535
3 1177 475 2909
3 103 2831 1737
3 2912 2921 2914
3 2999 4050 1461
3 2179 2480 3143
3 430 2732 404
3 643 2052 2850
3 2922 2905 2799
3 2896 2929 2906
3 2897 2931 2916
3 2916 2932 2907
3 2898 2916 2907
3 2917 2908 2907
3 2908 2923 2890
3 2560 1410 2918
3 690 3181 698
3 2925 2941 2900
3 2900 2941 2910
3 2911 2950 2735
3 1941 945 2693
3 395 223 1824
3 1824 223 1072
3 1765 424 1035
3 2919 2920 2912
3 2920 2921 2912
3 2928 2060 2921
3 2832 2049 2895
3 2922 2936 2905
3 2936 2929 2896
3 2905 2936 2896
3 2937 2930 2906
3 2929 2937 2906
3 2906 2930 2897
3 2897 2930 2931
3 2907 2932 2917
3 2917 2939 2908
3 2908 2939 2923
3 2070 2918 2923
3 2865 3220 3229
3 1074 2849 1464
3 3272 2974 1117
3 2910 2933 2911
3 2911 2933 2950
3 2950 1783 2735
3 294 2522 2030
3 152 1991 2181
3 2919 2935 2920
3 2579 970 959
3 158 159 1849
3 1941 2902 1931
3 2931 2938 2916
3 2916 2938 2932
3 2923 80 2070
3 3557 1464 2849
3 2925 2959 2941
3 2941 2942 2910
3 2910 2942 2933
3 3109 3098 2847
3 2928 2921 2920
3 2935 2928 2920
3 3282 857 1478
3 329 2936 2922
3 2936 2937 2929
3 2937 2946 2930
3 2930 2946 2931
3 2946 2938 2931
3 2932 2939 2917
3 2947 599 2939
3 2923 1925 80
3 3088 3310 3267
3 2064 2940 2062
3 2674 3377 3437
3 2713 2055 2173
3 1662 2989 663
3 2401 3214 2850
3 663 2989 664
3 945 1931 488
3 2713 2036 2055
3 2944 2928 2935
3 2943 2944 2935
3 2944 744 2928
3 329 2954 2936
3 2954 2945 2936
3 2945 2966 2936
3 2936 2966 2937
3 2946 2955 2938
3 2938 2956 2932
3 2932 2947 2939
3 3259 3049 3068
3 3247 1834 3282
3 2989 2968 664
3 2958 2925 664
3 2968 2958 664
3 2958 2982 2925
3 2925 2982 2959
3 2942 2960 2933
3 2840 3022 1825
3 2977 2952 3339
3 2036 2306 1909
3 2430 2943 2935
3 2963 2944 2943
3 3094 2978 2964
3 2965 329 328
3 2964 2965 328
3 329 2965 2954
3 2972 2945 2954
3 2966 2946 2937
3 2938 2955 2956
3 2956 2947 2932
3 2299 599 2956
3 2306 353 1911
3 1911 353 2119
3 2836 2962 473
3 1662 92 2989
3 2959 2942 2941
3 2960 2950 2933
3 2864 2860 2879
3 1657 2977 3339
3 2064 2607 2953
3 2980 2943 2430
3 2980 2963 2943
3 2963 2970 2944
3 2970 743 2944
3 2965 2971 2954
3 2946 2981 2955
3 2956 2955 2299
3 2404 2312 1919
3 488 2100 95
3 2798 300 253
3 2109 2014 2063
3 2959 2975 2942
3 2975 2960 2942
3 2009 2522 294
3 2233 1152 1426
3 1300 3239 2204
3 2899 1333 2902
3 2132 236 106
3 2971 2964 2978
3 2971 2965 2964
3 2945 2972 2966
3 2985 2986 2966
3 2966 2986 2946
3 2986 2981 2946
3 2981 2299 2955
3 2450 427 1169
3 2018 2893 1938
3 2831 2018 1938
3 1765 2287 1764
3 92 147 2989
3 2975 2990 2960
3 2990 290 2960
3 2960 290 2950
3 2969 2952 2977
3 2702 2596 2430
3 2984 2963 2980
3 2984 2970 2963
3 2970 2749 743
3 2971 3003 2954
3 2954 3003 2972
3 2972 2985 2966
3 290 3078 2598
3 2452 2939 599
3 67 1194 68
3 1177 2009 475
3 2009 1177 472
3 3010 2958 2968
3 3010 2982 2958
3 2982 2975 2959
3 290 2571 2950
3 2979 2978 72
3 2969 2977 2466
3 224 2885 2216
3 2749 2970 2984
3 2979 2971 2978
3 2979 2993 2971
3 2993 3003 2971
3 3003 2985 2972
3 2981 802 1724
3 828 301 1349
3 2836 1177 2962
3 2962 1177 2909
3 2119 353 2836
3 2989 3000 2968
3 2968 3000 3010
3 2982 3001 2975
3 3001 2990 2975
3 2016 2604 2795
3 2977 3314 2466
3 2478 2493 2484
3 2596 3012 2980
3 3012 2992 2980
3 2992 2984 2980
3 66 2483 1194
3 3003 3004 2985
3 2985 3005 2986
3 802 2986 3005
3 802 2981 2986
3 174 3251 2048
3 2995 3706 3009
3 1938 1810 266
3 1152 2335 2329
3 2763 2749 162
3 2108 2924 2335
3 1152 2108 2335
3 2108 3838 2924
3 2982 3010 3001
3 2650 3193 248
3 2547 2320 3042
3 600 2699 2602
3 2433 2120 2627
3 3002 2984 2992
3 3002 2749 2984
3 3002 2820 2749
3 72 2993 2979
3 2985 3004 3013
3 2985 3013 3005
3 2790 2974 2926
3 2571 290 1966
3 3302 3259 3097
3 2834 2073 1991
3 1154 1997 2014
3 1938 2379 1810
3 2039 1810 2146
3 2243 266 444
3 464 1611 147
3 147 1611 2989
3 2989 3018 3000
3 3001 290 2990
3 91 368 1044
3 3019 2466 3314
3 2596 1433 3012
3 72 3003 2993
3 3003 2098 3004
3 3013 2671 3005
3 2870 3219 3020
3 1154 2014 2109
3 2136 313 1942
3 1942 2583 1943
3 118 1616 1940
3 2298 2302 2611
3 1334 1616 118
3 2067 1241 2607
3 3000 3018 3010
3 2627 2302 2433
3 2181 1895 2306
3 2145 784 898
3 3465 3012 1433
3 1850 2992 3012
3 2992 2820 3002
3 2098 3003 72
3 2668 419 2098
3 2098 419 3004
3 419 2125 3013
3 3004 419 3013
3 3013 2125 2671
3 2106 2081 2046
3 1856 129 876
3 1856 876 1940
3 1848 1334 118
3 898 784 2381
3 2080 2330 839
3 3027 3010 3018
3 3047 3027 3018
3 3010 3027 3001
3 3039 290 3001
3 2387 1186 274
3 2387 274 112
3 1186 784 2145
3 2394 1954 3019
3 1954 2466 3019
3 1850 3032 2992
3 2081 2998 339
3 2992 3032 3511
3 2992 3511 2820
3 72 2763 2510
3 276 72 2510
3 2098 276 2668
3 1880 101 1879
3 2038 3036 2530
3 3036 3030 2530
3 1928 1923 170
3 2962 2909 2404
3 668 187 669
3 1611 3038 2989
3 2989 3038 3018
3 3027 3039 3001
3 2073 1128 1991
3 480 1874 3319
3 2909 1927 2404
3 1927 2312 2404
3 609 2387 112
3 1972 935 3496
3 304 451 2624
3 2196 2319 2976
3 3229 2114 2488
3 2636 3043 3028
3 3043 3051 3025
3 3028 3043 3025
3 3025 3051 2038
3 2038 3044 3036
3 3165 1974 3031
3 166 1901 317
3 1917 293 1952
3 1892 2892 1939
3 95 2100 1635
3 488 1931 946
3 488 946 2100
3 1764 2287 1611
3 1764 1611 2363
3 2287 3038 1611
3 3038 3055 3018
3 3018 3055 3047
3 3027 3047 3039
3 2893 2016 2795
3 609 112 295
3 2215 609 295
3 2055 487 293
3 2421 3237 2493
3 3041 3066 3148
3 2325 3043 2636
3 922 1439 331
3 100 302 202
3 83 371 490
3 1895 2063 2836
3 493 123 2394
3 167 292 1891
3 292 2119 1891
3 485 292 167
3 146 2055 293
3 1175 364 2817
3 3052 3215 2440
3 3296 2967 3738
3 3051 3061 2038
3 2038 3061 3044
3 3071 672 3030
3 3071 3085 672
3 2110 2146 2019
3 490 111 317
3 2536 1993 2386
3 695 2608 2807
3 2287 3065 3038
3 3047 3078 3039
3 3057 2535 382
3 2221 192 2296
3 111 1333 166
3 1928 1638 1923
3 2994 1949 2904
3 311 1975 466
3 2833 3058 2049
3 2839 2083 3066
3 1241 3060 3693
3 3061 3084 3044
3 3044 3084 3036
3 3096 3070 3036
3 3070 3030 3036
3 3070 3071 3030
3 525 726 897
3 2049 3058 2895
3 79 120 2333
3 1890 2683 2182
3 3511 2172 2820
3 2560 1406 448
3 3065 3089 3038
3 3038 3089 3055
3 294 2727 1191
3 2335 71 2334
3 2892 1892 166
3 2550 2571 1966
3 122 220 1638
3 249 2865 3229
3 2846 3045 1974
3 3095 3083 3051
3 3051 3083 3061
3 3083 3084 3061
3 3084 3096 3036
3 3238 3298 3305
3 2995 3075 2202
3 453 1276 521
3 2054 1906 116
3 3255 3274 3243
3 3305 2838 2837
3 3305 3298 2838
3 1765 3076 2287
3 2287 3076 3065
3 3077 3055 3089
3 3055 3077 3047
3 3047 3077 3078
3 1997 2745 2769
3 1128 1154 1991
3 1263 1993 2735
3 3155 130 1889
3 3057 382 3090
3 382 2331 3090
3 3090 2843 3057
3 2063 472 1177
3 3041 2904 3066
3 1359 1394 3751
3 3045 2183 2013
3 2325 3082 3043
3 3135 3071 3070
3 3106 635 3085
3 3074 3097 2135
3 3242 3216 3221
3 3336 3086 3087
3 2282 2791 2017
3 2048 3274 3255
3 1133 2994 2789
3 3076 3100 3065
3 2813 2271 3040
3 1256 2521 1255
3 3054 2378 3267
3 3093 3103 2704
3 3094 3247 744
3 2065 1117 3288
3 3059 2848 3214
3 3096 3105 3070
3 3106 3107 635
3 3108 2040 3011
3 3233 3087 2123
3 2913 2915 2035
3 2122 3059 3214
3 3076 2561 3100
3 3100 3125 3065
3 3065 3125 3089
3 3110 3077 3089
3 3110 3111 3078
3 3077 3110 3078
3 3111 2598 3078
3 3142 3113 2331
3 3113 3090 2331
3 1889 2843 3090
3 1889 421 2843
3 2558 2797 2802
3 1904 170 403
3 878 371 83
3 3128 3101 3365
3 3091 3129 3093
3 3129 3103 3093
3 2994 2144 2789
3 2710 3390 3104
3 3082 3133 3095
3 3095 3117 3083
3 3083 3096 3084
3 3105 3135 3070
3 3135 3118 3071
3 3136 3085 3071
3 3118 3136 3071
3 2041 2040 3108
3 3224 3021 2077
3 3021 2951 3246
3 2705 2278 3294
3 3124 3100 2561
3 3111 2375 2598
3 3113 1889 3090
3 2805 2498 2376
3 3302 3097 3074
3 1133 2789 2004
3 3358 3128 3365
3 3127 3128 3358
3 3129 3091 3101
3 3104 3116 2710
3 3116 3132 3082
3 3082 3132 3133
3 3117 3134 3083
3 3134 3096 3083
3 3136 3106 3085
3 3137 3107 3106
3 2041 3108 3138
3 3267 2378 2388
3 3066 2976 3256
3 2111 3739 567
3 3123 3170 3124
3 3100 3124 3125
3 3125 3141 3089
3 3089 3141 3110
3 3111 2221 2375
3 2264 152 2181
3 3800 3844 2743
3 2198 1925 2452
3 3126 2888 2737
3 3144 3115 2752
3 2105 878 83
3 3128 3129 3101
3 3104 3130 3131
3 3131 3159 3104
3 3104 3159 3116
3 3134 3146 3096
3 3096 3146 3105
3 3137 3106 3136
3 3138 3108 3011
3 3107 3138 3011
3 310 2041 3138
3 3236 3017 3353
3 2044 3352 2344
3 3006 2123 2135
3 3230 3099 3050
3 2077 3021 3246
3 2744 1128 2073
3 2850 2994 2401
3 3141 3125 3124
3 3170 3141 3124
3 3153 3111 3110
3 3141 3153 3110
3 3111 3153 2221
3 2498 2499 2376
3 2867 3154 3142
3 2964 328 1691
3 223 3149 1072
3 3114 3975 3145
3 3144 3171 3115
3 3157 3158 3129
3 3129 3158 3103
3 3133 3160 3095
3 3095 3160 3117
3 3134 3161 3146
3 3146 3147 3105
3 3147 3162 3105
3 3162 3135 3105
3 3135 3136 3118
3 3137 3177 3107
3 3177 3138 3107
3 3148 3066 3256
3 2948 2065 3288
3 3151 3152 3150
3 3151 1867 3152
3 3009 2934 3228
3 3008 3009 3228
3 2084 1974 2788
3 3169 3123 2203
3 2305 3153 3141
3 880 906 889
3 3155 3113 3142
3 3113 3155 1889
3 248 3156 2666
3 3185 3128 3127
3 3185 3186 3128
3 3157 3129 3128
3 3186 3157 3128
3 3158 3172 3103
3 3172 2097 2152
3 3103 3172 2152
3 2152 2097 2726
3 3130 3187 3131
3 3131 3187 3159
3 3159 3173 3132
3 3116 3159 3132
3 3173 3174 3133
3 3132 3173 3133
3 3174 3175 3133
3 3175 3160 3133
3 3162 3136 3135
3 3165 2183 3045
3 3166 3178 3151
3 3179 1867 3151
3 3179 3180 1867
3 3180 3181 1867
3 74 583 3167
3 3169 3170 3123
3 2376 300 2805
3 3182 3183 3154
3 3183 3142 3154
3 3183 3155 3142
3 610 2747 2522
3 3039 3078 290
3 1134 1954 123
3 3185 3127 3171
3 1857 2139 3130
3 3160 3195 3117
3 3195 3188 3134
3 3117 3195 3134
3 3134 3188 3161
3 3161 3196 3146
3 3146 3189 3147
3 3147 3189 3162
3 3209 3176 3162
3 3176 3136 3162
3 3197 3137 3136
3 3190 3138 3177
3 801 3198 2640
3 3166 2640 3198
3 3151 3178 3179
3 3168 3169 2203
3 3192 2305 3141
3 3191 3192 3141
3 2305 2221 3153
3 3092 2453 2439
3 3183 3184 3155
3 2604 2016 2259
3 2009 610 2522
3 543 936 1922
3 3193 3156 248
3 3193 3144 3156
3 3193 3171 3144
3 1023 633 2338
3 3194 3157 3186
3 3157 3194 3158
3 3158 3194 3172
3 633 1023 2047
3 3187 2003 3159
3 2003 3206 3159
3 3159 3206 3173
3 3189 3209 3162
3 3210 3136 3176
3 3210 3197 3136
3 3197 3177 3137
3 3197 3211 3177
3 3211 3190 3177
3 3198 3199 3166
3 3166 3199 3178
3 3178 2248 3179
3 3201 3181 3180
3 3202 698 3181
3 3201 3202 3181
3 3202 3168 698
3 3168 1961 3169
3 1961 3170 3169
3 3203 3141 3170
3 3203 3191 3141
3 2553 3183 3182
3 3204 3171 3193
3 3205 580 3172
3 3194 3205 3172
3 3172 580 2590
3 747 802 1440
3 3173 3206 3174
3 3175 1878 3160
3 3160 1878 3195
3 3207 3196 3161
3 3188 3207 3161
3 2028 3146 3196
3 2028 3189 3146
3 3189 3208 3209
3 3190 3198 801
3 310 3190 801
3 3198 2043 3199
3 3199 2248 3178
3 3200 3180 3179
3 2248 3200 3179
3 1961 3168 3202
3 355 3203 3170
3 3184 3183 2553
3 2415 1894 2328
3 2056 543 1922
3 724 3171 3204
3 724 3185 3171
3 3947 580 581
3 2203 698 3168
3 243 710 773
3 2003 2002 3206
3 3206 1357 3174
3 1357 1878 3175
3 3174 1357 3175
3 3189 2028 3208
3 3209 2446 3176
3 2446 3210 3176
3 3190 3211 3198
3 3200 221 3180
3 221 3201 3180
3 221 3202 3201
3 2095 1961 3202
3 1961 355 3170
3 1669 3191 3203
3 2553 2429 3184
3 3185 1444 3186
3 3186 1444 3194
3 3292 1349 3301
3 773 710 2118
3 3195 209 3188
3 3188 209 3207
3 3207 1964 3196
3 1964 1971 3196
3 1971 2028 3196
3 2028 2027 3208
3 3208 2032 3209
3 2446 3209 2032
3 3210 93 3197
3 93 3211 3197
3 3211 2058 3198
3 2043 2026 3199
3 743 2749 2978
3 3217 3053 2833
3 1117 2164 3288
3 3277 2553 2686
3 1169 958 159
3 3239 2197 2204
3 1897 172 2258
3 3062 3140 3149
3 1072 3149 1074
3 2053 1988 765
3 2620 3213 3237
3 2841 3221 3040
3 2346 1424 2390
3 2953 2607 1241
3 2345 1424 2346
3 3223 2488 2849
3 2130 2186 2176
3 2057 3244 2528
3 3045 2013 1906
3 1792 2793 2345
3 3242 3221 3020
3 327 2974 2790
3 3140 3229 2488
3 1341 2460 2477
3 2994 2904 3041
3 2631 3811 48
3 2793 938 937
3 3311 2042 2271
3 3026 3017 3072
3 3074 2135 3163
3 938 496 937
3 3080 3218 2794
3 3238 3241 3298
3 3298 3052 2861
3 3142 2331 2867
3 2595 3069 3086
3 1300 347 3260
3 3119 2042 3311
3 2857 3217 3237
3 2794 2845 2857
3 3088 3259 3302
3 924 923 2998
3 3098 2927 2847
3 3226 2997 3241
3 3126 3311 2271
3 2857 2845 2997
3 2996 2967 3021
3 2214 3343 2756
3 1691 1834 3247
3 1854 3676 2595
3 2620 3080 2794
3 2869 2870 3020
3 3249 3245 3139
3 3324 3026 3072
3 2083 2839 1936
3 3753 1945 55
3 3239 3253 2197
3 569 1902 3835
3 3253 3254 2197
3 3226 3241 3238
3 3229 3220 2114
3 2869 3120 2845
3 3099 2872 3073
3 2870 3046 3219
3 1826 694 706
3 1072 1074 2839
3 3294 2214 2130
3 3221 3216 3040
3 3049 2948 3068
3 1906 73 2788
3 3080 2620 3092
3 873 3035 656
3 2903 3265 3037
3 3250 3067 3234
3 3230 3139 3099
3 3235 2833 2792
3 1824 3066 2904
3 3092 2620 2453
3 3099 3073 3250
3 3112 3080 3248
3 3080 3112 3222
3 3250 3234 3220
3 2997 2845 3120
3 3219 3242 3020
3 2440 3215 2841
3 1824 2839 3066
3 2872 3244 3073
3 2035 3272 1117
3 1827 3370 3367
3 3088 2949 3259
3 3260 3252 1300
3 1300 3252 3239
3 3252 3253 3239
3 1425 1424 2345
3 3073 3067 3250
3 3241 2997 3052
3 3247 3282 1478
3 3221 2841 3215
3 2307 2791 3324
3 3216 3081 3280
3 3008 3262 3256
3 2837 2838 2895
3 1208 924 2998
3 3247 1478 2060
3 3140 3223 3149
3 3020 3221 3215
3 706 694 1189
3 3046 3230 3219
3 2051 881 239
3 2820 2172 162
3 2074 3262 2951
3 2122 1950 3059
3 2787 3024 875
3 3260 3269 3252
3 3269 3261 3252
3 3268 3244 2872
3 3222 3046 2870
3 3249 3139 3230
3 3261 3253 3252
3 3330 3254 3253
3 2033 393 2894
3 2483 311 466
3 3271 2048 3255
3 3271 2065 2987
3 350 3245 3249
3 2148 1189 350
3 2222 1474 1698
3 3219 3230 3081
3 3119 2841 2042
3 1975 1787 1461
3 249 3216 3280
3 2318 391 873
3 3097 3233 3006
3 2196 2976 3066
3 886 2450 1169
3 656 3035 2408
3 3235 3217 2833
3 3242 3219 3081
3 1787 2999 1461
3 3267 1944 3054
3 3218 2845 2794
3 1536 2270 939
3 3227 1207 2033
3 2784 3148 3256
3 323 2450 886
3 2857 3226 3217
3 3296 3738 3676
3 3218 2869 2845
3 3369 200 348
3 3393 2973 3356
3 438 2894 539
3 174 2048 2983
3 939 2791 1536
3 1944 3302 3074
3 3074 3163 1827
3 1827 1944 3074
3 3139 2872 3099
3 2405 3277 2327
3 3277 3278 3270
3 2327 3277 3270
3 3273 2261 3270
3 3278 3273 3270
3 3273 2262 2261
3 3273 2161 2262
3 2620 3237 2421
3 3261 3330 3253
3 3115 3171 3127
3 2737 643 3581
3 3265 2983 3037
3 3023 3263 3098
3 1827 3163 2844
3 3226 3238 3053
3 3165 2846 1974
3 3167 3267 2393
3 2912 2914 3276
3 1807 1933 435
3 3230 3050 3081
3 3330 3333 3254
3 2483 466 2546
3 3277 2405 2402
3 374 1162 2107
3 3273 2029 2161
3 2934 1976 3279
3 1072 2839 1824
3 3274 2832 3243
3 1950 2762 3347
3 3037 2983 2987
3 1120 3023 3098
3 3097 3006 2135
3 3054 1944 1827
3 66 1194 67
3 3241 3052 3298
3 3058 3238 2837
3 3281 3283 3278
3 3277 3281 3278
3 3283 3291 3278
3 3291 3273 3278
3 3291 3284 3273
3 3273 3284 2029
3 2824 1786 1049
3 662 1189 694
3 176 174 149
3 2987 2983 3271
3 3256 2976 3008
3 3068 3232 3233
3 3268 2001 3244
3 3062 3149 223
3 3324 2791 3026
3 3279 1976 2860
3 2934 3706 1976
3 2114 3212 2488
3 3277 2686 3281
3 2642 1439 922
3 3255 1117 2065
3 1944 3310 3302
3 2144 2994 3041
3 3272 1950 2129
3 3783 3781 3854
3 3021 2967 2951
3 2833 3053 3058
3 1120 3098 2786
3 3220 3042 2114
3 937 2345 2793
3 1988 2166 2154
3 3290 3281 2686
3 3290 3283 3281
3 3291 3292 3284
3 3284 3292 2642
3 3292 3300 2642
3 2642 3300 1439
3 3267 3310 1944
3 2915 3014 2035
3 3094 1691 3247
3 3045 1906 2788
3 2840 1825 3274
3 2163 2068 2753
3 3014 2762 2035
3 3295 3290 2686
3 2543 1133 2005
3 3017 2033 2150
3 3288 1120 3232
3 2786 3109 3232
3 2135 3031 3163
3 2493 3217 3235
3 2130 2176 2914
3 3021 3224 2996
3 3865 2625 3766
3 3299 3269 919
3 1772 3299 919
3 1117 2974 2164
3 3120 3020 3215
3 1349 3292 3291
3 3292 3301 3300
3 3300 2783 1439
3 3264 749 2927
3 3259 2949 3049
3 3263 3264 2927
3 749 2595 3086
3 3006 3233 2123
3 3464 1873 338
3 2123 2183 3165
3 2964 1691 3094
3 3009 3706 2934
3 2307 2303 2017
3 3072 3351 3269
3 3351 3261 3269
3 3063 2915 2913
3 3122 3014 2915
3 2134 3347 3014
3 2338 3757 567
3 2926 2641 3417
3 2927 749 2847
3 2967 2789 2074
3 3227 3017 3026
3 3165 3031 2135
3 3086 3069 2183
3 3052 2440 3287
3 3317 3419 3464
3 3351 3330 3261
3 2074 2784 3262
3 3318 2307 3299
3 3587 2721 2007
3 2426 2783 3300
3 2077 3246 3225
3 2996 3224 1987
3 2572 1783 2571
3 2493 1096 165
3 3333 3304 3398
3 3284 2642 2029
3 3163 3031 3257
3 3063 2838 3303
3 3757 2111 567
3 3320 3438 2321
3 3228 2934 3279
3 3246 3228 3279
3 3464 2775 3309
3 3312 3309 2775
3 3042 2320 3258
3 2846 3165 3045
3 2974 327 2164
3 2949 3037 2987
3 744 3247 2060
3 3237 3217 2493
3 2999 339 4046
3 2838 3298 2854
3 2895 3063 2832
3 2854 2861 2669
3 3370 2844 3371
3 3308 3313 3121
3 3121 3313 2321
3 3218 3080 2869
3 3419 3317 3322
3 3742 2787 3282
3 2197 2988 3429
3 1419 3112 3248
3 3371 2844 3257
3 2928 744 2060
3 3581 3307 2848
3 2123 3165 2135
3 3243 2832 2913
3 2046 2081 339
3 545 2548 1142
3 173 509 506
3 3126 2271 1882
3 3309 3317 3464
3 2705 3294 875
3 800 519 782
3 1478 1477 2060
3 3314 2551 2535
3 918 764 2171
3 2869 3080 3222
3 2741 2319 2196
3 2052 2994 2850
3 1825 2049 2832
3 3370 1827 2844
3 480 3313 3308
3 3312 3315 3316
3 3316 3309 3312
3 3309 3327 3317
3 2861 3052 3287
3 2976 3009 3008
3 3240 3054 1827
3 2789 3148 2784
3 1949 1824 2904
3 222 395 2888
3 3098 3109 2786
3 395 222 223
3 2869 3020 3120
3 2978 3094 743
3 480 3319 3313
3 3313 3319 2321
3 3319 3321 2321
3 3321 3315 3320
3 3316 3327 3309
3 3167 2949 3088
3 749 1854 2595
3 2948 3288 3232
3 3318 3299 1772
3 3299 3324 3269
3 3323 3315 3321
3 3323 3316 3315
3 3269 3324 3072
3 3244 2057 3073
3 3034 3022 2840
3 1074 3149 2849
3 2792 3034 1096
3 3325 3326 3319
3 3319 3326 3321
3 3332 3338 3316
3 3323 3332 3316
3 3316 3338 3327
3 3328 3317 3327
3 3328 3322 3317
3 2129 2122 2926
3 172 1897 2158
3 2167 2001 3268
3 3255 2065 3271
3 3073 2057 3067
3 2144 3041 3148
3 3299 2307 3324
3 1874 3325 3319
3 3326 3331 3321
3 3321 3331 3323
3 3331 3332 3323
3 3328 3335 3322
3 3335 3329 3322
3 3007 2077 3225
3 3068 2948 3232
3 583 2903 3167
3 3234 3067 2547
3 2493 3235 1096
3 174 3275 3034
3 3325 3337 3326
3 3334 3331 3326
3 803 3329 3335
3 3167 3088 3267
3 2857 2997 3226
3 2847 749 3086
3 2741 3606 3615
3 3246 2951 3228
3 3167 2903 2949
3 3139 3245 3268
3 3295 3154 2867
3 1034 101 1218
3 3259 3068 3097
3 3337 3325 1874
3 3337 3334 3326
3 3331 3334 3332
3 3348 3328 3327
3 3342 803 3335
3 3224 2077 3007
3 2869 3222 2870
3 3233 3232 3109
3 149 3265 2903
3 583 149 2903
3 2967 2074 2951
3 2535 3057 3314
3 3223 3140 2488
3 2015 3340 3337
3 3334 3341 3332
3 3332 3341 3338
3 3338 3348 3327
3 3224 3007 1987
3 3336 3109 2847
3 1974 2084 3257
3 3045 2788 1974
3 2967 2996 3738
3 3149 3223 2849
3 3255 3243 1117
3 2035 2762 3272
3 3102 2166 3015
3 2349 3340 2015
3 3337 3341 3334
3 3341 3344 3338
3 3344 3348 3338
3 3349 3328 3348
3 3349 3345 3328
3 3345 3335 3328
3 2789 2967 2004
3 3232 1120 2786
3 1617 979 693
3 1950 2122 2129
3 3279 2860 2864
3 3233 3109 3087
3 1071 2382 2349
3 3057 3019 3314
3 3017 3227 2033
3 2561 3076 379
3 3057 2394 3019
3 1071 2349 2015
3 3350 3335 3345
3 3350 3342 3335
3 923 1628 3346
3 2951 3262 3008
3 2155 2161 2029
3 2164 1120 3288
3 2164 327 1120
3 1120 327 3023
3 3049 2949 2948
3 2307 2315 2303
3 3243 2035 1117
3 743 3094 744
3 2401 1133 3652
3 2794 2857 3213
3 2620 2794 3213
3 3222 2148 3249
3 1763 740 746
3 3340 2349 3337
3 3337 2349 3341
3 3352 3344 3341
3 3354 3349 3348
3 3896 404 2732
3 3097 3068 3233
3 3393 2991 2973
3 3251 3034 2840
3 2983 2048 3271
3 2196 3606 2741
3 2017 2791 2307
3 2997 3120 3215
3 3213 2857 3237
3 1096 3235 2792
3 3268 2872 3139
3 725 3963 1398
3 3347 3059 1950
3 2344 3352 3341
3 2349 2344 3341
3 3355 3350 3345
3 3285 3342 3350
3 775 1277 840
3 3265 174 2983
3 2997 3215 2856
3 3236 3333 3330
3 1753 3751 3306
3 393 2033 1207
3 2148 3222 3112
3 2994 2052 1949
3 471 838 1097
3 3352 3359 3344
3 3359 3357 3344
3 3344 3357 3348
3 3357 3354 3348
3 3360 3345 3349
3 3354 3360 3349
3 3360 3355 3345
3 3355 3362 3350
3 3362 3285 3350
3 3248 3080 3092
3 2864 3225 3279
3 3017 2150 3353
3 3058 3053 3238
3 3024 2705 875
3 132 1112 2386
3 2042 3040 2271
3 3046 3249 3230
3 149 174 3265
3 174 3034 3251
3 2837 3238 3305
3 2227 2549 3035
3 3225 3246 3279
3 3250 3220 2865
3 3310 3088 3302
3 2790 3263 3023
3 2903 3037 2949
3 2048 2840 3274
3 2083 3606 2196
3 3298 2861 2854
3 3287 2440 2841
3 3222 3249 3046
3 3274 1825 2832
3 2282 1536 2791
3 3352 3367 3359
3 3361 3354 3357
3 3360 3362 3355
3 3086 2183 3087
3 2546 466 2177
3 1949 395 1824
3 2345 2252 1792
3 3062 3229 3140
3 3072 3236 3351
3 3586 2007 250
3 2052 395 1949
3 3367 3363 3359
3 3363 3361 3359
3 3359 3361 3357
3 3364 3362 3360
3 3109 3336 3087
3 2997 2856 3052
3 2844 3163 3257
3 3294 2130 1477
3 3251 2840 2048
3 3031 1974 3257
3 3365 3356 3358
3 2537 2331 382
3 2973 3586 3477
3 2322 1772 465
3 3050 3099 3250
3 2854 2134 3303
3 2044 3367 3352
3 3361 3360 3354
3 3361 3371 3360
3 2784 3256 3262
3 2791 939 3227
3 939 1089 3227
3 1125 1321 3446
3 2083 2196 3066
3 2148 350 3249
3 3365 3393 3356
3 3557 2849 3450
3 3371 3368 3360
3 3368 3364 3360
3 3353 3333 3236
3 2847 3086 3336
3 244 2202 3075
3 2832 3063 2913
3 3063 3122 2915
3 3063 3303 3122
3 3236 3330 3351
3 1617 693 405
3 2717 1218 1217
3 1217 1218 2969
3 101 1880 2969
3 2969 1880 2952
3 2466 2717 1217
3 1880 3035 2952
3 3367 2044 1596
3 3370 3361 3363
3 3370 3371 3361
3 3257 3364 3368
3 3257 3362 3364
3 3257 2084 3362
3 3263 2927 3098
3 3050 3250 3081
3 3220 3234 3042
3 3075 2995 3009
3 2439 1419 3248
3 2926 3417 2790
3 2378 3240 1596
3 3242 3081 3216
3 3240 3367 1596
3 3367 3370 3363
3 3371 3257 3368
3 3303 3014 3122
3 3126 1882 2888
3 3112 1189 2148
3 873 2227 3035
3 3329 3415 3419
3 2882 2883 3732
3 585 2511 3495
3 3382 285 3374
3 585 3495 3373
3 3452 3376 2644
3 3182 3295 2686
3 3376 3452 3378
3 3870 2047 2064
3 3475 3373 3425
3 2085 671 3356
3 1741 3011 3439
3 36 466 2767
3 3376 3378 1729
3 466 1975 2767
3 3381 3413 3412
3 3547 3381 3412
3 3576 2781 3381
3 3576 3382 2781
3 454 1621 372
3 285 2116 3374
3 3294 3343 2214
3 3422 2085 3033
3 3515 1416 3506
3 588 2591 2540
3 3425 3384 168
3 3436 285 3382
3 417 3387 438
3 3388 2150 2894
3 438 3388 2894
3 2165 3473 2726
3 3495 2714 3384
3 615 3593 727
3 3452 711 3449
3 1975 1461 2767
3 3387 3388 438
3 3388 3353 2150
3 1936 1464 3557
3 1416 283 3506
3 3436 3391 285
3 2748 2530 3452
3 3454 2748 3452
3 3293 3387 417
3 3432 3320 3312
3 3391 3416 285
3 2714 3495 3507
3 3387 3397 3388
3 1640 3365 1408
3 2271 2813 1882
3 1662 663 1967
3 3388 3397 3304
3 1408 3365 768
3 158 1849 1558
3 3416 3403 3064
3 3025 2748 3435
3 3293 3397 3387
3 3397 3398 3304
3 3121 2321 3438
3 1973 3500 1913
3 3025 3435 1819
3 2706 3409 1577
3 3409 3402 3293
3 1577 3409 3293
3 3415 3638 3419
3 2633 2552 3399
3 2643 1963 2804
3 3104 649 1857
3 3781 3822 3854
3 3402 3410 3397
3 3293 3402 3397
3 3410 3411 3397
3 3411 3398 3397
3 2866 3746 2615
3 3489 3431 3426
3 3116 3082 2710
3 3379 3570 3404
3 3254 3398 3411
3 3390 3426 649
3 3372 3064 3498
3 3427 3415 3498
3 3401 3489 3390
3 2710 3401 3390
3 3150 2640 3166
3 3409 3421 3402
3 3402 3421 3410
3 2988 2197 3254
3 3104 3390 649
3 2511 3383 2723
3 3343 2278 2277
3 303 3400 646
3 585 614 2511
3 2277 3060 2067
3 3115 671 2752
3 3060 2277 2731
3 2723 319 3400
3 2939 2452 1925
3 2706 3297 3409
3 3421 3424 3410
3 3424 3434 3410
3 3434 3411 3410
3 3411 2988 3254
3 2111 3029 3739
3 284 1677 2533
3 3702 150 3422
3 2511 3507 3495
3 752 2189 2041
3 3434 3428 3411
3 3411 3428 2988
3 3559 585 2189
3 3430 614 585
3 3559 3430 585
3 2638 3399 2775
3 1118 3438 2633
3 2633 3432 2552
3 3422 150 2752
3 2752 150 2666
3 3427 1784 3423
3 1879 2408 1880
3 3297 3433 3409
3 3441 3424 3421
3 3428 3429 2988
3 3024 2787 3721
3 2589 3443 3403
3 3423 3638 3427
3 2062 2940 3628
3 3464 3419 1873
3 2661 2638 2775
3 1583 1873 3638
3 3423 1583 3638
3 1729 1784 3403
3 3028 3435 3431
3 614 3430 615
3 3430 3593 615
3 3433 3441 3409
3 3409 3441 3421
3 3434 2117 3428
3 3428 2117 3429
3 3593 3440 727
3 3395 3546 3396
3 857 3294 1477
3 3442 341 3435
3 3442 3454 2644
3 3424 3441 3434
3 3407 1741 3439
3 614 615 2511
3 804 2557 1802
3 2734 1158 2690
3 1773 786 1244
3 2707 3504 3444
3 3393 3365 1640
3 3488 3372 3498
3 3416 3372 3472
3 2782 3416 3472
3 2781 3374 2597
3 3440 2203 751
3 1836 3433 3297
3 3451 2961 3434
3 3441 3451 3434
3 2961 2117 3434
3 3438 1439 3121
3 3504 2707 1449
3 285 2782 2116
3 3457 3478 3392
3 2537 2777 2331
3 3473 3445 2704
3 3414 381 3445
3 3506 284 2533
3 2644 3454 3452
3 751 2203 3394
3 3150 3166 3151
3 1965 3449 1751
3 298 2730 372
3 1342 3436 3576
3 1134 1149 185
3 1424 1425 2157
3 3418 3478 3462
3 917 2068 2163
3 3418 3462 3447
3 3448 2674 2597
3 3479 2601 3547
3 3479 3547 827
3 3449 711 1741
3 1836 821 3433
3 3453 3451 3441
3 3744 1692 2799
3 1149 184 185
3 413 3293 417
3 821 1836 955
3 3385 3329 803
3 3479 827 3458
3 3394 2203 3123
3 821 3469 3433
3 3433 3469 3441
3 3451 2133 2961
3 3283 3290 3404
3 283 284 3506
3 283 827 3412
3 1751 3407 1583
3 881 3461 2528
3 3461 2057 2528
3 1905 3385 803
3 3452 3449 3378
3 3469 3389 3453
3 3441 3469 3453
3 3389 3451 3453
3 3291 2768 1349
3 3460 168 2661
3 2681 3405 2151
3 3475 3425 3375
3 3412 3413 1677
3 2157 1425 2626
3 3412 1677 284
3 2558 2157 2626
3 3378 3449 1965
3 2748 3454 3442
3 3294 857 875
3 2748 3442 3435
3 3314 2977 1657
3 3473 3414 3445
3 3439 2040 3375
3 1461 35 2767
3 3025 2038 2530
3 3461 3366 2057
3 379 3076 1765
3 3124 3394 3123
3 2491 3286 636
3 3627 3405 2678
3 3466 3491 3521
3 3481 3491 3470
3 3467 3466 3486
3 3448 2116 3377
3 2704 3445 3530
3 821 3474 3469
3 1857 3130 3104
3 3379 3295 2867
3 3526 3443 2589
3 3468 3515 3529
3 3515 3467 3529
3 3042 3234 2547
3 3102 3366 3461
3 3067 2057 3366
3 3566 3456 3471
3 3546 3468 3505
3 3356 2973 3477
3 2177 466 36
3 338 3439 3460
3 3474 3389 3469
3 255 2585 2758
3 3028 1819 3435
3 3381 2781 2597
3 3526 2589 1342
3 3102 2320 3366
3 239 1957 2051
3 2981 1724 2299
3 3511 3476 2172
3 3527 3386 3414
3 1850 1851 3032
3 222 1882 249
3 2800 1995 3389
3 3474 2800 3389
3 2636 3028 3431
3 3477 3586 250
3 827 283 3386
3 3445 381 3396
3 3541 3450 3212
3 1584 498 321
3 2664 3482 3444
3 3546 3505 3487
3 3091 2704 3530
3 3477 2085 3356
3 3062 249 3229
3 2636 3431 3489
3 3401 2636 3489
3 803 3342 1905
3 613 2800 3474
3 2914 1206 2130
3 3386 381 3414
3 3093 2704 3091
3 2664 3447 3462
3 2113 3870 2064
3 2053 3484 1988
3 3484 3015 2166
3 3484 2320 3015
3 959 2577 2579
3 2618 3181 690
3 2641 2122 3634
3 3491 2597 3470
3 3091 3530 3542
3 3390 3489 3426
3 2800 570 1995
3 1437 1929 2185
3 645 1188 1843
3 2919 3276 2175
3 3418 2116 3472
3 2053 3493 3484
3 3494 2320 3484
3 3505 696 3456
3 2155 2029 1762
3 3466 3521 3486
3 3510 786 3446
3 3566 3487 3456
3 303 1118 2633
3 2152 3473 3103
3 1748 2800 613
3 2185 3512 1437
3 1437 3512 3496
3 3377 3447 2664
3 3492 3493 2053
3 3493 3502 3484
3 3497 2320 3494
3 2914 2175 3276
3 3444 3490 1344
3 3408 3457 2491
3 3457 3286 2491
3 1882 222 2888
3 2530 711 3452
3 819 1062 2800
3 1748 819 2800
3 3565 3311 3581
3 3432 3438 3320
3 3499 3500 1973
3 937 496 2626
3 3501 3493 3492
3 3503 3497 3494
3 3504 1449 3459
3 3258 2320 3497
3 3482 3490 3444
3 2768 3291 3283
3 2172 1868 162
3 2801 1607 198
3 3467 3486 3529
3 2319 3009 2976
3 2726 3473 2152
3 3512 3499 3496
3 3496 3499 2131
3 3501 3502 3493
3 3502 3494 3484
3 3519 3503 3494
3 3081 2865 3280
3 2777 804 3510
3 3566 768 3091
3 319 751 3400
3 881 2051 2154
3 3064 3427 3498
3 2169 3517 2185
3 2185 3517 3512
3 3512 3518 3499
3 3513 1913 3500
3 3513 3501 1913
3 3519 3494 3502
3 3514 3519 3502
3 3520 3497 3503
3 3497 3520 3258
3 1344 3490 3408
3 3404 3570 3446
3 2041 2189 3375
3 3466 2533 3491
3 3506 2533 3466
3 1217 2969 2466
3 3463 3473 2165
3 4004 3056 691
3 3501 3513 3502
3 696 3505 3627
3 3446 786 1773
3 3510 804 786
3 3521 3481 2734
3 804 2777 2557
3 3468 3529 3509
3 3082 3401 2710
3 3463 3455 3473
3 2547 3067 3366
3 3507 2511 303
3 3527 827 3386
3 2131 3499 1973
3 3517 3528 3512
3 3518 3522 3499
3 3499 3522 3500
3 3500 3533 3513
3 3513 3523 3502
3 3502 3523 3514
3 3535 3519 3514
3 3503 3519 3520
3 3520 3212 3258
3 192 2221 2305
3 3627 3505 2673
3 1431 1204 1933
3 2557 2777 2537
3 3468 3509 2673
3 2552 3432 3312
3 1433 3508 3465
3 3508 1851 3465
3 150 3558 3516
3 1104 2169 1985
3 3528 3518 3512
3 3522 3533 3500
3 3533 3534 3513
3 3513 3534 3523
3 3523 3525 3514
3 3540 3535 3514
3 3519 3536 3520
3 1867 3181 2618
3 1584 515 486
3 881 2528 239
3 3301 2426 3300
3 3481 3470 1158
3 3455 3527 3414
3 2800 1062 570
3 3456 696 1887
3 3011 635 3107
3 1104 3531 3517
3 3517 3531 3528
3 3535 3536 3519
3 3520 3541 3212
3 2172 1907 1868
3 2673 3509 3405
3 2445 3437 3459
3 3437 2445 1158
3 1882 2813 249
3 2558 2626 2730
3 1321 3404 3446
3 2678 3405 2681
3 2533 2597 3491
3 607 2901 2160
3 2124 3543 1984
3 3586 2973 3524
3 1984 3543 1104
3 3523 3539 3525
3 3525 3540 3514
3 3529 3521 3405
3 3521 2734 3405
3 3509 3529 3405
3 1158 3470 3437
3 3521 3491 3481
3 3566 3471 3476
3 1851 1670 3032
3 2722 2085 250
3 2666 3156 3144
3 2189 3475 3375
3 2775 2552 3312
3 3531 3538 3528
3 3538 3532 3528
3 3532 3544 3518
3 3528 3532 3518
3 3518 3544 3522
3 3534 3545 3523
3 3545 3539 3523
3 3536 3541 3520
3 3481 1158 2734
3 1987 3738 2996
3 3486 3521 3529
3 2768 3406 714
3 2511 615 3383
3 3458 827 3527
3 2124 3537 3543
3 1104 3543 3531
3 3531 3548 3538
3 3550 3533 3522
3 3544 3550 3522
3 3552 3541 3536
3 3081 3250 2865
3 2669 3287 2841
3 3119 2669 2841
3 3032 1640 3476
3 3380 379 1035
3 3406 1321 714
3 3543 3548 3531
3 3533 3550 3534
3 3534 3550 3545
3 3554 3555 3525
3 3539 3554 3525
3 3525 3555 3540
3 3540 3551 3535
3 3551 3556 3535
3 3556 3552 3536
3 3535 3556 3536
3 3553 3541 3552
3 636 3362 2084
3 2661 338 3460
3 338 2661 3464
3 2691 1786 2824
3 11 1914 13
3 671 3115 3358
3 3032 3476 3511
3 2005 3296 3264
3 1920 917 2111
3 3406 3404 1321
3 3543 3567 3548
3 3544 3549 3550
3 3545 3554 3539
3 3551 3540 3555
3 3553 3557 3450
3 3541 3553 3450
3 2041 3375 2040
3 3286 3285 636
3 2643 2801 1080
3 1584 321 1081
3 1640 3566 3476
3 330 3705 2995
3 3383 727 319
3 2079 3560 3537
3 3543 3561 3567
3 3548 3562 3538
3 3538 3562 3532
3 3563 3555 3554
3 3254 3333 3398
3 2172 3471 1907
3 3471 3456 1907
3 3296 1854 749
3 2079 3537 1962
3 248 2666 3516
3 3565 2669 3119
3 1096 3034 373
3 3478 3488 3392
3 2601 3381 3547
3 3516 3558 248
3 3381 2597 3413
3 653 979 333
3 3560 3571 3537
3 3537 3571 3543
3 3543 3571 3561
3 3532 3562 3544
3 3550 3568 3545
3 3555 3564 3551
3 3551 3569 3556
3 3556 3575 3552
3 213 1987 3007
3 3530 3546 3487
3 2669 2861 3287
3 752 3559 2189
3 3567 3577 3562
3 3548 3567 3562
3 3562 3578 3544
3 3544 3578 3549
3 3549 3568 3550
3 3568 3573 3545
3 3573 3591 3545
3 3591 3554 3545
3 3563 3574 3555
3 3555 3574 3564
3 3564 3569 3551
3 3569 3575 3556
3 2797 2558 2796
3 2664 3444 3504
3 3480 2664 3504
3 3480 3504 3459
3 3437 3480 3459
3 937 2626 1425
3 3472 3478 3418
3 3561 3594 3567
3 3594 3577 3567
3 3577 3589 3562
3 3549 3578 3572
3 3572 3568 3549
3 3582 3573 3568
3 3574 3579 3569
3 3564 3574 3569
3 3579 3575 3569
3 3575 3585 3552
3 584 3553 3552
3 3585 584 3552
3 3553 584 3557
3 764 1916 3492
3 2134 2854 2669
3 2134 2669 3565
3 3263 2790 3417
3 3633 2401 3652
3 1558 1157 158
3 3379 3510 3570
3 3530 3487 3566
3 319 727 751
3 2112 1968 2079
3 2079 1968 3560
3 3594 3561 3571
3 3589 3578 3562
3 3591 3583 3563
3 3554 3591 3563
3 3563 3583 3574
3 3580 3575 3579
3 3580 3584 3575
3 3584 3585 3575
3 1950 3272 2762
3 3475 585 3373
3 2848 3565 3581
3 711 672 1741
3 3542 3530 3566
3 3312 3320 3315
3 3419 3322 3329
3 3578 3590 3572
3 3572 3590 3568
3 3568 3590 3582
3 3456 3487 3505
3 2737 3581 3311
3 3565 2848 2134
3 3576 3436 3382
3 1109 901 147
3 3430 2618 3593
3 1968 3597 3560
3 3597 3598 3571
3 3560 3597 3571
3 3571 3598 3594
3 3588 3599 3577
3 3594 3588 3577
3 3599 3600 3577
3 3577 3600 3589
3 3595 3590 3578
3 3582 3596 3573
3 3573 3596 3591
3 3591 3602 3583
3 3583 3592 3574
3 3574 3592 3579
3 3585 3605 584
3 3605 1936 584
3 2848 3347 2134
3 2643 2804 2801
3 3320 2321 3321
3 3404 3290 3379
3 1118 1439 3438
3 1936 3557 584
3 3601 3595 3589
3 3595 3578 3589
3 3583 3602 3592
3 3592 3603 3579
3 3603 3580 3579
3 3603 3611 3580
3 3604 3584 3580
3 3611 3604 3580
3 3606 1936 3605
3 3705 3706 2995
3 2850 3307 643
3 3450 2849 2488
3 3626 2092 1930
3 2848 3059 3347
3 3082 2325 3401
3 2807 2804 695
3 3593 690 3440
3 1989 3612 1968
3 1968 3612 3597
3 3589 3600 3601
3 3595 3607 3590
3 3590 3607 3582
3 3592 3602 3608
3 3592 3608 3603
3 3605 3585 3584
3 3604 3605 3584
3 3482 3462 3490
3 3581 643 3307
3 3307 3214 2848
3 2134 3014 3303
3 1640 1408 3566
3 3392 3488 3498
3 3082 3095 3043
3 3600 3613 3601
3 3601 3609 3595
3 3595 3609 3607
3 3607 3610 3582
3 3582 3610 3596
3 3596 3610 3591
3 3610 3602 3591
3 3461 2166 3102
3 1850 3012 3465
3 2230 65 64
3 1849 1678 1558
3 3416 3064 3372
3 3598 3621 3594
3 3621 3588 3594
3 3621 3622 3599
3 3588 3621 3599
3 3599 3622 3600
3 3607 3609 3610
3 3615 3605 3604
3 3515 3506 3467
3 3506 3466 3467
3 3214 3307 2850
3 3347 2762 3014
3 3676 3069 2595
3 3440 698 2203
3 3612 3640 3597
3 3616 3598 3597
3 3640 3616 3597
3 3622 3617 3600
3 3600 3617 3613
3 3614 3609 3601
3 3609 3619 3610
3 3625 3602 3610
3 3602 3630 3608
3 3608 3631 3603
3 3611 3620 3604
3 3620 3615 3604
3 3615 3606 3605
3 3378 1965 1729
3 3468 2673 3505
3 1989 3628 3612
3 3612 3628 3640
3 3598 3616 3621
3 3613 3623 3601
3 3601 3623 3614
3 3614 3618 3609
3 3609 3618 3619
3 3624 3610 3619
3 3602 3625 3630
3 3603 3631 3611
3 2188 2754 2570
3 3445 3546 3530
3 3286 1905 3285
3 3025 1819 3028
3 1670 1640 3032
3 3391 3403 3416
3 3615 2740 2741
3 3617 3636 3613
3 3613 3636 3623
3 3619 3629 3624
3 3610 3624 3625
3 3630 3631 3608
3 3632 3615 3620
3 3632 2740 3615
3 3431 3458 3483
3 2337 3435 2601
3 3431 3479 3458
3 2337 2601 3479
3 2754 2859 2858
3 3400 3380 646
3 3640 3647 3616
3 3616 3635 3621
3 3621 3635 3622
3 3614 3623 3618
3 3618 3642 3619
3 3631 3637 3611
3 3611 3637 3620
3 250 2085 3477
3 3379 3290 3295
3 3152 1867 2618
3 2401 3633 3214
3 303 2723 3400
3 3435 341 3526
3 3635 3641 3622
3 3636 3618 3623
3 3642 3629 3619
3 3631 3646 3637
3 3637 3639 3620
3 3639 3632 3620
3 2319 2741 2740
3 2768 714 2719
3 3633 3634 3214
3 3546 3395 3468
3 1989 2062 3628
3 3647 3665 3616
3 3616 3665 3635
3 3636 3648 3618
3 3648 3642 3618
3 3642 3643 3629
3 3629 3643 3644
3 3644 3624 3629
3 3625 3645 3630
3 3650 3646 3631
3 3630 3650 3631
3 616 1699 2008
3 3476 3471 2172
3 3395 3515 3468
3 3408 2491 1551
3 3641 3653 3622
3 3622 3653 3617
3 3624 3657 3625
3 3625 3657 3645
3 3645 3650 3630
3 3646 3651 3637
3 3637 3651 3639
3 244 3632 3639
3 244 3075 3632
3 3075 2740 3632
3 3075 2319 2740
3 3225 1409 3007
3 3101 3091 768
3 2705 2731 2278
3 3652 2641 3634
3 1349 2768 2719
3 285 3416 2782
3 3301 1349 2426
3 3064 1784 3427
3 3464 2661 2775
3 3628 2940 3640
3 3665 3673 3635
3 3635 3673 3641
3 3653 3660 3636
3 3617 3653 3636
3 3660 3648 3636
3 3648 3649 3642
3 3649 3643 3642
3 3650 3655 3646
3 3638 1873 3419
3 1268 3961 3967
3 2961 2141 2117
3 1408 768 3566
3 3091 3542 3566
3 827 3547 3412
3 2511 2723 303
3 3422 2752 671
3 2879 2860 2878
3 3673 3656 3641
3 3641 3656 3653
3 3654 3643 3649
3 3643 3654 3644
3 3657 3624 3644
3 3657 3658 3645
3 3645 3659 3650
3 3655 3664 3646
3 3664 3651 3646
3 2671 2125 1440
3 1857 3455 3463
3 2543 3652 1133
3 3377 3480 3437
3 3648 3661 3649
3 3644 3654 3657
3 3658 3659 3645
3 3650 3659 3655
3 3664 244 3639
3 3651 3664 3639
3 3009 2319 3075
3 3060 1241 2067
3 3373 3495 3384
3 3373 3384 3425
3 2543 3417 2641
3 3652 2543 2641
3 672 635 3011
3 381 3395 3396
3 310 3138 3190
3 3640 3672 3647
3 3656 3660 3653
3 3660 3667 3648
3 3661 3662 3649
3 3649 3662 3654
3 3662 3668 3654
3 3654 3668 3657
3 3659 3663 3655
3 3436 2589 3391
3 3375 3425 168
3 3460 3375 168
3 348 349 65
3 1349 2719 828
3 1784 3064 3403
3 3483 3527 3455
3 2157 2390 1424
3 3640 2940 3672
3 3672 3665 3647
3 3678 3656 3673
3 3648 3667 3661
3 3662 3680 3668
3 3657 3668 3658
3 3669 3670 3658
3 3670 3663 3659
3 3658 3670 3659
3 3663 3675 3655
3 3655 3675 3664
3 2151 2734 2690
3 2445 2198 1158
3 3407 3439 338
3 1128 2744 2745
3 3445 3396 3546
3 3439 3375 3460
3 3587 2007 3586
3 2991 3666 2973
3 1439 2783 3121
3 2730 2626 496
3 3656 3678 3660
3 3679 3661 3667
3 3661 3679 3662
3 3668 3669 3658
3 3670 3681 3663
3 3664 3682 244
3 244 3682 2202
3 1751 1741 3407
3 3264 2543 2005
3 2674 3437 3470
3 525 809 726
3 3101 768 3365
3 3399 2552 2775
3 3391 2589 3403
3 3449 1741 1751
3 2641 2926 2122
3 2549 2227 435
3 375 1176 572
3 2940 2953 3672
3 3678 3674 3660
3 3660 3674 3667
3 3679 3680 3662
3 3680 3687 3668
3 3681 3675 3663
3 3664 3675 3682
3 3498 3415 3385
3 1494 745 713
3 3490 3457 3408
3 1567 1243 882
3 3480 3377 2664
3 1416 3515 3395
3 2633 3438 3432
3 2085 3422 671
3 848 390 1017
3 1851 1850 3465
3 3692 2549 435
3 3691 3692 435
3 3678 3685 3674
3 3679 3667 3674
3 3668 3687 3669
3 3669 3687 3670
3 3670 3687 3681
3 3696 3688 3675
3 3675 3688 3682
3 330 2202 3682
3 1342 3576 3381
3 3296 749 3264
3 3011 2040 3439
3 2601 1342 3381
3 405 1411 1187
3 3033 2722 3684
3 3691 435 427
3 2458 2663 2081
3 2953 3693 3672
3 3672 3693 3665
3 3665 3693 3673
3 3674 3685 3679
3 3679 3686 3680
3 3686 3699 3680
3 3699 3714 3680
3 3700 3687 3680
3 3714 3700 3680
3 3687 3694 3681
3 3681 3695 3675
3 3701 330 3682
3 3126 2737 3311
3 1857 649 3455
3 3385 3415 3329
3 649 3483 3455
3 1907 340 1868
3 3384 2638 2661
3 190 2582 150
3 2133 2141 2961
3 16 15 200
3 3692 3035 2549
3 2801 198 1080
3 1942 1179 2583
3 3693 3697 3673
3 3697 3698 3678
3 3673 3697 3678
3 3698 3685 3678
3 3685 3686 3679
3 3700 3694 3687
3 3694 3695 3681
3 3688 3701 3682
3 3435 1342 2601
3 665 1122 666
3 1854 3296 3676
3 2060 1206 2921
3 752 2041 310
3 3777 2456 3689
3 3369 16 200
3 3703 3692 3691
3 2953 1241 3693
3 3704 3685 3698
3 3699 3686 3685
3 3704 3699 3685
3 3700 3715 3694
3 3710 3695 3694
3 3715 3710 3694
3 3696 3675 3695
3 3701 3705 330
3 3426 3431 649
3 1218 101 2969
3 3470 2597 2674
3 3478 3472 3488
3 2952 3035 3339
3 3558 150 2582
3 3708 3691 427
3 3734 3703 3691
3 3708 3734 3691
3 1880 2408 3035
3 2922 2799 1692
3 3721 3709 3697
3 3693 3721 3697
3 3717 3704 3698
3 3711 3688 3696
3 3711 3701 3688
3 2114 3258 3212
3 3457 3392 3286
3 3308 3121 2783
3 2806 2796 1607
3 3103 3473 2704
3 3483 3458 3527
3 3707 3716 2773
3 2773 2075 3707
3 3692 3339 3035
3 804 1802 786
3 3697 3709 3698
3 3704 3713 3699
3 3701 3725 3705
3 690 698 3440
3 2813 3216 249
3 3472 3372 3488
3 2644 3443 3526
3 3377 2116 3418
3 947 2243 2780
3 2064 2047 2607
3 3626 1969 2092
3 1657 3692 3703
3 3692 1657 3339
3 2068 2880 2753
3 3709 3717 3698
3 3713 3714 3699
3 3714 3723 3700
3 3715 3700 3723
3 3710 3718 3695
3 3695 3718 3696
3 3718 3711 3696
3 3724 3725 3701
3 3711 3724 3701
3 3705 3725 3706
3 2787 857 3282
3 2685 829 3420
3 3406 3283 3404
3 1118 331 1439
3 3763 2111 3757
3 421 1889 130
3 3720 3708 2450
3 3720 3734 3708
3 3124 2561 3394
3 3060 3721 3693
3 3721 3735 3709
3 3722 3704 3717
3 3732 3713 3704
3 3732 3714 3713
3 3723 3710 3715
3 3723 3718 3710
3 3718 3724 3711
3 3726 3706 3725
3 1692 329 2922
3 2644 3376 3443
3 3443 3376 1729
3 671 3358 3356
3 3392 1905 3286
3 3462 3478 3457
3 3152 2618 3150
3 2675 2120 947
3 3728 3720 2450
3 3734 1657 3703
3 2175 2914 2176
3 2730 454 372
3 1784 1965 1751
3 3060 3024 3721
3 3729 3709 3735
3 3709 3729 3717
3 3731 3704 3722
3 3732 3733 3714
3 3737 3724 3718
3 3726 1976 3706
3 1962 3537 2124
3 1965 1784 1729
3 3716 2675 947
3 2 3885 3
3 2715 3728 2450
3 947 2773 3716
3 2731 2705 3060
3 2705 3024 3060
3 3729 3730 3717
3 3730 3722 3717
3 3732 3704 3731
3 3736 3733 3732
3 3733 3723 3714
3 2939 1925 2923
3 168 3384 2661
3 1839 1910 879
3 3462 3457 3490
3 3392 3498 1905
3 2643 1080 321
3 2116 2782 3472
3 3677 3795 3689
3 2998 923 3346
3 2882 3732 3731
3 2883 3736 3732
3 3745 3723 3733
3 3736 3745 3733
3 3745 3746 3723
3 3737 3718 3723
3 3746 3737 3723
3 3724 2570 3725
3 3725 2570 3726
3 3726 3747 1976
3 1933 1807 1431
3 1195 1589 1774
3 3498 3385 1905
3 3634 3633 3652
3 2449 2157 2798
3 2780 2773 947
3 3741 3720 3728
3 3741 3734 3720
3 3888 588 3880
3 3735 3742 3729
3 3742 3743 3729
3 3729 3743 3730
3 3743 3744 3730
3 3744 3722 3730
3 3744 3731 3722
3 2570 3724 3737
3 3740 2570 3737
3 2570 3747 3726
3 1913 3501 3492
3 685 2220 3785
3 115 116 3738
3 1774 1815 1195
3 249 3280 2865
3 2664 3462 3482
3 2530 2748 3025
3 3182 2686 2553
3 1211 1210 2680
3 2153 1377 3768
3 378 3728 2715
3 378 3741 3728
3 1657 3734 3741
3 406 1657 3741
3 2551 3314 1657
3 2799 3731 3744
3 3030 711 2530
3 2882 3731 2799
3 1761 2155 1762
3 340 1907 3456
3 1325 2372 936
3 3737 3746 3740
3 3747 2860 1976
3 2638 3384 2714
3 3738 1987 115
3 3431 3435 2337
3 3451 3389 2133
3 321 1963 2643
3 1657 406 2551
3 150 3516 2666
3 2547 3366 2320
3 3721 2787 3735
3 2787 3742 3735
3 116 1906 2013
3 3276 2919 2912
3 2570 2858 3747
3 2707 3444 1344
3 2950 2571 1783
3 2714 3507 2633
3 213 115 1987
3 3805 3748 3266
3 3749 3773 3748
3 1377 1378 3767
3 3846 3827 3756
3 3785 3289 3164
3 57 3754 51
3 3793 3762 2851
3 3802 1847 1846
3 3759 2153 3760
3 3759 3802 2153
3 3849 3858 3878
3 3783 3789 3781
3 3683 27 3866
3 633 3878 2338
3 3762 2901 607
3 3801 3778 3761
3 2220 3907 3785
3 3907 3289 3785
3 955 1742 1744
3 821 955 1744
3 3792 3752 1394
3 1378 3860 3767
3 3857 3772 3712
3 955 3765 1742
3 3765 3769 1742
3 3752 3792 3770
3 6 3760 7
3 3774 3754 57
3 3266 3775 3776
3 424 897 1035
3 3777 43 45
3 3754 3788 52
3 52 3780 50
3 3805 3806 3748
3 3780 3266 50
3 2191 3782 3786
3 1049 1786 521
3 1211 3985 4000
3 3306 3750 3749
3 3306 3751 3750
3 818 1062 819
3 53 3774 57
3 1744 3786 1748
3 695 1963 145
3 1742 3786 1744
3 1208 2663 2577
3 1948 2008 1163
3 1805 2160 2901
3 3769 3774 53
3 362 2480 1276
3 1839 1635 1910
3 215 349 348
3 3787 3143 2480
3 362 3787 2480
3 3787 1662 1967
3 3882 1981 1982
3 2980 2430 2596
3 3765 3803 3769
3 3803 3774 3769
3 3803 3788 3754
3 3774 3803 3754
3 1674 3787 362
3 3787 386 1662
3 2238 3907 2220
3 3804 52 3788
3 44 3862 2456
3 386 3787 1674
3 3143 3787 1967
3 3807 3749 3748
3 3806 3807 3748
3 1946 3849 3870
3 3807 3306 3749
3 3961 1945 1816
3 4 3760 6
3 1805 3798 3764
3 1903 8 7
3 25 3776 3775
3 1218 2717 126
3 1816 3795 3677
3 42 3777 3689
3 42 43 3777
3 3830 3793 56
3 3773 1 3775
3 1746 1811 3936
3 3776 3815 3796
3 3266 3796 50
3 2106 2046 14
3 3847 2855 3825
3 1982 3847 3825
3 5 21 3797
3 22 3797 3764
3 3762 3793 3794
3 1377 1846 1378
3 3266 3776 3796
3 3782 53 54
3 2338 3878 3757
3 236 71 146
3 1951 1946 2112
3 1951 3837 1946
3 3786 3782 3819
3 3786 3819 1748
3 586 3690 3827
3 44 46 3862
3 24 23 3832
3 2919 2702 2430
3 2201 1471 3868
3 1210 2406 2680
3 1195 1253 1196
3 607 2160 2457
3 3813 3803 3765
3 3803 3804 3788
3 3804 3780 52
3 3804 3805 3780
3 1163 1025 2069
3 822 587 544
3 3485 2742 2173
3 2233 1201 2672
3 56 3793 3862
3 3770 3751 3752
3 3749 3750 3821
3 3750 3751 3821
3 2785 2742 3485
3 3866 12 3683
3 3769 53 2191
3 3769 2191 1742
3 3832 3798 1805
3 3777 45 2456
3 3793 2851 3862
3 3289 3626 1930
3 1811 1097 838
3 2213 1811 838
3 3817 2264 2742
3 2264 2713 2742
3 1051 3812 607
3 1934 3759 3809
3 3814 2200 3840
3 3869 3765 955
3 3869 3813 3765
3 3858 3839 3851
3 3792 1394 3816
3 2209 3907 2238
3 2785 2746 2742
3 428 1970 2637
3 1483 1482 1469
3 13 1914 2106
3 1914 2458 2106
3 776 17 16
3 3818 3806 3805
3 3776 25 3833
3 3818 3807 3806
3 3841 3306 3807
3 3936 2213 3626
3 3773 3821 1
3 3689 2456 3790
3 3802 1846 1377
3 459 1808 3859
3 2742 2746 2924
3 3759 1934 3048
3 3826 3289 3907
3 1194 2546 1605
3 3817 3831 1818
3 1736 2001 2167
3 2519 428 3979
3 3800 2834 1908
3 3827 3951 3756
3 3936 1811 2213
3 1699 3791 1025
3 1699 1025 1163
3 2855 3719 1902
3 3847 1982 1981
3 2742 2924 3838
3 2742 3838 3817
3 3817 3838 3831
3 3033 3922 3702
3 882 1614 1594
3 3833 25 0
3 3954 3776 3833
3 3883 3804 3834
3 3801 3836 3778
3 3815 3776 3954
3 3831 3842 1818
3 3842 3843 3800
3 1818 3842 3800
3 3840 3856 3761
3 3883 3805 3804
3 3883 3818 3805
3 3782 54 1945
3 3770 3792 3821
3 3756 2901 3846
3 3836 3840 3778
3 3808 3835 3855
3 4030 3837 2091
3 3756 1805 2901
3 3759 3048 3802
3 3819 3782 1945
3 3818 3841 3807
3 776 16 3369
3 3838 3799 3831
3 3843 3844 3800
3 2567 2519 3979
3 3797 3810 2584
3 23 22 3798
3 3832 23 3798
3 3845 3306 3841
3 1790 2235 114
3 3306 3845 1753
3 3827 3846 3794
3 3808 3850 3851
3 3839 3808 3851
3 3808 3855 3850
3 2108 3799 3838
3 3799 3861 3842
3 3831 3799 3842
3 3861 3852 3842
3 3842 3852 3843
3 3843 3853 3844
3 1000 1502 758
3 2153 3802 1377
3 22 5 3797
3 2092 1969 2684
3 9 3755 18
3 3882 3808 3839
3 3864 633 3870
3 3928 2736 3906
3 152 1818 1908
3 3878 3858 3851
3 3864 3849 3878
3 3878 3851 3757
3 0 24 3832
3 3852 3853 3843
3 3853 1471 3844
3 3759 3760 4
3 1377 3767 3768
3 971 970 993
3 3056 805 753
3 3825 2855 1902
3 1945 3753 1816
3 3856 3857 2495
3 3856 2616 3857
3 3789 19 10
3 3799 3867 3861
3 3868 1471 3853
3 3768 3767 3758
3 3772 2230 264
3 2407 1808 459
3 2200 3915 2616
3 3826 3626 3289
3 1676 336 3917
3 3182 3154 3295
3 1954 185 2420
3 2233 2108 1152
3 2495 3857 3712
3 3849 3864 3870
3 3764 3797 2584
3 2081 2106 2458
3 1903 3768 8
3 1946 3870 2113
3 1091 955 1836
3 2407 1378 967
3 278 3206 1202
3 3856 2200 2616
3 3870 633 2047
3 3915 2593 2616
3 1022 1032 178
3 48 3811 47
3 1994 3865 3766
3 3824 3231 2230
3 2501 2406 1210
3 2108 2233 3799
3 3852 3873 3853
3 3873 3868 3853
3 1914 3766 1754
3 3761 2495 3874
3 1091 3869 955
3 1378 2407 3860
3 2662 2630 2629
3 3779 3369 348
3 879 2330 1839
3 3824 2230 3772
3 3758 3755 9
3 2880 1285 4049
3 3799 3879 3867
3 3879 3872 3867
3 3872 3861 3867
3 3875 3852 3861
3 3875 3873 3852
3 3868 3876 3871
3 3289 336 1676
3 3801 3761 3874
3 3963 3803 3813
3 3869 3963 3813
3 3963 3917 3803
3 1456 1438 433
3 3727 673 587
3 2753 2297 3029
3 1769 3886 2002
3 2092 2684 2024
3 2092 4015 1930
3 3860 2407 3755
3 2407 459 3755
3 2076 3799 2233
3 3799 2076 3879
3 3875 3861 3872
3 3873 3876 3868
3 3876 3880 3871
3 3880 2654 3871
3 1908 2834 152
3 1982 569 3808
3 3834 3804 3803
3 3917 3834 3803
3 376 2003 3187
3 3800 1908 1818
3 18 3079 11
3 2002 3886 1202
3 3886 3848 278
3 1202 3886 278
3 1456 1450 1438
3 3794 3846 2901
3 2330 2080 1839
3 3244 2001 2012
3 753 805 806
3 3231 3683 3779
3 278 3848 3881
3 3079 1914 11
3 2631 586 3811
3 1897 1960 2158
3 1210 3823 2501
3 1091 1398 3869
3 3881 3887 839
3 1022 178 999
3 3231 3779 3784
3 1486 412 1476
3 2591 588 3888
3 3877 2724 2216
3 3879 3875 3872
3 3897 3873 3875
3 3897 3884 3873
3 3873 3884 3876
3 3876 3884 3880
3 3880 588 2654
3 596 1448 809
3 3187 3889 376
3 86 89 879
3 461 1553 409
3 3308 2783 2426
3 2080 3887 1839
3 10 27 3822
3 10 3822 3781
3 2672 2076 2233
3 3891 3875 3879
3 3892 3884 3897
3 3884 3888 3880
3 3304 3333 3353
3 18 1994 3079
3 3187 2139 3889
3 3683 776 3779
3 12 17 776
3 3883 2082 3818
3 2082 3841 3818
3 672 3085 635
3 3881 3894 3887
3 3877 3895 2724
3 3764 2584 3915
3 3231 3784 2230
3 3496 935 1437
3 3755 1994 18
3 1108 3955 581
3 3879 2076 3891
3 3891 3897 3875
3 3755 459 1994
3 2957 3829 3820
3 1 3821 3885
3 3889 1769 376
3 3900 3881 3848
3 3886 3900 3848
3 3895 3877 1839
3 3895 2729 2724
3 95 1635 1839
3 2165 617 3463
3 3850 3763 3851
3 2625 3865 2588
3 1805 3764 2457
3 2160 1805 2457
3 2281 3896 2076
3 2076 3896 3891
3 3898 3888 3884
3 3892 3898 3884
3 3893 3905 3886
3 3886 3905 3900
3 3900 3894 3881
3 3894 3901 3887
3 3887 3901 1839
3 3901 3895 1839
3 3902 3897 3891
3 3904 2591 3888
3 3898 3904 3888
3 3951 3833 0
3 3812 3762 607
3 2588 3865 2517
3 3889 3899 1769
3 1769 3899 3886
3 3886 3899 3893
3 3388 3304 3353
3 3850 3863 3763
3 3791 4030 1025
3 2584 3810 3783
3 1051 607 2457
3 616 3791 1699
3 3954 3833 3951
3 3967 3677 3791
3 3896 2732 3891
3 2732 3902 3891
3 3903 3892 3897
3 3903 3898 3892
3 728 110 468
3 1482 1483 1521
3 3771 3812 1051
3 3690 3815 3954
3 3889 3911 3899
3 3900 3927 3894
3 3914 3895 3901
3 3914 3906 3895
3 3906 2729 3895
3 2495 1920 3863
3 3820 3828 3771
3 3751 3770 3821
3 3815 3690 3796
3 264 2068 917
3 1896 3904 320
3 3908 3897 3902
3 3908 3903 3897
3 3903 3909 3898
3 50 2631 49
3 1857 3918 2139
3 2139 3911 3889
3 3911 3924 3899
3 3924 3912 3899
3 3899 3912 3893
3 3893 3912 3905
3 3905 3913 3900
3 3927 3919 3894
3 3894 3919 3901
3 3919 3920 3901
3 1818 152 3817
3 297 944 563
3 27 12 3866
3 3828 3812 3771
3 3753 3689 3795
3 3420 829 2659
3 3909 3910 3904
3 3898 3909 3904
3 3829 3828 3820
3 50 3796 2631
3 2209 3826 3907
3 190 2659 2582
3 3802 3048 1847
3 617 3918 1857
3 3975 2738 3145
3 2139 3918 3911
3 3913 3927 3900
3 3920 3914 3901
3 3928 3906 3914
3 3172 2590 2097
3 586 3793 3830
3 1816 3753 3795
3 3753 42 3689
3 1748 3819 3961
3 3819 1945 3961
3 1817 3902 2732
3 1817 3908 3902
3 1817 3921 3908
3 3916 3903 3908
3 3921 3916 3908
3 3916 3909 3903
3 1748 3961 992
3 3702 3922 190
3 3918 3929 3911
3 3912 3925 3905
3 3925 3926 3913
3 3905 3925 3913
3 3927 3934 3919
3 3928 3914 3920
3 3825 1902 569
3 1982 3825 569
3 47 3830 56
3 3945 3834 3917
3 3048 686 1872
3 3909 433 3910
3 3874 2495 3863
3 1431 1807 391
3 3922 3923 190
3 190 3923 2659
3 3950 3883 3834
3 3945 3950 3834
3 617 3929 3918
3 3913 3926 3927
3 3919 3930 3920
3 3079 1994 3766
3 2112 1946 2113
3 2685 1859 829
3 1469 1817 2174
3 1454 1469 2174
3 1817 1469 3921
3 3916 433 3909
3 3719 3829 2957
3 351 3961 1268
3 3923 3420 2659
3 3929 3931 3911
3 3911 3931 3924
3 3932 3925 3912
3 3924 3932 3912
3 3930 3940 3920
3 3941 3928 3920
3 3940 3941 3920
3 1168 2082 3883
3 1456 3921 1469
3 1456 3916 3921
3 1456 433 3916
3 2097 2165 2726
3 586 3794 3793
3 586 3827 3794
3 2596 125 1433
3 3684 3922 3033
3 1244 572 219
3 464 147 901
3 1322 3841 2082
3 617 2165 3929
3 3932 3937 3925
3 3937 3938 3925
3 3925 3938 3926
3 3926 3939 3927
3 3919 3934 3930
3 3857 2616 3772
3 2091 1951 2112
3 1902 3719 2957
3 2657 829 1859
3 1483 1469 1454
3 2721 3684 2722
3 3935 3922 3684
3 3935 3923 3922
3 3935 3946 3923
3 3946 3420 3923
3 2165 2590 3929
3 2590 3931 3929
3 3947 3944 3931
3 3931 3944 3924
3 3944 3953 3924
3 3924 3953 3932
3 3927 3939 3934
3 3930 3948 3940
3 3941 3942 3928
3 3854 3822 3231
3 3837 2190 3858
3 2209 3936 3826
3 3829 2456 3828
3 264 2230 2068
3 837 680 956
3 2200 3764 3915
3 3671 3666 2991
3 3508 3671 2991
3 2721 3943 3684
3 839 3887 2080
3 2590 3947 3931
3 3953 3937 3932
3 3926 3938 3939
3 3934 3939 3930
3 3939 3948 3930
3 1394 1359 512
3 3847 1981 2190
3 3756 3832 1805
3 1994 904 3865
3 633 3864 3878
3 3784 65 2230
3 3779 776 3369
3 3935 3684 3943
3 3946 3952 2685
3 3420 3946 2685
3 1471 2201 2692
3 3952 2682 2685
3 2630 3716 3890
3 2165 2097 2590
3 3958 3939 3938
3 3941 3949 3942
3 2625 1754 3766
3 3362 636 3285
3 3858 2190 3882
3 3809 3759 4
3 3 3809 26
3 2157 2473 2390
3 3587 3943 2721
3 4015 3950 3945
3 3947 2590 580
3 3947 3955 3944
3 3956 3957 3938
3 3937 3956 3938
3 3948 3941 3940
3 3263 3417 3264
3 1898 1900 2580
3 3778 3840 3761
3 3837 1951 2091
3 1 3885 2
3 3950 1863 3883
3 3524 3959 3586
3 3959 3587 3586
3 3587 3960 3943
3 3943 3960 3935
3 1863 1168 3883
3 3784 3779 348
3 3868 3871 2201
3 3955 3953 3944
3 3964 3937 3953
3 3937 3964 3956
3 3957 3958 3938
3 3948 3966 3941
3 3941 3966 3949
3 3942 3949 822
3 3949 3727 822
3 2682 2738 2697
3 3762 3794 2901
3 3954 3827 3690
3 3809 4 26
3 3782 2191 53
3 3749 3821 3773
3 3959 3960 3587
3 3114 3946 3935
3 3145 2682 3952
3 3939 3958 3948
3 2553 2425 2429
3 3289 1930 336
3 2153 3768 3760
3 3863 1920 3763
3 2973 3959 3524
3 3114 3952 3946
3 3114 3145 3952
3 3947 581 3955
3 3955 3962 3953
3 3962 3964 3953
3 3965 3948 3958
3 569 3835 3808
3 3796 586 2631
3 1484 3936 2209
3 1484 1746 3936
3 3422 3033 3702
3 2213 1969 3626
3 3666 3959 2973
3 3960 3114 3935
3 376 1769 2002
3 3955 1108 3962
3 1599 3957 3956
3 3971 3958 3957
3 3966 3948 3965
3 3796 3690 586
3 3928 3942 2646
3 1920 264 917
3 3969 3959 3666
3 3969 3973 3959
3 3959 3978 3960
3 3978 3970 3960
3 3960 3974 3114
3 3964 3933 3956
3 3971 3957 1599
3 3966 3972 3949
3 3949 3968 3727
3 14 13 2106
3 3784 348 65
3 3671 3969 3666
3 1599 3956 3933
3 3949 3972 3968
3 3822 27 3683
3 808 1000 758
3 3835 1902 3801
3 0 3832 3756
3 4015 2092 3950
3 3043 3095 3051
3 3978 3959 3973
3 3970 3974 3960
3 3030 672 711
3 2473 2157 2449
3 3971 3979 3958
3 3979 3965 3958
3 3986 3966 3965
3 1902 2957 3836
3 3801 1902 3836
3 2957 3820 3836
3 3837 3849 1946
3 2458 1914 1754
3 2953 2940 2064
3 3991 3970 3978
3 3975 3707 2075
3 2662 3716 2630
3 270 2605 233
3 237 236 146
3 2567 3971 1599
3 3979 3986 3965
3 3980 3966 3986
3 3966 3980 3972
3 3972 3988 3968
3 3988 3727 3968
3 1025 4030 2069
3 3677 2855 4030
3 3835 3801 3874
3 2175 3976 2919
3 2919 3976 2702
3 3976 3977 2596
3 2702 3976 2596
3 2596 3977 125
3 3981 3671 125
3 3982 3973 3969
3 3983 3975 3114
3 3975 3983 3707
3 3983 3890 3716
3 3707 3983 3716
3 484 506 798
3 484 384 506
3 2630 3985 2629
3 3780 3805 3266
3 2567 3979 3971
3 3972 3987 3988
3 2495 3712 1920
3 2175 3989 3976
3 3977 3981 125
3 3982 3969 3671
3 3981 3982 3671
3 3990 3978 3973
3 3982 3990 3973
3 3992 3970 3991
3 3983 3114 3974
3 3993 3984 2630
3 2630 3984 3985
3 521 1276 2480
3 3972 3980 3987
3 3836 3820 3840
3 3828 2851 3812
3 3989 2175 2176
3 2186 3989 2176
3 3989 3996 3976
3 3990 4008 3978
3 3992 3974 3970
3 3992 3983 3974
3 3993 2630 3890
3 3984 3994 3985
3 3994 4000 3985
3 1984 1104 1985
3 2174 477 1454
3 2190 4030 3847
3 2738 3975 2075
3 2616 3824 3772
3 2457 3814 3840
3 3820 3771 3840
3 3981 3977 3976
3 3997 3978 4008
3 3997 3991 3978
3 3999 3890 3983
3 3999 3993 3890
3 3993 3994 3984
3 51 3754 52
3 45 44 2456
3 3987 4004 3988
3 4004 691 3988
3 1051 2457 3840
3 3748 3773 3775
3 3997 3995 3991
3 29 3992 3991
3 3995 29 3991
3 29 3998 3992
3 4010 3999 3983
3 1211 4000 1210
3 3727 587 822
3 3266 3748 3775
3 428 3986 3979
3 3986 4003 3980
3 3980 4003 3987
3 1746 1484 1698
3 3783 3854 2593
3 3771 1051 3840
3 1742 2191 3786
3 2729 3906 2736
3 4002 2186 2756
3 4002 3989 2186
3 59 3981 3976
3 3996 59 3976
3 4006 3982 3981
3 4007 3990 3982
3 30 29 3995
3 31 3998 29
3 4010 3992 3998
3 4010 3983 3992
3 4000 4001 1210
3 4001 3823 1210
3 4003 4004 3987
3 3835 3874 3855
3 4017 4002 2756
3 3343 4017 2756
3 4002 3996 3989
3 59 4006 3981
3 4013 4008 3990
3 30 3995 3997
3 4008 30 3997
3 31 4009 3998
3 4009 4010 3998
3 428 2637 3986
3 3986 2637 4003
3 4011 3996 4002
3 4011 4005 3996
3 4005 59 3996
3 4006 4007 3982
3 4007 4013 3990
3 41 30 4008
3 41 28 30
3 32 4009 31
3 4028 3994 3993
3 3994 4020 4000
3 4020 4001 4000
3 2455 1750 2448
3 1676 3917 3963
3 2637 4016 4003
3 4016 3056 4004
3 4003 4016 4004
3 2457 3764 3814
3 336 3945 3917
3 4017 4018 4002
3 4018 4011 4002
3 4012 4005 4011
3 4014 4008 4013
3 4014 41 4008
3 32 4026 4010
3 4009 32 4010
3 4026 3999 4010
3 4026 4027 3999
3 4027 3993 3999
3 4027 4028 3993
3 4028 4020 3994
3 4001 4020 3823
3 46 56 3862
3 1206 2060 1477
3 336 1930 3945
3 1930 4015 3945
3 3811 586 3830
3 2531 3823 1898
3 4016 4021 3056
3 1967 663 3143
3 2616 2593 3824
3 4023 4017 3343
3 4019 4011 4018
3 4019 4012 4011
3 4005 60 59
3 70 4006 59
3 70 4007 4006
3 4029 3823 4020
3 4029 1898 3823
3 1600 2567 1599
3 2092 1863 3950
3 2139 3187 3130
3 3792 3816 3809
3 3858 3882 3839
3 3821 3792 3809
3 1430 603 1122
3 2277 4023 3343
3 4024 4019 4018
3 4031 4025 4019
3 4025 4012 4019
3 4025 4022 4012
3 4022 4005 4012
3 4022 60 4005
3 33 4026 32
3 1899 1898 4029
3 3844 1471 2743
3 3719 3790 3829
3 3885 3821 3809
3 433 320 3910
3 2508 2545 4016
3 2545 4021 4016
3 4021 805 3056
3 3816 1934 3809
3 3760 1903 7
3 3951 0 3756
3 685 725 1398
3 4030 2190 3837
3 4023 4018 4017
3 61 60 4022
3 69 4007 70
3 69 4013 4007
3 4032 4014 4013
3 4014 4032 41
3 4032 40 41
3 4035 4020 4028
3 3811 3830 47
3 1268 3791 616
3 437 956 680
3 4037 4024 4018
3 4024 4031 4019
3 4033 61 4022
3 4038 4013 69
3 4038 4032 4013
3 4039 4027 4026
3 4035 4029 4020
3 1268 3967 3791
3 2545 853 4021
3 2593 3231 3824
3 1934 3816 3048
3 21 3789 3783
3 3967 1816 3677
3 3677 3689 3790
3 2281 2076 2672
3 4036 4018 4023
3 4037 4034 4031
3 4024 4037 4031
3 4033 4025 4031
3 4033 4022 4025
3 4039 4028 4027
3 3954 3951 3827
3 1398 3963 3869
3 3164 3289 1676
3 21 3783 3810
3 725 1676 3963
3 4037 4018 4036
3 62 61 4033
3 39 40 4032
3 4038 39 4032
3 4043 4035 4028
3 1243 1899 4029
3 3712 264 1920
3 725 3164 1676
3 3845 3841 1506
3 2593 3854 3231
3 3761 3856 2495
3 20 19 3789
3 3767 3860 3758
3 4030 2855 3847
3 4037 4045 4034
3 4045 4040 4034
3 4041 4031 4034
3 4040 4041 4034
3 4041 4033 4031
3 4046 4026 33
3 4039 4043 4028
3 1243 4029 4035
3 992 3961 351
3 3814 3764 2200
3 2069 4030 2091
3 3961 1816 3967
3 2092 2024 1863
3 4044 4023 2277
3 4044 4036 4023
3 4047 39 4038
3 4048 4046 33
3 4026 4042 4039
3 1628 4035 4043
3 1628 1243 4035
3 3790 2456 3829
3 8 3768 3758
3 49 2631 48
3 2855 3790 3719
3 4045 4037 4036
3 2297 4033 4041
3 2297 4049 4033
3 4042 4026 4046
3 4042 4043 4039
3 882 1243 1628
3 2713 2173 2742
3 3797 21 3810
3 3739 4041 4040
3 3029 2297 4041
3 63 62 4033
3 4049 63 4033
3 4047 4038 68
3 4050 4046 4048
3 3826 3936 3626
3 3789 10 3781
3 1202 3206 2002
3 3822 3683 3231
3 3029 4041 3739
3 3346 1628 4043
3 146 71 2785
3 1614 882 1628
3 2584 3783 2593
3 2584 2593 3915
3 3758 3860 3755
3 2456 3862 3828
3 2047 4036 4044
3 4045 2338 4040
3 1285 63 4049
3 68 1605 4047
3 1605 39 4047
3 1605 37 39
3 4050 4048 34
3 35 4050 34
3 2999 4046 4050
3 4046 339 4042
3 3346 4043 4042
3 339 3346 4042
3 3851 3763 3757
3 2851 3762 3812
3 3079 3766 1914
3 3712 3772 264
3 3855 3863 3850
3 3855 3874 3863
3 3828 3862 2851
3 3791 3677 4030
3 2067 4044 2277
3 1023 4036 2047
3 1023 2338 4045
3 4036 1023 4045
3 2338 567 4040
3 567 3739 4040
3 1194 1605 68
3 1605 2546 37
3 2546 38 37
3 3985 2680 2629
3 2629 2680 2610
3 3933 3964 4051
3 3964 3962 4051
3 3962 1108 4051
3 1108 102 4051
3 102 2423 4051
3 2423 2023 4051
3 2023 1600 4051
3 1600 3933 4051
